/********** capacivite multi-touch device firmware, Diodes ****************************
*
*20151027 
*   FW version: V27 (1.1.0.27)
*   FW original file name: AP3861(1.1.0.27)_LF_5i_EP-App_CS829c.hec
*
*20140605 
*   FW version: V26 (1.1.0.26)
*   FW original file name: AP3861(1.1.0.26)_LF_5i_EP-App_CS5a7f.tfd
*
*******************************************************************/
static unsigned char tu_firmware[] = {
0x0, 0x0, 0x0, 0x0, 0x0, 0x0, 0x0, 0x0, 0x0, 0x0, 0x1, 0x1, 0x0, 0x1b, 0x9c, 0x82, 
0xea, 0x10, 0x0, 0x0, 0x0, 0x2, 0x69, 0x4e, 0x12, 0x55, 0xd1, 0x12, 0x66, 
0xea, 0x10, 0x0, 0x8, 0x0, 0x44, 0x80, 0xfb, 0x2, 0x73, 0x6c, 0xe4, 0x90, 
0xea, 0x10, 0x0, 0x10, 0x0, 0x8, 0xac, 0xf0, 0x90, 0x8, 0x39, 0x4, 0xf0, 
0xea, 0x10, 0x0, 0x18, 0x0, 0x90, 0x8, 0xa7, 0xe4, 0xf0, 0xa3, 0x74, 0x2, 
0xea, 0x10, 0x0, 0x20, 0x0, 0xf0, 0xef, 0x60, 0x5, 0x7f, 0x1, 0x12, 0x73, 
0xea, 0x10, 0x0, 0x28, 0x0, 0x44, 0x22, 0x22, 0x2, 0x2a, 0xc5, 0x90, 0x8, 
0xea, 0x10, 0x0, 0x30, 0x0, 0xd8, 0xed, 0xf0, 0x90, 0x8, 0xd7, 0xef, 0xf0, 
0xea, 0x10, 0x0, 0x38, 0x0, 0x90, 0x8, 0x61, 0xf0, 0x90, 0x8, 0xcc, 0xe0, 
0xea, 0x10, 0x0, 0x40, 0x0, 0x4, 0xf0, 0x70, 0x6, 0x90, 0x8, 0xcb, 0xe0, 
0xea, 0x10, 0x0, 0x48, 0x0, 0x4, 0xf0, 0x90, 0x8, 0xe3, 0x74, 0x1, 0xf0, 
0xea, 0x10, 0x0, 0x50, 0x0, 0xa3, 0x74, 0x8, 0xf0, 0xa3, 0x74, 0xe6, 0xf0, 
0xea, 0x10, 0x0, 0x58, 0x0, 0x90, 0x8, 0xe8, 0x74, 0x1, 0xf0, 0xa3, 0x74, 
0xea, 0x10, 0x0, 0x60, 0x0, 0x8, 0xf0, 0xa3, 0x74, 0xeb, 0xf0, 0x90, 0x8, 
0xea, 0x10, 0x0, 0x68, 0x0, 0xa7, 0xe0, 0x70, 0x4, 0xa3, 0xe0, 0x64, 0x5, 
0xea, 0x10, 0x0, 0x70, 0x0, 0x60, 0x3, 0x2, 0x1, 0xec, 0x90, 0x8, 0xd7, 
0xea, 0x10, 0x0, 0x78, 0x0, 0xe0, 0xff, 0x90, 0x8, 0x5e, 0xe0, 0xfe, 0x4, 
0xea, 0x10, 0x0, 0x80, 0x0, 0xf0, 0x74, 0x67, 0x2e, 0xf5, 0x82, 0xe4, 0x34, 
0xea, 0x10, 0x0, 0x88, 0x0, 0x8, 0xf5, 0x83, 0xef, 0xf0, 0x90, 0x8, 0x36, 
0xea, 0x10, 0x0, 0x90, 0x0, 0xe0, 0x24, 0x4, 0xff, 0xe4, 0x33, 0xfe, 0x90, 
0xea, 0x10, 0x0, 0x98, 0x0, 0x8, 0x5e, 0xe0, 0x6f, 0x70, 0x1, 0xee, 0x60, 
0xea, 0x10, 0x0, 0xa0, 0x0, 0x3, 0x2, 0x9, 0x49, 0x7b, 0x1, 0x90, 0x8, 
0xea, 0x10, 0x0, 0xa8, 0x0, 0xe3, 0x4, 0xf0, 0xa3, 0x74, 0x8, 0xf0, 0xa3, 
0xea, 0x10, 0x0, 0xb0, 0x0, 0x74, 0x23, 0xf0, 0x90, 0x8, 0x23, 0xe0, 0xfe, 
0xea, 0x10, 0x0, 0xb8, 0x0, 0xa3, 0xe0, 0x8e, 0xf0, 0x12, 0x1d, 0x22, 0x1, 
0xea, 0x10, 0x0, 0xc0, 0x0, 0x3b, 0xe, 0x21, 0x0, 0xcf, 0xe, 0x22, 0x1, 
0xea, 0x10, 0x0, 0xc8, 0x0, 0xbb, 0xf, 0x6, 0x0, 0x0, 0x1, 0xe7, 0x12, 
0xea, 0x10, 0x0, 0xd0, 0x0, 0x73, 0x5, 0x90, 0x8, 0xe3, 0xe0, 0xfb, 0xa3, 
0xea, 0x10, 0x0, 0xd8, 0x0, 0xe0, 0xfa, 0xa3, 0xe0, 0xf9, 0x12, 0x1b, 0x46, 
0xea, 0x10, 0x0, 0xe0, 0x0, 0x90, 0x8, 0x67, 0xf0, 0x90, 0x0, 0x1, 0x12, 
0xea, 0x10, 0x0, 0xe8, 0x0, 0x1b, 0x5f, 0x90, 0x8, 0x68, 0xf0, 0x90, 0x8, 
0xea, 0x10, 0x0, 0xf0, 0x0, 0x36, 0xe0, 0xff, 0x90, 0x8, 0x69, 0xf0, 0x90, 
0xea, 0x10, 0x0, 0xf8, 0x0, 0x8, 0x37, 0xe0, 0xfe, 0x90, 0x8, 0x6a, 0xf0, 
0xea, 0x10, 0x1, 0x0, 0x0, 0x90, 0x8, 0xda, 0x74, 0x1, 0xf0, 0xa3, 0x74, 
0xea, 0x10, 0x1, 0x8, 0x0, 0x17, 0xf0, 0xa3, 0x74, 0x90, 0xf0, 0xee, 0x60, 
0xea, 0x10, 0x1, 0x10, 0x0, 0xa, 0x90, 0x8, 0xdb, 0xe4, 0x75, 0xf0, 0x30, 
0xea, 0x10, 0x1, 0x18, 0x0, 0x12, 0x1c, 0x8, 0x7e, 0x0, 0x90, 0x8, 0xda, 
0xea, 0x10, 0x1, 0x20, 0x0, 0xe0, 0xfb, 0xa3, 0xe0, 0xfa, 0xa3, 0xe0, 0xf8, 
0xea, 0x10, 0x1, 0x28, 0x0, 0xac, 0x2, 0xad, 0x3, 0x7b, 0x1, 0x7a, 0x8, 
0xea, 0x10, 0x1, 0x30, 0x0, 0x79, 0x6b, 0x12, 0x1b, 0x20, 0x12, 0x50, 0x0, 
0xea, 0x10, 0x1, 0x38, 0x0, 0x2, 0x1, 0xe7, 0x12, 0x73, 0x5, 0x90, 0x8, 
0xea, 0x10, 0x1, 0x40, 0x0, 0xe3, 0xe0, 0xfb, 0xa3, 0xe0, 0xfa, 0xa3, 0xe0, 
0xea, 0x10, 0x1, 0x48, 0x0, 0xf9, 0x12, 0x1b, 0x46, 0x90, 0x8, 0x67, 0xf0, 
0xea, 0x10, 0x1, 0x50, 0x0, 0x90, 0x0, 0x1, 0x12, 0x1b, 0x5f, 0x90, 0x8, 
0xea, 0x10, 0x1, 0x58, 0x0, 0x68, 0xf0, 0x90, 0x8, 0x36, 0xe0, 0xfd, 0x90, 
0xea, 0x10, 0x1, 0x60, 0x0, 0x8, 0x69, 0xf0, 0x90, 0x8, 0x37, 0xe0, 0xff, 
0xea, 0x10, 0x1, 0x68, 0x0, 0x90, 0x8, 0x6a, 0xf0, 0x90, 0x8, 0xe0, 0xe4, 
0xea, 0x10, 0x1, 0x70, 0x0, 0xf0, 0xa3, 0xef, 0xf0, 0xe0, 0x7f, 0x0, 0xfe, 
0xea, 0x10, 0x1, 0x78, 0x0, 0x90, 0x8, 0xe0, 0xf0, 0xa3, 0xef, 0xf0, 0x90, 
0xea, 0x10, 0x1, 0x80, 0x0, 0x8, 0x6b, 0xe0, 0xfb, 0xeb, 0xff, 0x90, 0x8, 
0xea, 0x10, 0x1, 0x88, 0x0, 0xe0, 0xee, 0xf0, 0xa3, 0xef, 0xf0, 0x90, 0x8, 
0xea, 0x10, 0x1, 0x90, 0x0, 0x5c, 0xee, 0xf0, 0xa3, 0xef, 0xf0, 0xed, 0x24, 
0xea, 0x10, 0x1, 0x98, 0x0, 0xff, 0xfd, 0xe4, 0x34, 0xff, 0xfc, 0xc0, 0x4, 
0xea, 0x10, 0x1, 0xa0, 0x0, 0xc0, 0x5, 0xaa, 0x6, 0xa9, 0x7, 0xa8, 0x1, 
0xea, 0x10, 0x1, 0xa8, 0x0, 0xac, 0x2, 0x7d, 0x1, 0x7b, 0x1, 0x7a, 0x8, 
0xea, 0x10, 0x1, 0xb0, 0x0, 0x79, 0x6c, 0xd0, 0x7, 0xd0, 0x6, 0x12, 0x1b, 
0xea, 0x10, 0x1, 0xb8, 0x0, 0x20, 0x80, 0x2c, 0x12, 0x73, 0x5, 0x90, 0x8, 
0xea, 0x10, 0x1, 0xc0, 0x0, 0x6b, 0xe0, 0xff, 0x12, 0x6b, 0x3a, 0x90, 0x8, 
0xea, 0x10, 0x1, 0xc8, 0x0, 0xe3, 0xe0, 0xfb, 0xa3, 0xe0, 0xfa, 0xa3, 0xe0, 
0xea, 0x10, 0x1, 0xd0, 0x0, 0xf9, 0x12, 0x1b, 0x46, 0xff, 0x90, 0x0, 0x1, 
0xea, 0x10, 0x1, 0xd8, 0x0, 0x12, 0x1b, 0x5f, 0xfd, 0x90, 0x9, 0xa, 0x74, 
0xea, 0x10, 0x1, 0xe0, 0x0, 0x1, 0xf0, 0xe4, 0xfb, 0x12, 0x71, 0xd0, 0xe4, 
0xea, 0x10, 0x1, 0xe8, 0x0, 0xff, 0x2, 0x0, 0xe, 0x90, 0x8, 0xa7, 0xe0, 
0xea, 0x10, 0x1, 0xf0, 0x0, 0x70, 0x4, 0xa3, 0xe0, 0x64, 0x6, 0x70, 0x3, 
0xea, 0x10, 0x1, 0xf8, 0x0, 0x2, 0x9, 0x49, 0x90, 0x8, 0xd7, 0xe0, 0xff, 
0xea, 0x10, 0x2, 0x0, 0x0, 0x90, 0x8, 0x62, 0xe0, 0x24, 0x3a, 0xf5, 0x82, 
0xea, 0x10, 0x2, 0x8, 0x0, 0xe4, 0x34, 0x8, 0xf5, 0x83, 0xef, 0xf0, 0x7f, 
0xea, 0x10, 0x2, 0x10, 0x0, 0x3, 0x12, 0x72, 0xb9, 0x90, 0x8, 0xe3, 0xe0, 
0xea, 0x10, 0x2, 0x18, 0x0, 0xfb, 0xa3, 0xe0, 0xfa, 0xa3, 0xe0, 0xf9, 0xef, 
0xea, 0x10, 0x2, 0x20, 0x0, 0x12, 0x1b, 0x8c, 0x7f, 0x2, 0x12, 0x72, 0xb9, 
0xea, 0x10, 0x2, 0x28, 0x0, 0x90, 0x8, 0xe3, 0xe0, 0xfb, 0xa3, 0xe0, 0xfa, 
0xea, 0x10, 0x2, 0x30, 0x0, 0xa3, 0xe0, 0xf9, 0x90, 0x0, 0x1, 0xef, 0x12, 
0xea, 0x10, 0x2, 0x38, 0x0, 0x1b, 0x9e, 0x7f, 0x1, 0x12, 0x72, 0xb9, 0x90, 
0xea, 0x10, 0x2, 0x40, 0x0, 0x8, 0xed, 0xef, 0xf0, 0xe4, 0xff, 0x12, 0x72, 
0xea, 0x10, 0x2, 0x48, 0x0, 0xb9, 0x90, 0x8, 0xee, 0xef, 0xf0, 0x90, 0x8, 
0xea, 0x10, 0x2, 0x50, 0x0, 0xed, 0xe0, 0xfe, 0x90, 0x8, 0xe8, 0xe0, 0xfb, 
0xea, 0x10, 0x2, 0x58, 0x0, 0xa3, 0xe0, 0xfa, 0xa3, 0xe0, 0xf9, 0xee, 0x12, 
0xea, 0x10, 0x2, 0x60, 0x0, 0x1b, 0x8c, 0x90, 0x8, 0xe8, 0xe0, 0xfb, 0xa3, 
0xea, 0x10, 0x2, 0x68, 0x0, 0xe0, 0xfa, 0xa3, 0xe0, 0xf9, 0x90, 0x0, 0x1, 
0xea, 0x10, 0x2, 0x70, 0x0, 0xef, 0x12, 0x1b, 0x9e, 0x90, 0x8, 0x5b, 0x74, 
0xea, 0x10, 0x2, 0x78, 0x0, 0x1, 0xf0, 0xe4, 0x90, 0x8, 0xe2, 0xf0, 0x4, 
0xea, 0x10, 0x2, 0x80, 0x0, 0xf0, 0x90, 0x8, 0xe2, 0xe0, 0x70, 0x54, 0x90, 
0xea, 0x10, 0x2, 0x88, 0x0, 0x8, 0xd7, 0xe0, 0x24, 0xe5, 0x60, 0x24, 0x24, 
0xea, 0x10, 0x2, 0x90, 0x0, 0xfe, 0x60, 0x2d, 0x24, 0xfe, 0x60, 0x36, 0x24, 
0xea, 0x10, 0x2, 0x98, 0x0, 0x1d, 0x70, 0x40, 0xe4, 0x90, 0x4, 0x20, 0xf0, 
0xea, 0x10, 0x2, 0xa0, 0x0, 0x90, 0x5, 0xf0, 0x74, 0xc, 0xf0, 0xe4, 0x90, 
0xea, 0x10, 0x2, 0xa8, 0x0, 0x8, 0xa7, 0xf0, 0xa3, 0xf0, 0x90, 0x8, 0x39, 
0xea, 0x10, 0x2, 0xb0, 0x0, 0xf0, 0x80, 0x28, 0x90, 0x8, 0x67, 0x74, 0xf0, 
0xea, 0x10, 0x2, 0xb8, 0x0, 0xf0, 0xa3, 0x74, 0x11, 0xf0, 0xa3, 0x80, 0x3, 
0xea, 0x10, 0x2, 0xc0, 0x0, 0x90, 0x8, 0x67, 0x74, 0x8, 0xf0, 0xe4, 0xff, 
0xea, 0x10, 0x2, 0xc8, 0x0, 0x12, 0x0, 0xe, 0x80, 0xe, 0x90, 0x8, 0x35, 
0xea, 0x10, 0x2, 0xd0, 0x0, 0xe0, 0x90, 0x4, 0x74, 0xf0, 0x90, 0x8, 0x35, 
0xea, 0x10, 0x2, 0xd8, 0x0, 0x24, 0x6, 0xf0, 0x90, 0x8, 0xe2, 0xe0, 0x64, 
0xea, 0x10, 0x2, 0xe0, 0x0, 0x1, 0x60, 0x3, 0x2, 0x9, 0x3c, 0x90, 0x8, 
0xea, 0x10, 0x2, 0xe8, 0x0, 0xe6, 0xe0, 0xfe, 0xa3, 0xe0, 0x8e, 0xf0, 0x12, 
0xea, 0x10, 0x2, 0xf0, 0x0, 0x1d, 0x22, 0x5, 0x4d, 0xc, 0x0, 0x5, 0x78, 
0xea, 0x10, 0x2, 0xf8, 0x0, 0xc, 0x20, 0x5, 0xa0, 0xc, 0x21, 0x5, 0xc8, 
0xea, 0x10, 0x3, 0x0, 0x0, 0xc, 0x22, 0x6, 0x29, 0xc, 0x23, 0x3, 0xf1, 
0xea, 0x10, 0x3, 0x8, 0x0, 0xe, 0x1, 0x4, 0x18, 0xe, 0x2, 0x4, 0x42, 
0xea, 0x10, 0x3, 0x10, 0x0, 0xe, 0x3, 0x4, 0x78, 0xe, 0x4, 0x4, 0x95, 
0xea, 0x10, 0x3, 0x18, 0x0, 0xe, 0x5, 0x4, 0xa7, 0xe, 0x6, 0x4, 0xd8, 
0xea, 0x10, 0x3, 0x20, 0x0, 0xe, 0x7, 0x5, 0x9, 0xe, 0x11, 0x5, 0x1f, 
0xea, 0x10, 0x3, 0x28, 0x0, 0xe, 0x12, 0x5, 0x39, 0xe, 0x13, 0x5, 0x45, 
0xea, 0x10, 0x3, 0x30, 0x0, 0xe, 0x14, 0x7, 0x93, 0xe, 0x20, 0x8, 0x69, 
0xea, 0x10, 0x3, 0x38, 0x0, 0xe, 0x21, 0x8, 0xa6, 0xe, 0x22, 0x8, 0xf3, 
0xea, 0x10, 0x3, 0x40, 0x0, 0xe, 0x23, 0x8, 0xf8, 0xe, 0x24, 0x8, 0xfd, 
0xea, 0x10, 0x3, 0x48, 0x0, 0xe, 0x25, 0x9, 0x2, 0xe, 0x30, 0x9, 0x2, 
0xea, 0x10, 0x3, 0x50, 0x0, 0xe, 0x41, 0x3, 0x6e, 0xf, 0x1, 0x3, 0x78, 
0xea, 0x10, 0x3, 0x58, 0x0, 0xf, 0x2, 0x3, 0x85, 0xf, 0x3, 0x3, 0x92, 
0xea, 0x10, 0x3, 0x60, 0x0, 0xf, 0x4, 0x3, 0xbb, 0xf, 0x5, 0x3, 0xc4, 
0xea, 0x10, 0x3, 0x68, 0x0, 0xf, 0x6, 0x0, 0x0, 0x9, 0x3c, 0x12, 0x73, 
0xea, 0x10, 0x3, 0x70, 0x0, 0x5, 0x12, 0x71, 0xb4, 0x7f, 0xff, 0x80, 0x8, 
0xea, 0x10, 0x3, 0x78, 0x0, 0x12, 0x73, 0x5, 0x12, 0x71, 0xb4, 0xe4, 0xff, 
0xea, 0x10, 0x3, 0x80, 0x0, 0x12, 0x6f, 0x42, 0x80, 0x18, 0x12, 0x73, 0x5, 
0xea, 0x10, 0x3, 0x88, 0x0, 0x12, 0x71, 0xb4, 0x7f, 0x1, 0x12, 0x6c, 0x7e, 
0xea, 0x10, 0x3, 0x90, 0x0, 0x80, 0xb, 0x12, 0x73, 0x5, 0x12, 0x71, 0xb4, 
0xea, 0x10, 0x3, 0x98, 0x0, 0xe4, 0xff, 0x12, 0x6c, 0x7e, 0x90, 0x8, 0xe3, 
0xea, 0x10, 0x3, 0xa0, 0x0, 0xe0, 0xfb, 0xa3, 0xe0, 0xfa, 0xa3, 0xe0, 0xf9, 
0xea, 0x10, 0x3, 0xa8, 0x0, 0x12, 0x1b, 0x46, 0xff, 0x90, 0x0, 0x1, 0x12, 
0xea, 0x10, 0x3, 0xb0, 0x0, 0x1b, 0x5f, 0xfd, 0x90, 0x9, 0xa, 0x74, 0x1, 
0xea, 0x10, 0x3, 0xb8, 0x0, 0x2, 0x5, 0x96, 0x12, 0x73, 0x5, 0x12, 0x71, 
0xea, 0x10, 0x3, 0xc0, 0x0, 0xb4, 0x2, 0x9, 0xb, 0x12, 0x73, 0x5, 0x12, 
0xea, 0x10, 0x3, 0xc8, 0x0, 0x71, 0xb4, 0x90, 0x8, 0x5e, 0x74, 0x4, 0xf0, 
0xea, 0x10, 0x3, 0xd0, 0x0, 0x90, 0x8, 0xe6, 0xe0, 0xff, 0xa3, 0xe0, 0x90, 
0xea, 0x10, 0x3, 0xd8, 0x0, 0x8, 0x23, 0xcf, 0xf0, 0xa3, 0xef, 0xf0, 0x90, 
0xea, 0x10, 0x3, 0xe0, 0x0, 0x8, 0xed, 0xe0, 0x90, 0x8, 0x36, 0xf0, 0x90, 
0xea, 0x10, 0x3, 0xe8, 0x0, 0x8, 0xee, 0xe0, 0x90, 0x8, 0x37, 0x2, 0x8, 
0xea, 0x10, 0x3, 0xf0, 0x0, 0xe1, 0x90, 0x8, 0xed, 0xe0, 0x70, 0x5, 0xfe, 
0xea, 0x10, 0x3, 0xf8, 0x0, 0x7f, 0x1, 0x80, 0x4, 0x7e, 0x0, 0x7f, 0x0, 
0xea, 0x10, 0x4, 0x0, 0x0, 0x90, 0x8, 0xa7, 0xee, 0xf0, 0xa3, 0xef, 0xf0, 
0xea, 0x10, 0x4, 0x8, 0x0, 0xe4, 0x90, 0x8, 0xa7, 0xf0, 0xa3, 0xf0, 0x90, 
0xea, 0x10, 0x4, 0x10, 0x0, 0x8, 0x39, 0xf0, 0x90, 0x8, 0x5b, 0x80, 0x23, 
0xea, 0x10, 0x4, 0x18, 0x0, 0x90, 0x8, 0xed, 0xe0, 0x70, 0x5, 0xfe, 0x7f, 
0xea, 0x10, 0x4, 0x20, 0x0, 0x1, 0x80, 0x4, 0x7e, 0x0, 0x7f, 0x0, 0x90, 
0xea, 0x10, 0x4, 0x28, 0x0, 0x8, 0xa7, 0xee, 0xf0, 0xa3, 0xef, 0xf0, 0x90, 
0xea, 0x10, 0x4, 0x30, 0x0, 0x8, 0xa7, 0xe4, 0xf0, 0xa3, 0x4, 0xf0, 0xe4, 
0xea, 0x10, 0x4, 0x38, 0x0, 0x90, 0x8, 0x39, 0xf0, 0x12, 0x73, 0x5, 0x2, 
0xea, 0x10, 0x4, 0x40, 0x0, 0x9, 0x3c, 0x12, 0x73, 0x5, 0x90, 0x8, 0xe3, 
0xea, 0x10, 0x4, 0x48, 0x0, 0xe0, 0xfb, 0xa3, 0xe0, 0xfa, 0xa3, 0xe0, 0xf9, 
0xea, 0x10, 0x4, 0x50, 0x0, 0x12, 0x1b, 0x46, 0xff, 0x90, 0x0, 0x1, 0x12, 
0xea, 0x10, 0x4, 0x58, 0x0, 0x1b, 0x5f, 0xfd, 0x90, 0x8, 0xa7, 0xa3, 0xe0, 
0xea, 0x10, 0x4, 0x60, 0x0, 0xfb, 0x90, 0x8, 0x39, 0xe0, 0x90, 0x9, 0xa, 
0xea, 0x10, 0x4, 0x68, 0x0, 0xf0, 0x12, 0x71, 0xd0, 0x90, 0x8, 0xed, 0xe0, 
0xea, 0x10, 0x4, 0x70, 0x0, 0x60, 0x3, 0x2, 0x9, 0x3c, 0x2, 0x8, 0x62, 
0xea, 0x10, 0x4, 0x78, 0x0, 0x12, 0x73, 0x5, 0x90, 0x8, 0xed, 0xe0, 0x90, 
0xea, 0x10, 0x4, 0x80, 0x0, 0x8, 0x5b, 0xf0, 0x90, 0x8, 0x39, 0x74, 0x1, 
0xea, 0x10, 0x4, 0x88, 0x0, 0xf0, 0x90, 0x8, 0xa7, 0xe4, 0xf0, 0xa3, 0x74, 
0xea, 0x10, 0x4, 0x90, 0x0, 0x2, 0xf0, 0x2, 0x9, 0x3c, 0x90, 0x8, 0xed, 
0xea, 0x10, 0x4, 0x98, 0x0, 0xe0, 0x90, 0x4, 0x27, 0xf0, 0x12, 0x73, 0x5, 
0xea, 0x10, 0x4, 0xa0, 0x0, 0x12, 0x71, 0xb4, 0xe4, 0x2, 0x8, 0x62, 0x90, 
0xea, 0x10, 0x4, 0xa8, 0x0, 0x8, 0xed, 0xe0, 0xff, 0x90, 0x5, 0x26, 0xe4, 
0xea, 0x10, 0x4, 0xb0, 0x0, 0xf0, 0xa3, 0xef, 0xf0, 0xe0, 0x7f, 0x0, 0xfe, 
0xea, 0x10, 0x4, 0xb8, 0x0, 0x90, 0x5, 0x26, 0xf0, 0xa3, 0xef, 0xf0, 0x90, 
0xea, 0x10, 0x4, 0xc0, 0x0, 0x8, 0xee, 0xe0, 0xfd, 0xed, 0xff, 0x90, 0x5, 
0xea, 0x10, 0x4, 0xc8, 0x0, 0x26, 0xee, 0xf0, 0xa3, 0xef, 0xf0, 0x12, 0x73, 
0xea, 0x10, 0x4, 0xd0, 0x0, 0x5, 0x12, 0x71, 0xb4, 0xe4, 0x2, 0x8, 0x62, 
0xea, 0x10, 0x4, 0xd8, 0x0, 0x90, 0x8, 0xed, 0xe0, 0xff, 0x90, 0x5, 0x28, 
0xea, 0x10, 0x4, 0xe0, 0x0, 0xe4, 0xf0, 0xa3, 0xef, 0xf0, 0xe0, 0x7f, 0x0, 
0xea, 0x10, 0x4, 0xe8, 0x0, 0xfe, 0x90, 0x5, 0x28, 0xf0, 0xa3, 0xef, 0xf0, 
0xea, 0x10, 0x4, 0xf0, 0x0, 0x90, 0x8, 0xee, 0xe0, 0xfd, 0xed, 0xff, 0x90, 
0xea, 0x10, 0x4, 0xf8, 0x0, 0x5, 0x28, 0xee, 0xf0, 0xa3, 0xef, 0xf0, 0x12, 
0xea, 0x10, 0x5, 0x0, 0x0, 0x73, 0x5, 0x12, 0x71, 0xb4, 0xe4, 0x2, 0x8, 
0xea, 0x10, 0x5, 0x8, 0x0, 0x62, 0xe4, 0x90, 0x8, 0xa7, 0xf0, 0xa3, 0xf0, 
0xea, 0x10, 0x5, 0x10, 0x0, 0x90, 0x8, 0x39, 0xf0, 0x12, 0x73, 0x5, 0x12, 
0xea, 0x10, 0x5, 0x18, 0x0, 0x73, 0x56, 0x90, 0x8, 0x66, 0x80, 0x20, 0x90, 
0xea, 0x10, 0x5, 0x20, 0x0, 0x8, 0x39, 0x74, 0x1, 0xf0, 0x90, 0x8, 0xa7, 
0xea, 0x10, 0x5, 0x28, 0x0, 0xe4, 0xf0, 0xa3, 0x74, 0x2, 0xf0, 0x12, 0x73, 
0xea, 0x10, 0x5, 0x30, 0x0, 0x5, 0x12, 0x73, 0x56, 0x90, 0x8, 0x64, 0x80, 
0xea, 0x10, 0x5, 0x38, 0x0, 0x6, 0x12, 0x73, 0x5, 0x90, 0x8, 0x26, 0x74, 
0xea, 0x10, 0x5, 0x40, 0x0, 0x1, 0xf0, 0x2, 0x9, 0x3c, 0x75, 0x86, 0x7f, 
0xea, 0x10, 0x5, 0x48, 0x0, 0x12, 0x73, 0x5, 0x80, 0xfe, 0x12, 0x73, 0x5, 
0xea, 0x10, 0x5, 0x50, 0x0, 0x90, 0x8, 0xe3, 0xe0, 0xfb, 0xa3, 0xe0, 0xfa, 
0xea, 0x10, 0x5, 0x58, 0x0, 0xa3, 0xe0, 0xf9, 0x12, 0x1b, 0x46, 0xff, 0x90, 
0xea, 0x10, 0x5, 0x60, 0x0, 0x0, 0x1, 0x12, 0x1b, 0x5f, 0xfd, 0x90, 0x8, 
0xea, 0x10, 0x5, 0x68, 0x0, 0xa7, 0xa3, 0xe0, 0xfb, 0xe4, 0x90, 0x9, 0xa, 
0xea, 0x10, 0x5, 0x70, 0x0, 0xf0, 0x12, 0x71, 0xd0, 0xe4, 0x2, 0x8, 0x62, 
0xea, 0x10, 0x5, 0x78, 0x0, 0x12, 0x73, 0x5, 0x90, 0x8, 0xe3, 0xe0, 0xfb, 
0xea, 0x10, 0x5, 0x80, 0x0, 0xa3, 0xe0, 0xfa, 0xa3, 0xe0, 0xf9, 0x12, 0x1b, 
0xea, 0x10, 0x5, 0x88, 0x0, 0x46, 0xff, 0x90, 0x0, 0x1, 0x12, 0x1b, 0x5f, 
0xea, 0x10, 0x5, 0x90, 0x0, 0xfd, 0x90, 0x9, 0xa, 0x74, 0x5, 0xf0, 0xe4, 
0xea, 0x10, 0x5, 0x98, 0x0, 0xfb, 0x12, 0x71, 0xd0, 0xe4, 0x2, 0x8, 0x62, 
0xea, 0x10, 0x5, 0xa0, 0x0, 0x12, 0x73, 0x5, 0x90, 0x8, 0xe3, 0xe0, 0xfb, 
0xea, 0x10, 0x5, 0xa8, 0x0, 0xa3, 0xe0, 0xfa, 0xa3, 0xe0, 0xf9, 0x12, 0x1b, 
0xea, 0x10, 0x5, 0xb0, 0x0, 0x46, 0xff, 0x90, 0x0, 0x1, 0x12, 0x1b, 0x5f, 
0xea, 0x10, 0x5, 0xb8, 0x0, 0xfd, 0x90, 0x9, 0xa, 0x74, 0x20, 0xf0, 0x7b, 
0xea, 0x10, 0x5, 0xc0, 0x0, 0x62, 0x12, 0x71, 0xd0, 0xe4, 0x2, 0x8, 0x62, 
0xea, 0x10, 0x5, 0xc8, 0x0, 0x12, 0x73, 0x5, 0x90, 0x8, 0xe3, 0xe0, 0xfb, 
0xea, 0x10, 0x5, 0xd0, 0x0, 0xa3, 0xe0, 0xfa, 0xa3, 0xe0, 0xf9, 0x12, 0x1b, 
0xea, 0x10, 0x5, 0xd8, 0x0, 0x46, 0xff, 0x90, 0x0, 0x1, 0x12, 0x1b, 0x5f, 
0xea, 0x10, 0x5, 0xe0, 0x0, 0xfd, 0x90, 0x8, 0xed, 0xe0, 0xfb, 0xa3, 0xe0, 
0xea, 0x10, 0x5, 0xe8, 0x0, 0x90, 0x9, 0xa, 0xf0, 0x12, 0x71, 0xd0, 0x90, 
0xea, 0x10, 0x5, 0xf0, 0x0, 0x8, 0xda, 0x74, 0x1, 0xf0, 0xa3, 0x74, 0x17, 
0xea, 0x10, 0x5, 0xf8, 0x0, 0xf0, 0xa3, 0x74, 0x90, 0xf0, 0x90, 0x8, 0xee, 
0xea, 0x10, 0x6, 0x0, 0x0, 0xe0, 0x60, 0xa, 0x90, 0x8, 0xdb, 0xe4, 0x75, 
0xea, 0x10, 0x6, 0x8, 0x0, 0xf0, 0x30, 0x12, 0x1c, 0x8, 0x78, 0x6b, 0x7c, 
0xea, 0x10, 0x6, 0x10, 0x0, 0x8, 0x7d, 0x1, 0x90, 0x8, 0xda, 0xe0, 0xfb, 
0xea, 0x10, 0x6, 0x18, 0x0, 0xa3, 0xe0, 0xfa, 0xa3, 0xe0, 0xf9, 0x7e, 0x0, 
0xea, 0x10, 0x6, 0x20, 0x0, 0x7f, 0x30, 0x12, 0x1b, 0x20, 0xe4, 0x2, 0x8, 
0xea, 0x10, 0x6, 0x28, 0x0, 0x62, 0x12, 0x73, 0x5, 0x90, 0x8, 0xe3, 0xe0, 
0xea, 0x10, 0x6, 0x30, 0x0, 0xfb, 0xa3, 0xe0, 0xfa, 0xa3, 0xe0, 0xf9, 0x12, 
0xea, 0x10, 0x6, 0x38, 0x0, 0x1b, 0x46, 0xff, 0x90, 0x0, 0x1, 0x12, 0x1b, 
0xea, 0x10, 0x6, 0x40, 0x0, 0x5f, 0xfd, 0x90, 0x8, 0xed, 0xe0, 0xfb, 0xa3, 
0xea, 0x10, 0x6, 0x48, 0x0, 0xe0, 0x90, 0x9, 0xa, 0xf0, 0x12, 0x71, 0xd0, 
0xea, 0x10, 0x6, 0x50, 0x0, 0x90, 0x8, 0xdd, 0x74, 0x1, 0xf0, 0xa3, 0x74, 
0xea, 0x10, 0x6, 0x58, 0x0, 0x8, 0xf0, 0xa3, 0x74, 0x6b, 0xf0, 0x90, 0x8, 
0xea, 0x10, 0x6, 0x60, 0x0, 0xee, 0xe0, 0x60, 0x3, 0x2, 0x6, 0xfa, 0x90, 
0xea, 0x10, 0x6, 0x68, 0x0, 0x8, 0xd9, 0xf0, 0x90, 0x8, 0xd9, 0xe0, 0xff, 
0xea, 0x10, 0x6, 0x70, 0x0, 0xc3, 0x64, 0x80, 0x94, 0x98, 0x40, 0x3, 0x2, 
0xea, 0x10, 0x6, 0x78, 0x0, 0x7, 0x8f, 0xef, 0x33, 0x95, 0xe0, 0xfe, 0x7c, 
0xea, 0x10, 0x6, 0x80, 0x0, 0x0, 0x7d, 0x18, 0x12, 0x1b, 0xc0, 0x74, 0x14, 
0xea, 0x10, 0x6, 0x88, 0x0, 0x2f, 0xf9, 0x74, 0x11, 0x3e, 0xfa, 0x90, 0x8, 
0xea, 0x10, 0x6, 0x90, 0x0, 0xed, 0xe0, 0x75, 0xf0, 0x2, 0xa4, 0x29, 0xf9, 
0xea, 0x10, 0x6, 0x98, 0x0, 0xea, 0x35, 0xf0, 0xfa, 0x90, 0x8, 0xda, 0x74, 
0xea, 0x10, 0x6, 0xa0, 0x0, 0x1, 0xf0, 0xa3, 0xea, 0xf0, 0xa3, 0xe9, 0xf0, 
0xea, 0x10, 0x6, 0xa8, 0x0, 0x90, 0x8, 0xda, 0xe0, 0xfb, 0xa3, 0xe0, 0xfa, 
0xea, 0x10, 0x6, 0xb0, 0x0, 0xa3, 0xe0, 0xf9, 0x90, 0x0, 0x1, 0x12, 0x1b, 
0xea, 0x10, 0x6, 0xb8, 0x0, 0x5f, 0xff, 0x90, 0x8, 0xdd, 0xe0, 0xfb, 0xa3, 
0xea, 0x10, 0x6, 0xc0, 0x0, 0xe4, 0x75, 0xf0, 0x1, 0x12, 0x1c, 0x1e, 0xa9, 
0xea, 0x10, 0x6, 0xc8, 0x0, 0xf0, 0xfa, 0xef, 0x12, 0x1b, 0x8c, 0x90, 0x8, 
0xea, 0x10, 0x6, 0xd0, 0x0, 0xda, 0xe0, 0xfb, 0xa3, 0xe0, 0xfa, 0xa3, 0xe0, 
0xea, 0x10, 0x6, 0xd8, 0x0, 0xf9, 0x12, 0x1b, 0x46, 0xff, 0x90, 0x8, 0xdd, 
0xea, 0x10, 0x6, 0xe0, 0x0, 0xe0, 0xfb, 0xa3, 0xe4, 0x75, 0xf0, 0x1, 0x12, 
0xea, 0x10, 0x6, 0xe8, 0x0, 0x1c, 0x1e, 0xa9, 0xf0, 0xfa, 0xef, 0x12, 0x1b, 
0xea, 0x10, 0x6, 0xf0, 0x0, 0x8c, 0x90, 0x8, 0xd9, 0xe0, 0x4, 0xf0, 0x2, 
0xea, 0x10, 0x6, 0xf8, 0x0, 0x6, 0x6b, 0x90, 0x8, 0xd9, 0x74, 0x18, 0xf0, 
0xea, 0x10, 0x7, 0x0, 0x0, 0x90, 0x8, 0xd9, 0xe0, 0xff, 0xc3, 0x64, 0x80, 
0xea, 0x10, 0x7, 0x8, 0x0, 0x94, 0xb0, 0x40, 0x3, 0x2, 0x7, 0x8f, 0xef, 
0xea, 0x10, 0x7, 0x10, 0x0, 0x33, 0x95, 0xe0, 0xfe, 0x7c, 0x0, 0x7d, 0x18, 
0xea, 0x10, 0x7, 0x18, 0x0, 0x12, 0x1b, 0xc0, 0x74, 0x14, 0x2f, 0xf9, 0x74, 
0xea, 0x10, 0x7, 0x20, 0x0, 0x11, 0x3e, 0xfa, 0x90, 0x8, 0xed, 0xe0, 0x75, 
0xea, 0x10, 0x7, 0x28, 0x0, 0xf0, 0x2, 0xa4, 0x29, 0xf9, 0xea, 0x35, 0xf0, 
0xea, 0x10, 0x7, 0x30, 0x0, 0xfa, 0x90, 0x8, 0xda, 0x74, 0x1, 0xf0, 0xa3, 
0xea, 0x10, 0x7, 0x38, 0x0, 0xea, 0xf0, 0xa3, 0xe9, 0xf0, 0x90, 0x8, 0xda, 
0xea, 0x10, 0x7, 0x40, 0x0, 0xe0, 0xfb, 0xa3, 0xe0, 0xfa, 0xa3, 0xe0, 0xf9, 
0xea, 0x10, 0x7, 0x48, 0x0, 0x90, 0x0, 0x1, 0x12, 0x1b, 0x5f, 0xff, 0x90, 
0xea, 0x10, 0x7, 0x50, 0x0, 0x8, 0xdd, 0xe0, 0xfb, 0xa3, 0xe4, 0x75, 0xf0, 
0xea, 0x10, 0x7, 0x58, 0x0, 0x1, 0x12, 0x1c, 0x1e, 0xa9, 0xf0, 0xfa, 0xef, 
0xea, 0x10, 0x7, 0x60, 0x0, 0x12, 0x1b, 0x8c, 0x90, 0x8, 0xda, 0xe0, 0xfb, 
0xea, 0x10, 0x7, 0x68, 0x0, 0xa3, 0xe0, 0xfa, 0xa3, 0xe0, 0xf9, 0x12, 0x1b, 
0xea, 0x10, 0x7, 0x70, 0x0, 0x46, 0xff, 0x90, 0x8, 0xdd, 0xe0, 0xfb, 0xa3, 
0xea, 0x10, 0x7, 0x78, 0x0, 0xe4, 0x75, 0xf0, 0x1, 0x12, 0x1c, 0x1e, 0xa9, 
0xea, 0x10, 0x7, 0x80, 0x0, 0xf0, 0xfa, 0xef, 0x12, 0x1b, 0x8c, 0x90, 0x8, 
0xea, 0x10, 0x7, 0x88, 0x0, 0xd9, 0xe0, 0x4, 0xf0, 0x2, 0x7, 0x0, 0xe4, 
0xea, 0x10, 0x7, 0x90, 0x0, 0x2, 0x8, 0x62, 0x12, 0x73, 0x5, 0x90, 0x8, 
0xea, 0x10, 0x7, 0x98, 0x0, 0xed, 0xe0, 0xff, 0x90, 0x8, 0xe0, 0xe4, 0xf0, 
0xea, 0x10, 0x7, 0xa0, 0x0, 0xa3, 0xef, 0xf0, 0xe0, 0xf8, 0xe4, 0xf0, 0xe8, 
0xea, 0x10, 0x7, 0xa8, 0x0, 0x90, 0x8, 0xe0, 0xf0, 0x90, 0x8, 0xee, 0xe0, 
0xea, 0x10, 0x7, 0xb0, 0x0, 0xff, 0x90, 0x8, 0xe0, 0xe0, 0xfe, 0xa3, 0xe0, 
0xea, 0x10, 0x7, 0xb8, 0x0, 0x4f, 0xff, 0x90, 0x8, 0xe0, 0xee, 0xf0, 0xfe, 
0xea, 0x10, 0x7, 0xc0, 0x0, 0xa3, 0xef, 0xf0, 0x90, 0x8, 0x5c, 0xee, 0xf0, 
0xea, 0x10, 0x7, 0xc8, 0x0, 0xa3, 0xef, 0xf0, 0x90, 0x8, 0x5c, 0xe0, 0xfe, 
0xea, 0x10, 0x7, 0xd0, 0x0, 0xa3, 0xe0, 0xff, 0xf5, 0x82, 0x8e, 0x83, 0xa3, 
0xea, 0x10, 0x7, 0xd8, 0x0, 0xa3, 0xe0, 0x90, 0x8, 0x6b, 0xf0, 0x8f, 0x82, 
0xea, 0x10, 0x7, 0xe0, 0x0, 0x8e, 0x83, 0xa3, 0xa3, 0xa3, 0xe0, 0x90, 0x8, 
0xea, 0x10, 0x7, 0xe8, 0x0, 0x6c, 0xf0, 0x90, 0x8, 0x5c, 0xa3, 0xe0, 0x24, 
0xea, 0x10, 0x7, 0xf0, 0x0, 0x4, 0xf5, 0x82, 0xe4, 0x3e, 0xf5, 0x83, 0xe0, 
0xea, 0x10, 0x7, 0xf8, 0x0, 0x90, 0x8, 0x6d, 0xf0, 0xef, 0x24, 0x5, 0xf5, 
0xea, 0x10, 0x8, 0x0, 0x0, 0x82, 0xe4, 0x3e, 0xf5, 0x83, 0xe0, 0x90, 0x8, 
0xea, 0x10, 0x8, 0x8, 0x0, 0x6e, 0xf0, 0x90, 0x8, 0x5c, 0xa3, 0xe0, 0x24, 
0xea, 0x10, 0x8, 0x10, 0x0, 0x6, 0xf5, 0x82, 0xe4, 0x3e, 0xf5, 0x83, 0xe0, 
0xea, 0x10, 0x8, 0x18, 0x0, 0x90, 0x8, 0x6f, 0xf0, 0xef, 0x24, 0x7, 0xf5, 
0xea, 0x10, 0x8, 0x20, 0x0, 0x82, 0xe4, 0x3e, 0xf5, 0x83, 0xe0, 0x90, 0x8, 
0xea, 0x10, 0x8, 0x28, 0x0, 0x70, 0xf0, 0x90, 0x8, 0xe3, 0xe0, 0xfb, 0xa3, 
0xea, 0x10, 0x8, 0x30, 0x0, 0xe0, 0xfa, 0xa3, 0xe0, 0xf9, 0x12, 0x1b, 0x46, 
0xea, 0x10, 0x8, 0x38, 0x0, 0xff, 0x90, 0x0, 0x1, 0x12, 0x1b, 0x5f, 0xfd, 
0xea, 0x10, 0x8, 0x40, 0x0, 0x90, 0x8, 0x5c, 0xe0, 0xfa, 0xa3, 0xe0, 0xf5, 
0xea, 0x10, 0x8, 0x48, 0x0, 0x82, 0x8a, 0x83, 0xe0, 0xfb, 0x90, 0x8, 0x5c, 
0xea, 0x10, 0x8, 0x50, 0x0, 0xe0, 0xf8, 0xa3, 0xe0, 0xf5, 0x82, 0x88, 0x83, 
0xea, 0x10, 0x8, 0x58, 0x0, 0xa3, 0xe0, 0x90, 0x9, 0xa, 0xf0, 0x12, 0x71, 
0xea, 0x10, 0x8, 0x60, 0x0, 0xd0, 0xe4, 0xff, 0x12, 0x0, 0xe, 0x2, 0x9, 
0xea, 0x10, 0x8, 0x68, 0x0, 0x3c, 0x12, 0x73, 0x5, 0x90, 0x8, 0x67, 0x74, 
0xea, 0x10, 0x8, 0x70, 0x0, 0xe, 0xf0, 0xa3, 0x74, 0x21, 0xf0, 0x90, 0x8, 
0xea, 0x10, 0x8, 0x78, 0x0, 0xed, 0xe0, 0xff, 0x90, 0x8, 0x69, 0xf0, 0x90, 
0xea, 0x10, 0x8, 0x80, 0x0, 0x8, 0xee, 0xe0, 0xfe, 0x90, 0x8, 0x6a, 0xf0, 
0xea, 0x10, 0x8, 0x88, 0x0, 0x90, 0x8, 0x5e, 0x74, 0x4, 0xf0, 0x90, 0x8, 
0xea, 0x10, 0x8, 0x90, 0x0, 0xe6, 0xe0, 0xfd, 0xa3, 0xe0, 0x90, 0x8, 0x23, 
0xea, 0x10, 0x8, 0x98, 0x0, 0xcd, 0xf0, 0xa3, 0xed, 0xf0, 0x90, 0x8, 0x36, 
0xea, 0x10, 0x8, 0xa0, 0x0, 0xef, 0xf0, 0xa3, 0xee, 0x80, 0x3b, 0x12, 0x73, 
0xea, 0x10, 0x8, 0xa8, 0x0, 0x5, 0x90, 0x8, 0x67, 0x74, 0xe, 0xf0, 0xa3, 
0xea, 0x10, 0x8, 0xb0, 0x0, 0x74, 0x22, 0xf0, 0x90, 0x8, 0xed, 0xe0, 0xff, 
0xea, 0x10, 0x8, 0xb8, 0x0, 0x90, 0x8, 0x69, 0xf0, 0x90, 0x8, 0xee, 0xe0, 
0xea, 0x10, 0x8, 0xc0, 0x0, 0xfe, 0x90, 0x8, 0x6a, 0xf0, 0x90, 0x8, 0x5e, 
0xea, 0x10, 0x8, 0xc8, 0x0, 0x74, 0x4, 0xf0, 0x90, 0x8, 0xe6, 0xe0, 0xfd, 
0xea, 0x10, 0x8, 0xd0, 0x0, 0xa3, 0xe0, 0x90, 0x8, 0x23, 0xcd, 0xf0, 0xa3, 
0xea, 0x10, 0x8, 0xd8, 0x0, 0xed, 0xf0, 0x90, 0x8, 0x36, 0xef, 0xf0, 0xa3, 
0xea, 0x10, 0x8, 0xe0, 0x0, 0xee, 0xf0, 0x90, 0x8, 0x39, 0x74, 0x1, 0xf0, 
0xea, 0x10, 0x8, 0xe8, 0x0, 0x90, 0x8, 0xa7, 0xe4, 0xf0, 0xa3, 0x74, 0x5, 
0xea, 0x10, 0x8, 0xf0, 0x0, 0xf0, 0x80, 0x49, 0x12, 0x73, 0x5, 0x80, 0x13, 
0xea, 0x10, 0x8, 0xf8, 0x0, 0x12, 0x73, 0x5, 0x80, 0xe, 0x12, 0x73, 0x5, 
0xea, 0x10, 0x9, 0x0, 0x0, 0x80, 0x9, 0x12, 0x73, 0x5, 0x90, 0x8, 0x5b, 
0xea, 0x10, 0x9, 0x8, 0x0, 0x74, 0x1, 0xf0, 0x90, 0x8, 0xe6, 0xe0, 0xff, 
0xea, 0x10, 0x9, 0x10, 0x0, 0xa3, 0xe0, 0x90, 0x8, 0x23, 0xcf, 0xf0, 0xa3, 
0xea, 0x10, 0x9, 0x18, 0x0, 0xef, 0xf0, 0x90, 0x8, 0xed, 0xe0, 0x90, 0x8, 
0xea, 0x10, 0x9, 0x20, 0x0, 0x36, 0xf0, 0x90, 0x8, 0xee, 0xe0, 0x90, 0x8, 
0xea, 0x10, 0x9, 0x28, 0x0, 0x37, 0xf0, 0x12, 0x73, 0x73, 0x90, 0x8, 0x39, 
0xea, 0x10, 0x9, 0x30, 0x0, 0x74, 0x1, 0xf0, 0x90, 0x8, 0xa7, 0xe4, 0xf0, 
0xea, 0x10, 0x9, 0x38, 0x0, 0xa3, 0x74, 0x6, 0xf0, 0x12, 0x73, 0x5, 0x90, 
0xea, 0x10, 0x9, 0x40, 0x0, 0x8, 0x62, 0xe0, 0x4, 0xf0, 0xe0, 0x54, 0x1f, 
0xea, 0x10, 0x9, 0x48, 0x0, 0xf0, 0x22, 0xe4, 0x90, 0x9, 0x35, 0xf0, 0xa3, 
0xea, 0x10, 0x9, 0x50, 0x0, 0xf0, 0xa3, 0xf0, 0xa3, 0xf0, 0xa3, 0xf0, 0xa3, 
0xea, 0x10, 0x9, 0x58, 0x0, 0xf0, 0xa3, 0xf0, 0xa3, 0xf0, 0x90, 0x9, 0x3f, 
0xea, 0x10, 0x9, 0x60, 0x0, 0xf0, 0xa3, 0xf0, 0xa3, 0xf0, 0xa3, 0xf0, 0xa3, 
0xea, 0x10, 0x9, 0x68, 0x0, 0xf0, 0xa3, 0xf0, 0xa3, 0xf0, 0xa3, 0xf0, 0xa3, 
0xea, 0x10, 0x9, 0x70, 0x0, 0xf0, 0xa3, 0xf0, 0x90, 0x5, 0xe0, 0xf0, 0xa3, 
0xea, 0x10, 0x9, 0x78, 0x0, 0xf0, 0xfe, 0x7f, 0x10, 0xfd, 0x7b, 0x1, 0x7a, 
0xea, 0x10, 0x9, 0x80, 0x0, 0x4, 0x79, 0xe2, 0x12, 0x1d, 0x4f, 0x7e, 0x0, 
0xea, 0x10, 0x9, 0x88, 0x0, 0x7f, 0x10, 0x7d, 0x0, 0x7b, 0x1, 0x7a, 0x4, 
0xea, 0x10, 0x9, 0x90, 0x0, 0x79, 0xf8, 0x12, 0x1d, 0x4f, 0x7e, 0x0, 0x7f, 
0xea, 0x10, 0x9, 0x98, 0x0, 0xc, 0x7d, 0x0, 0x7b, 0x1, 0x7a, 0x3, 0x79, 
0xea, 0x10, 0x9, 0xa0, 0x0, 0x36, 0x12, 0x1d, 0x4f, 0x90, 0x5, 0xc, 0xe0, 
0xea, 0x10, 0x9, 0xa8, 0x0, 0x90, 0x9, 0x31, 0xf0, 0x90, 0x4, 0x71, 0xe0, 
0xea, 0x10, 0x9, 0xb0, 0x0, 0xff, 0x33, 0x95, 0xe0, 0xfe, 0x90, 0x9, 0x31, 
0xea, 0x10, 0x9, 0xb8, 0x0, 0xe0, 0xfd, 0xd3, 0x9f, 0xee, 0x64, 0x80, 0xf8, 
0xea, 0x10, 0x9, 0xc0, 0x0, 0x74, 0x80, 0x98, 0x40, 0x3, 0x2, 0x10, 0x2a, 
0xea, 0x10, 0x9, 0xc8, 0x0, 0x90, 0x4, 0x6e, 0xe0, 0xfe, 0xa3, 0xe0, 0x94, 
0xea, 0x10, 0x9, 0xd0, 0x0, 0x1, 0xee, 0x64, 0x80, 0x94, 0x80, 0x40, 0x5b, 
0xea, 0x10, 0x9, 0xd8, 0x0, 0x90, 0x17, 0xc4, 0xe0, 0xff, 0xa3, 0xe0, 0x90, 
0xea, 0x10, 0x9, 0xe0, 0x0, 0x9, 0x35, 0xcf, 0xf0, 0xa3, 0xef, 0xf0, 0x90, 
0xea, 0x10, 0x9, 0xe8, 0x0, 0x17, 0xc6, 0xe0, 0xff, 0xa3, 0xe0, 0x90, 0x9, 
0xea, 0x10, 0x9, 0xf0, 0x0, 0x39, 0xcf, 0xf0, 0xa3, 0xef, 0xf0, 0xed, 0x25, 
0xea, 0x10, 0x9, 0xf8, 0x0, 0xe0, 0x24, 0x8, 0xf5, 0x82, 0xe4, 0x34, 0x4, 
0xea, 0x10, 0xa, 0x0, 0x0, 0xf5, 0x83, 0xe0, 0xfe, 0xa3, 0xe0, 0xff, 0x90, 
0xea, 0x10, 0xa, 0x8, 0x0, 0x17, 0xc2, 0xe0, 0xfc, 0xa3, 0xe0, 0x2f, 0xff, 
0xea, 0x10, 0xa, 0x10, 0x0, 0xec, 0x3e, 0x90, 0x9, 0x37, 0xf0, 0xa3, 0xef, 
0xea, 0x10, 0xa, 0x18, 0x0, 0xf0, 0x90, 0x17, 0xc2, 0xe0, 0xfe, 0xa3, 0xe0, 
0xea, 0x10, 0xa, 0x20, 0x0, 0xff, 0x90, 0x9, 0x37, 0xe0, 0xfc, 0xa3, 0xe0, 
0xea, 0x10, 0xa, 0x28, 0x0, 0xc3, 0x9f, 0xec, 0x9e, 0x50, 0x32, 0x90, 0x17, 
0xea, 0x10, 0xa, 0x30, 0x0, 0xc2, 0x80, 0x21, 0x90, 0x17, 0xae, 0xe0, 0xff, 
0xea, 0x10, 0xa, 0x38, 0x0, 0xa3, 0xe0, 0x90, 0x9, 0x35, 0xcf, 0xf0, 0xa3, 
0xea, 0x10, 0xa, 0x40, 0x0, 0xef, 0xf0, 0x90, 0x17, 0xb0, 0xe0, 0xff, 0xa3, 
0xea, 0x10, 0xa, 0x48, 0x0, 0xe0, 0x90, 0x9, 0x39, 0xcf, 0xf0, 0xa3, 0xef, 
0xea, 0x10, 0xa, 0x50, 0x0, 0xf0, 0x90, 0x17, 0xac, 0xe0, 0xff, 0xa3, 0xe0, 
0xea, 0x10, 0xa, 0x58, 0x0, 0x90, 0x9, 0x37, 0xcf, 0xf0, 0xa3, 0xef, 0xf0, 
0xea, 0x10, 0xa, 0x60, 0x0, 0x90, 0x17, 0xae, 0xe0, 0xff, 0xa3, 0xe0, 0x90, 
0xea, 0x10, 0xa, 0x68, 0x0, 0x9, 0x3b, 0xcf, 0xf0, 0xa3, 0xef, 0xf0, 0x90, 
0xea, 0x10, 0xa, 0x70, 0x0, 0x17, 0xae, 0xe0, 0xfe, 0xa3, 0xe0, 0xff, 0x90, 
0xea, 0x10, 0xa, 0x78, 0x0, 0x9, 0x3c, 0xe0, 0x2f, 0xf0, 0x90, 0x9, 0x3b, 
0xea, 0x10, 0xa, 0x80, 0x0, 0xe0, 0x3e, 0xf0, 0x90, 0x17, 0xae, 0xe0, 0xfe, 
0xea, 0x10, 0xa, 0x88, 0x0, 0xa3, 0xe0, 0xff, 0x90, 0x9, 0x3c, 0xe0, 0x2f, 
0xea, 0x10, 0xa, 0x90, 0x0, 0xf0, 0x90, 0x9, 0x3b, 0xe0, 0x3e, 0xf0, 0x90, 
0xea, 0x10, 0xa, 0x98, 0x0, 0x5, 0x46, 0xe0, 0x90, 0x9, 0x32, 0xf0, 0x90, 
0xea, 0x10, 0xa, 0xa0, 0x0, 0x4, 0xbc, 0xe0, 0xff, 0x33, 0x95, 0xe0, 0xfe, 
0xea, 0x10, 0xa, 0xa8, 0x0, 0x90, 0x9, 0x32, 0xe0, 0xfd, 0xd3, 0x9f, 0xee, 
0xea, 0x10, 0xa, 0xb0, 0x0, 0x64, 0x80, 0xf8, 0x74, 0x80, 0x98, 0x40, 0x3, 
0xea, 0x10, 0xa, 0xb8, 0x0, 0x2, 0x10, 0xd, 0x75, 0xf0, 0x18, 0xed, 0xa4, 
0xea, 0x10, 0xa, 0xc0, 0x0, 0x24, 0xc, 0xf5, 0x82, 0xe5, 0xf0, 0x34, 0x1, 
0xea, 0x10, 0xa, 0xc8, 0x0, 0xf5, 0x83, 0xc0, 0x83, 0xc0, 0x82, 0x90, 0x9, 
0xea, 0x10, 0xa, 0xd0, 0x0, 0x31, 0xe0, 0xd0, 0x82, 0xd0, 0x83, 0x75, 0xf0, 
0xea, 0x10, 0xa, 0xd8, 0x0, 0x2, 0x12, 0x1d, 0x16, 0xe0, 0xfe, 0xa3, 0xe0, 
0xea, 0x10, 0xa, 0xe0, 0x0, 0xff, 0x90, 0x9, 0x37, 0xe0, 0xfc, 0xa3, 0xe0, 
0xea, 0x10, 0xa, 0xe8, 0x0, 0xfd, 0xc3, 0xef, 0x9d, 0xec, 0x64, 0x80, 0xf8, 
0xea, 0x10, 0xa, 0xf0, 0x0, 0xee, 0x64, 0x80, 0x98, 0x50, 0x3, 0x2, 0x10, 
0xea, 0x10, 0xa, 0xf8, 0x0, 0x4, 0x90, 0x5, 0x46, 0xe0, 0xff, 0x33, 0x95, 
0xea, 0x10, 0xb, 0x0, 0x0, 0xe0, 0xfe, 0x90, 0x9, 0x32, 0xe0, 0xd3, 0x9f, 
0xea, 0x10, 0xb, 0x8, 0x0, 0xee, 0x64, 0x80, 0xf8, 0x74, 0x80, 0x98, 0x50, 
0xea, 0x10, 0xb, 0x10, 0x0, 0x3, 0x2, 0xc, 0x39, 0xe0, 0xff, 0x75, 0xf0, 
0xea, 0x10, 0xb, 0x18, 0x0, 0x18, 0xa4, 0x24, 0xf4, 0xf5, 0x82, 0xe5, 0xf0, 
0xea, 0x10, 0xb, 0x20, 0x0, 0x34, 0x0, 0xf5, 0x83, 0xc0, 0x83, 0xc0, 0x82, 
0xea, 0x10, 0xb, 0x28, 0x0, 0x90, 0x9, 0x31, 0xe0, 0xfe, 0xd0, 0x82, 0xd0, 
0xea, 0x10, 0xb, 0x30, 0x0, 0x83, 0x75, 0xf0, 0x2, 0x12, 0x1d, 0x16, 0xe0, 
0xea, 0x10, 0xb, 0x38, 0x0, 0xfc, 0xa3, 0xe0, 0xfd, 0x75, 0xf0, 0x18, 0xef, 
0xea, 0x10, 0xb, 0x40, 0x0, 0xa4, 0x24, 0xc, 0xf5, 0x82, 0xe5, 0xf0, 0x34, 
0xea, 0x10, 0xb, 0x48, 0x0, 0x1, 0xf5, 0x83, 0x75, 0xf0, 0x2, 0xee, 0x12, 
0xea, 0x10, 0xb, 0x50, 0x0, 0x1d, 0x16, 0xe0, 0xfe, 0xa3, 0xe0, 0xc3, 0x9d, 
0xea, 0x10, 0xb, 0x58, 0x0, 0xec, 0x64, 0x80, 0xf8, 0xee, 0x64, 0x80, 0x98, 
0xea, 0x10, 0xb, 0x60, 0x0, 0x50, 0x3, 0x2, 0x10, 0x4, 0x90, 0x5, 0xc, 
0xea, 0x10, 0xb, 0x68, 0x0, 0xe0, 0xff, 0x33, 0x95, 0xe0, 0xfe, 0x90, 0x9, 
0xea, 0x10, 0xb, 0x70, 0x0, 0x31, 0xe0, 0xd3, 0x9f, 0xee, 0x64, 0x80, 0xf8, 
0xea, 0x10, 0xb, 0x78, 0x0, 0x74, 0x80, 0x98, 0x40, 0x52, 0xa3, 0xe0, 0xff, 
0xea, 0x10, 0xb, 0x80, 0x0, 0x75, 0xf0, 0x18, 0xa4, 0x24, 0xf2, 0xf5, 0x82, 
0xea, 0x10, 0xb, 0x88, 0x0, 0xe5, 0xf0, 0x34, 0x0, 0xf5, 0x83, 0xc0, 0x83, 
0xea, 0x10, 0xb, 0x90, 0x0, 0xc0, 0x82, 0x90, 0x9, 0x31, 0xe0, 0xfe, 0xd0, 
0xea, 0x10, 0xb, 0x98, 0x0, 0x82, 0xd0, 0x83, 0x75, 0xf0, 0x2, 0x12, 0x1d, 
0xea, 0x10, 0xb, 0xa0, 0x0, 0x16, 0xe0, 0xfc, 0xa3, 0xe0, 0xfd, 0x75, 0xf0, 
0xea, 0x10, 0xb, 0xa8, 0x0, 0x18, 0xef, 0xa4, 0x24, 0xc, 0xf5, 0x82, 0xe5, 
0xea, 0x10, 0xb, 0xb0, 0x0, 0xf0, 0x34, 0x1, 0xf5, 0x83, 0x75, 0xf0, 0x2, 
0xea, 0x10, 0xb, 0xb8, 0x0, 0xee, 0x12, 0x1d, 0x16, 0xe0, 0xfe, 0xa3, 0xe0, 
0xea, 0x10, 0xb, 0xc0, 0x0, 0xc3, 0x9d, 0xec, 0x64, 0x80, 0xf8, 0xee, 0x64, 
0xea, 0x10, 0xb, 0xc8, 0x0, 0x80, 0x98, 0x50, 0x3, 0x2, 0x10, 0x4, 0x90, 
0xea, 0x10, 0xb, 0xd0, 0x0, 0x4, 0x71, 0xe0, 0xff, 0x33, 0x95, 0xe0, 0xfe, 
0xea, 0x10, 0xb, 0xd8, 0x0, 0x90, 0x9, 0x31, 0xe0, 0xc3, 0x9f, 0xee, 0x64, 
0xea, 0x10, 0xb, 0xe0, 0x0, 0x80, 0xf8, 0x74, 0x80, 0x98, 0x50, 0x52, 0xa3, 
0xea, 0x10, 0xb, 0xe8, 0x0, 0xe0, 0xff, 0x75, 0xf0, 0x18, 0xa4, 0x24, 0xf6, 
0xea, 0x10, 0xb, 0xf0, 0x0, 0xf5, 0x82, 0xe5, 0xf0, 0x34, 0x0, 0xf5, 0x83, 
0xea, 0x10, 0xb, 0xf8, 0x0, 0xc0, 0x83, 0xc0, 0x82, 0x90, 0x9, 0x31, 0xe0, 
0xea, 0x10, 0xc, 0x0, 0x0, 0xfe, 0xd0, 0x82, 0xd0, 0x83, 0x75, 0xf0, 0x2, 
0xea, 0x10, 0xc, 0x8, 0x0, 0x12, 0x1d, 0x16, 0xe0, 0xfc, 0xa3, 0xe0, 0xfd, 
0xea, 0x10, 0xc, 0x10, 0x0, 0x75, 0xf0, 0x18, 0xef, 0xa4, 0x24, 0xc, 0xf5, 
0xea, 0x10, 0xc, 0x18, 0x0, 0x82, 0xe5, 0xf0, 0x34, 0x1, 0xf5, 0x83, 0x75, 
0xea, 0x10, 0xc, 0x20, 0x0, 0xf0, 0x2, 0xee, 0x12, 0x1d, 0x16, 0xe0, 0xfe, 
0xea, 0x10, 0xc, 0x28, 0x0, 0xa3, 0xe0, 0xc3, 0x9d, 0xec, 0x64, 0x80, 0xf8, 
0xea, 0x10, 0xc, 0x30, 0x0, 0xee, 0x64, 0x80, 0x98, 0x50, 0x3, 0x2, 0x10, 
0xea, 0x10, 0xc, 0x38, 0x0, 0x4, 0x90, 0x5, 0xc, 0xe0, 0xff, 0x33, 0x95, 
0xea, 0x10, 0xc, 0x40, 0x0, 0xe0, 0xfe, 0x90, 0x9, 0x31, 0xe0, 0xd3, 0x9f, 
0xea, 0x10, 0xc, 0x48, 0x0, 0xee, 0x64, 0x80, 0xf8, 0x74, 0x80, 0x98, 0x40, 
0xea, 0x10, 0xc, 0x50, 0x0, 0x52, 0xa3, 0xe0, 0xff, 0x75, 0xf0, 0x18, 0xa4, 
0xea, 0x10, 0xc, 0x58, 0x0, 0x24, 0xa, 0xf5, 0x82, 0xe5, 0xf0, 0x34, 0x1, 
0xea, 0x10, 0xc, 0x60, 0x0, 0xf5, 0x83, 0xc0, 0x83, 0xc0, 0x82, 0x90, 0x9, 
0xea, 0x10, 0xc, 0x68, 0x0, 0x31, 0xe0, 0xfe, 0xd0, 0x82, 0xd0, 0x83, 0x75, 
0xea, 0x10, 0xc, 0x70, 0x0, 0xf0, 0x2, 0x12, 0x1d, 0x16, 0xe0, 0xfc, 0xa3, 
0xea, 0x10, 0xc, 0x78, 0x0, 0xe0, 0xfd, 0x75, 0xf0, 0x18, 0xef, 0xa4, 0x24, 
0xea, 0x10, 0xc, 0x80, 0x0, 0xc, 0xf5, 0x82, 0xe5, 0xf0, 0x34, 0x1, 0xf5, 
0xea, 0x10, 0xc, 0x88, 0x0, 0x83, 0x75, 0xf0, 0x2, 0xee, 0x12, 0x1d, 0x16, 
0xea, 0x10, 0xc, 0x90, 0x0, 0xe0, 0xfe, 0xa3, 0xe0, 0xc3, 0x9d, 0xec, 0x64, 
0xea, 0x10, 0xc, 0x98, 0x0, 0x80, 0xf8, 0xee, 0x64, 0x80, 0x98, 0x50, 0x3, 
0xea, 0x10, 0xc, 0xa0, 0x0, 0x2, 0x10, 0x4, 0x90, 0x4, 0x71, 0xe0, 0xff, 
0xea, 0x10, 0xc, 0xa8, 0x0, 0x33, 0x95, 0xe0, 0xfe, 0x90, 0x9, 0x31, 0xe0, 
0xea, 0x10, 0xc, 0xb0, 0x0, 0xc3, 0x9f, 0xee, 0x64, 0x80, 0xf8, 0x74, 0x80, 
0xea, 0x10, 0xc, 0xb8, 0x0, 0x98, 0x50, 0x52, 0xa3, 0xe0, 0xff, 0x75, 0xf0, 
0xea, 0x10, 0xc, 0xc0, 0x0, 0x18, 0xa4, 0x24, 0xe, 0xf5, 0x82, 0xe5, 0xf0, 
0xea, 0x10, 0xc, 0xc8, 0x0, 0x34, 0x1, 0xf5, 0x83, 0xc0, 0x83, 0xc0, 0x82, 
0xea, 0x10, 0xc, 0xd0, 0x0, 0x90, 0x9, 0x31, 0xe0, 0xfe, 0xd0, 0x82, 0xd0, 
0xea, 0x10, 0xc, 0xd8, 0x0, 0x83, 0x75, 0xf0, 0x2, 0x12, 0x1d, 0x16, 0xe0, 
0xea, 0x10, 0xc, 0xe0, 0x0, 0xfc, 0xa3, 0xe0, 0xfd, 0x75, 0xf0, 0x18, 0xef, 
0xea, 0x10, 0xc, 0xe8, 0x0, 0xa4, 0x24, 0xc, 0xf5, 0x82, 0xe5, 0xf0, 0x34, 
0xea, 0x10, 0xc, 0xf0, 0x0, 0x1, 0xf5, 0x83, 0x75, 0xf0, 0x2, 0xee, 0x12, 
0xea, 0x10, 0xc, 0xf8, 0x0, 0x1d, 0x16, 0xe0, 0xfe, 0xa3, 0xe0, 0xc3, 0x9d, 
0xea, 0x10, 0xd, 0x0, 0x0, 0xec, 0x64, 0x80, 0xf8, 0xee, 0x64, 0x80, 0x98, 
0xea, 0x10, 0xd, 0x8, 0x0, 0x50, 0x3, 0x2, 0x10, 0x4, 0x90, 0x4, 0xbc, 
0xea, 0x10, 0xd, 0x10, 0x0, 0xe0, 0xff, 0x33, 0x95, 0xe0, 0xfe, 0x90, 0x9, 
0xea, 0x10, 0xd, 0x18, 0x0, 0x32, 0xe0, 0xc3, 0x9f, 0xee, 0x64, 0x80, 0xf8, 
0xea, 0x10, 0xd, 0x20, 0x0, 0x74, 0x80, 0x98, 0x40, 0x3, 0x2, 0xe, 0x4d, 
0xea, 0x10, 0xd, 0x28, 0x0, 0xe0, 0xff, 0x75, 0xf0, 0x18, 0xa4, 0x24, 0x24, 
0xea, 0x10, 0xd, 0x30, 0x0, 0xf5, 0x82, 0xe5, 0xf0, 0x34, 0x1, 0xf5, 0x83, 
0xea, 0x10, 0xd, 0x38, 0x0, 0xc0, 0x83, 0xc0, 0x82, 0x90, 0x9, 0x31, 0xe0, 
0xea, 0x10, 0xd, 0x40, 0x0, 0xfe, 0xd0, 0x82, 0xd0, 0x83, 0x75, 0xf0, 0x2, 
0xea, 0x10, 0xd, 0x48, 0x0, 0x12, 0x1d, 0x16, 0xe0, 0xfc, 0xa3, 0xe0, 0xfd, 
0xea, 0x10, 0xd, 0x50, 0x0, 0x75, 0xf0, 0x18, 0xef, 0xa4, 0x24, 0xc, 0xf5, 
0xea, 0x10, 0xd, 0x58, 0x0, 0x82, 0xe5, 0xf0, 0x34, 0x1, 0xf5, 0x83, 0x75, 
0xea, 0x10, 0xd, 0x60, 0x0, 0xf0, 0x2, 0xee, 0x12, 0x1d, 0x16, 0xe0, 0xfe, 
0xea, 0x10, 0xd, 0x68, 0x0, 0xa3, 0xe0, 0xc3, 0x9d, 0xec, 0x64, 0x80, 0xf8, 
0xea, 0x10, 0xd, 0x70, 0x0, 0xee, 0x64, 0x80, 0x98, 0x50, 0x3, 0x2, 0x10, 
0xea, 0x10, 0xd, 0x78, 0x0, 0x4, 0x90, 0x5, 0xc, 0xe0, 0xff, 0x33, 0x95, 
0xea, 0x10, 0xd, 0x80, 0x0, 0xe0, 0xfe, 0x90, 0x9, 0x31, 0xe0, 0xd3, 0x9f, 
0xea, 0x10, 0xd, 0x88, 0x0, 0xee, 0x64, 0x80, 0xf8, 0x74, 0x80, 0x98, 0x40, 
0xea, 0x10, 0xd, 0x90, 0x0, 0x52, 0xa3, 0xe0, 0xff, 0x75, 0xf0, 0x18, 0xa4, 
0xea, 0x10, 0xd, 0x98, 0x0, 0x24, 0x22, 0xf5, 0x82, 0xe5, 0xf0, 0x34, 0x1, 
0xea, 0x10, 0xd, 0xa0, 0x0, 0xf5, 0x83, 0xc0, 0x83, 0xc0, 0x82, 0x90, 0x9, 
0xea, 0x10, 0xd, 0xa8, 0x0, 0x31, 0xe0, 0xfe, 0xd0, 0x82, 0xd0, 0x83, 0x75, 
0xea, 0x10, 0xd, 0xb0, 0x0, 0xf0, 0x2, 0x12, 0x1d, 0x16, 0xe0, 0xfc, 0xa3, 
0xea, 0x10, 0xd, 0xb8, 0x0, 0xe0, 0xfd, 0x75, 0xf0, 0x18, 0xef, 0xa4, 0x24, 
0xea, 0x10, 0xd, 0xc0, 0x0, 0xc, 0xf5, 0x82, 0xe5, 0xf0, 0x34, 0x1, 0xf5, 
0xea, 0x10, 0xd, 0xc8, 0x0, 0x83, 0x75, 0xf0, 0x2, 0xee, 0x12, 0x1d, 0x16, 
0xea, 0x10, 0xd, 0xd0, 0x0, 0xe0, 0xfe, 0xa3, 0xe0, 0xc3, 0x9d, 0xec, 0x64, 
0xea, 0x10, 0xd, 0xd8, 0x0, 0x80, 0xf8, 0xee, 0x64, 0x80, 0x98, 0x50, 0x3, 
0xea, 0x10, 0xd, 0xe0, 0x0, 0x2, 0x10, 0x4, 0x90, 0x4, 0x71, 0xe0, 0xff, 
0xea, 0x10, 0xd, 0xe8, 0x0, 0x33, 0x95, 0xe0, 0xfe, 0x90, 0x9, 0x31, 0xe0, 
0xea, 0x10, 0xd, 0xf0, 0x0, 0xc3, 0x9f, 0xee, 0x64, 0x80, 0xf8, 0x74, 0x80, 
0xea, 0x10, 0xd, 0xf8, 0x0, 0x98, 0x50, 0x52, 0xa3, 0xe0, 0xff, 0x75, 0xf0, 
0xea, 0x10, 0xe, 0x0, 0x0, 0x18, 0xa4, 0x24, 0x26, 0xf5, 0x82, 0xe5, 0xf0, 
0xea, 0x10, 0xe, 0x8, 0x0, 0x34, 0x1, 0xf5, 0x83, 0xc0, 0x83, 0xc0, 0x82, 
0xea, 0x10, 0xe, 0x10, 0x0, 0x90, 0x9, 0x31, 0xe0, 0xfe, 0xd0, 0x82, 0xd0, 
0xea, 0x10, 0xe, 0x18, 0x0, 0x83, 0x75, 0xf0, 0x2, 0x12, 0x1d, 0x16, 0xe0, 
0xea, 0x10, 0xe, 0x20, 0x0, 0xfc, 0xa3, 0xe0, 0xfd, 0x75, 0xf0, 0x18, 0xef, 
0xea, 0x10, 0xe, 0x28, 0x0, 0xa4, 0x24, 0xc, 0xf5, 0x82, 0xe5, 0xf0, 0x34, 
0xea, 0x10, 0xe, 0x30, 0x0, 0x1, 0xf5, 0x83, 0x75, 0xf0, 0x2, 0xee, 0x12, 
0xea, 0x10, 0xe, 0x38, 0x0, 0x1d, 0x16, 0xe0, 0xfe, 0xa3, 0xe0, 0xc3, 0x9d, 
0xea, 0x10, 0xe, 0x40, 0x0, 0xec, 0x64, 0x80, 0xf8, 0xee, 0x64, 0x80, 0x98, 
0xea, 0x10, 0xe, 0x48, 0x0, 0x50, 0x3, 0x2, 0x10, 0x4, 0x90, 0x9, 0x32, 
0xea, 0x10, 0xe, 0x50, 0x0, 0xe0, 0xff, 0x7e, 0x0, 0x90, 0x9, 0x31, 0xe0, 
0xea, 0x10, 0xe, 0x58, 0x0, 0xfd, 0x7c, 0x0, 0x12, 0x44, 0x0, 0x90, 0x9, 
0xea, 0x10, 0xe, 0x60, 0x0, 0x43, 0xee, 0xf0, 0xa3, 0xef, 0xf0, 0x90, 0x9, 
0xea, 0x10, 0xe, 0x68, 0x0, 0x35, 0xe0, 0xfc, 0xa3, 0xe0, 0xd3, 0x9f, 0xee, 
0xea, 0x10, 0xe, 0x70, 0x0, 0x64, 0x80, 0xf8, 0xec, 0x64, 0x80, 0x98, 0x40, 
0xea, 0x10, 0xe, 0x78, 0x0, 0x3, 0x2, 0x10, 0x4, 0x90, 0x9, 0x32, 0xe0, 
0xea, 0x10, 0xe, 0x80, 0x0, 0xff, 0x7e, 0x0, 0x90, 0x9, 0x31, 0xe0, 0xfd, 
0xea, 0x10, 0xe, 0x88, 0x0, 0x7c, 0x0, 0x12, 0x22, 0xd6, 0x90, 0x9, 0x47, 
0xea, 0x10, 0xe, 0x90, 0x0, 0xee, 0xf0, 0xa3, 0xef, 0xf0, 0x90, 0x9, 0x3b, 
0xea, 0x10, 0xe, 0x98, 0x0, 0xe0, 0xfc, 0xa3, 0xe0, 0xd3, 0x9f, 0xee, 0x64, 
0xea, 0x10, 0xe, 0xa0, 0x0, 0x80, 0xf8, 0xec, 0x64, 0x80, 0x98, 0x40, 0x3, 
0xea, 0x10, 0xe, 0xa8, 0x0, 0x2, 0x10, 0x4, 0xe4, 0xfa, 0xfb, 0xeb, 0xff, 
0xea, 0x10, 0xe, 0xb0, 0x0, 0x90, 0x5, 0xe0, 0xe0, 0xfc, 0xa3, 0xe0, 0xd3, 
0xea, 0x10, 0xe, 0xb8, 0x0, 0x9f, 0x74, 0x80, 0xf8, 0xec, 0x64, 0x80, 0x98, 
0xea, 0x10, 0xe, 0xc0, 0x0, 0x50, 0x3, 0x2, 0xf, 0x53, 0x90, 0x9, 0x32, 
0xea, 0x10, 0xe, 0xc8, 0x0, 0xe0, 0xff, 0xeb, 0x25, 0xe0, 0x24, 0xe2, 0xf5, 
0xea, 0x10, 0xe, 0xd0, 0x0, 0x82, 0xe4, 0x34, 0x4, 0xf5, 0x83, 0xe0, 0xfc, 
0xea, 0x10, 0xe, 0xd8, 0x0, 0xa3, 0xe0, 0xc3, 0x9f, 0xfe, 0xec, 0x94, 0x0, 
0xea, 0x10, 0xe, 0xe0, 0x0, 0x90, 0x9, 0x33, 0xf0, 0xa3, 0xce, 0xf0, 0x90, 
0xea, 0x10, 0xe, 0xe8, 0x0, 0x9, 0x31, 0xe0, 0xff, 0xeb, 0x25, 0xe0, 0x24, 
0xea, 0x10, 0xe, 0xf0, 0x0, 0xf8, 0xf5, 0x82, 0xe4, 0x34, 0x4, 0xf5, 0x83, 
0xea, 0x10, 0xe, 0xf8, 0x0, 0xe0, 0xfc, 0xa3, 0xe0, 0xc3, 0x9f, 0xff, 0xec, 
0xea, 0x10, 0xf, 0x0, 0x0, 0x94, 0x0, 0xfe, 0x90, 0x9, 0x33, 0xe0, 0xfc, 
0xea, 0x10, 0xf, 0x8, 0x0, 0xa3, 0xe0, 0xfd, 0xc3, 0xec, 0x64, 0x80, 0x94, 
0xea, 0x10, 0xf, 0x10, 0x0, 0x80, 0x50, 0xd, 0xc3, 0xe4, 0x9d, 0xfd, 0xe4, 
0xea, 0x10, 0xf, 0x18, 0x0, 0x9c, 0x90, 0x9, 0x33, 0xf0, 0xa3, 0xed, 0xf0, 
0xea, 0x10, 0xf, 0x20, 0x0, 0xc3, 0xee, 0x64, 0x80, 0x94, 0x80, 0x50, 0x7, 
0xea, 0x10, 0xf, 0x28, 0x0, 0xc3, 0xe4, 0x9f, 0xff, 0xe4, 0x9e, 0xfe, 0x90, 
0xea, 0x10, 0xf, 0x30, 0x0, 0x9, 0x33, 0xe0, 0xfc, 0xa3, 0xe0, 0xc3, 0x94, 
0xea, 0x10, 0xf, 0x38, 0x0, 0x2, 0xec, 0x64, 0x80, 0x94, 0x80, 0x50, 0xf, 
0xea, 0x10, 0xf, 0x40, 0x0, 0xc3, 0xef, 0x94, 0x2, 0xee, 0x64, 0x80, 0x94, 
0xea, 0x10, 0xf, 0x48, 0x0, 0x80, 0x50, 0x4, 0x7a, 0x1, 0x80, 0x4, 0xb, 
0xea, 0x10, 0xf, 0x50, 0x0, 0x2, 0xe, 0xae, 0xea, 0x60, 0x3, 0x2, 0x10, 
0xea, 0x10, 0xf, 0x58, 0x0, 0x4, 0x90, 0x9, 0x43, 0xe0, 0xfc, 0xa3, 0xe0, 
0xea, 0x10, 0xf, 0x60, 0x0, 0xfd, 0x90, 0x5, 0xe0, 0xe0, 0xfa, 0xa3, 0xe0, 
0xea, 0x10, 0xf, 0x68, 0x0, 0xfb, 0x25, 0xe0, 0xff, 0xea, 0x33, 0xfe, 0x74, 
0xea, 0x10, 0xf, 0x70, 0x0, 0x36, 0x2f, 0xf5, 0x82, 0x74, 0x3, 0x3e, 0xf5, 
0xea, 0x10, 0xf, 0x78, 0x0, 0x83, 0xec, 0xf0, 0xa3, 0xed, 0xf0, 0x90, 0x9, 
0xea, 0x10, 0xf, 0x80, 0x0, 0x31, 0xe0, 0xf9, 0x70, 0x2b, 0xa3, 0xe0, 0x70, 
0xea, 0x10, 0xf, 0x88, 0x0, 0x27, 0xeb, 0x25, 0xe0, 0xff, 0xea, 0x33, 0xfe, 
0xea, 0x10, 0xf, 0x90, 0x0, 0x74, 0xe2, 0x2f, 0xf5, 0x82, 0x74, 0x4, 0x3e, 
0xea, 0x10, 0xf, 0x98, 0x0, 0xf5, 0x83, 0xe4, 0xf0, 0xa3, 0x4, 0xf0, 0x74, 
0xea, 0x10, 0xf, 0xa0, 0x0, 0xf8, 0x2f, 0xf5, 0x82, 0x74, 0x4, 0x3e, 0xf5, 
0xea, 0x10, 0xf, 0xa8, 0x0, 0x83, 0xe4, 0xf0, 0xa3, 0x4, 0xf0, 0x80, 0x32, 
0xea, 0x10, 0xf, 0xb0, 0x0, 0x90, 0x9, 0x32, 0xe0, 0xfd, 0x90, 0x5, 0xe0, 
0xea, 0x10, 0xf, 0xb8, 0x0, 0xe0, 0xfe, 0xa3, 0xe0, 0x25, 0xe0, 0xff, 0xee, 
0xea, 0x10, 0xf, 0xc0, 0x0, 0x33, 0xfe, 0x74, 0xe2, 0x2f, 0xf5, 0x82, 0x74, 
0xea, 0x10, 0xf, 0xc8, 0x0, 0x4, 0x3e, 0xf5, 0x83, 0xe4, 0xf0, 0xa3, 0xed, 
0xea, 0x10, 0xf, 0xd0, 0x0, 0xf0, 0xe9, 0xfd, 0x74, 0xf8, 0x2f, 0xf5, 0x82, 
0xea, 0x10, 0xf, 0xd8, 0x0, 0x74, 0x4, 0x3e, 0xf5, 0x83, 0xe4, 0xf0, 0xa3, 
0xea, 0x10, 0xf, 0xe0, 0x0, 0xed, 0xf0, 0x90, 0x5, 0xe1, 0xe0, 0x4, 0xf0, 
0xea, 0x10, 0xf, 0xe8, 0x0, 0x70, 0x6, 0x90, 0x5, 0xe0, 0xe0, 0x4, 0xf0, 
0xea, 0x10, 0xf, 0xf0, 0x0, 0x12, 0x73, 0x5, 0x90, 0x5, 0xe0, 0xe0, 0xfe, 
0xea, 0x10, 0xf, 0xf8, 0x0, 0xa3, 0xe0, 0xc3, 0x94, 0x8, 0xee, 0x64, 0x80, 
0xea, 0x10, 0x10, 0x0, 0x0, 0x94, 0x80, 0x50, 0x9, 0x90, 0x9, 0x32, 0xe0, 
0xea, 0x10, 0x10, 0x8, 0x0, 0x4, 0xf0, 0x2, 0xa, 0x9f, 0x12, 0x73, 0x5, 
0xea, 0x10, 0x10, 0x10, 0x0, 0x90, 0x5, 0xe0, 0xe0, 0xfe, 0xa3, 0xe0, 0xc3, 
0xea, 0x10, 0x10, 0x18, 0x0, 0x94, 0x8, 0xee, 0x64, 0x80, 0x94, 0x80, 0x50, 
0xea, 0x10, 0x10, 0x20, 0x0, 0x9, 0x90, 0x9, 0x31, 0xe0, 0x4, 0xf0, 0x2, 
0xea, 0x10, 0x10, 0x28, 0x0, 0x9, 0xac, 0x22, 0x90, 0x9, 0x10, 0xee, 0xf0, 
0xea, 0x10, 0x10, 0x30, 0x0, 0xa3, 0xef, 0xf0, 0xe4, 0x90, 0x9, 0x14, 0xf0, 
0xea, 0x10, 0x10, 0x38, 0x0, 0xa3, 0xf0, 0x90, 0x5, 0x46, 0xe0, 0xff, 0x33, 
0xea, 0x10, 0x10, 0x40, 0x0, 0x95, 0xe0, 0xfe, 0xef, 0x24, 0x3, 0xff, 0xe4, 
0xea, 0x10, 0x10, 0x48, 0x0, 0x3e, 0x90, 0x9, 0x12, 0xf0, 0xa3, 0xef, 0xf0, 
0xea, 0x10, 0x10, 0x50, 0x0, 0x90, 0x4, 0xbc, 0xe0, 0xff, 0x33, 0x95, 0xe0, 
0xea, 0x10, 0x10, 0x58, 0x0, 0xfe, 0xef, 0x24, 0xfd, 0xff, 0xee, 0x34, 0xff, 
0xea, 0x10, 0x10, 0x60, 0x0, 0xfe, 0x90, 0x9, 0x12, 0xe0, 0xfc, 0xa3, 0xe0, 
0xea, 0x10, 0x10, 0x68, 0x0, 0xfd, 0xd3, 0x9f, 0xee, 0x64, 0x80, 0xf8, 0xec, 
0xea, 0x10, 0x10, 0x70, 0x0, 0x64, 0x80, 0x98, 0x40, 0x3, 0x2, 0x12, 0xe4, 
0xea, 0x10, 0x10, 0x78, 0x0, 0x90, 0x9, 0x10, 0xe0, 0xfa, 0xa3, 0xe0, 0xfb, 
0xea, 0x10, 0x10, 0x80, 0x0, 0x25, 0xe0, 0xff, 0xea, 0x33, 0xfe, 0x90, 0x1, 
0xea, 0x10, 0x10, 0x88, 0x0, 0xc, 0x75, 0xf0, 0x18, 0xed, 0x12, 0x1d, 0x16, 
0xea, 0x10, 0x10, 0x90, 0x0, 0xec, 0x75, 0xf0, 0x18, 0xa4, 0x25, 0x83, 0xf5, 
0xea, 0x10, 0x10, 0x98, 0x0, 0x83, 0xe5, 0x82, 0x2f, 0xf5, 0x82, 0xe5, 0x83, 
0xea, 0x10, 0x10, 0xa0, 0x0, 0x3e, 0xf5, 0x83, 0xe0, 0xfc, 0xa3, 0xe0, 0xfd, 
0xea, 0x10, 0x10, 0xa8, 0x0, 0x74, 0x8, 0x2f, 0xf5, 0x82, 0x74, 0x4, 0x3e, 
0xea, 0x10, 0x10, 0xb0, 0x0, 0xf5, 0x83, 0xe0, 0xfe, 0xa3, 0xe0, 0xff, 0xc3, 
0xea, 0x10, 0x10, 0xb8, 0x0, 0xed, 0x9f, 0xfd, 0xec, 0x9e, 0xfc, 0x90, 0x9, 
0xea, 0x10, 0x10, 0xc0, 0x0, 0x13, 0xe0, 0x25, 0xe0, 0xff, 0x90, 0x9, 0x12, 
0xea, 0x10, 0x10, 0xc8, 0x0, 0xe0, 0x33, 0xfe, 0x74, 0x40, 0x2f, 0xf5, 0x82, 
0xea, 0x10, 0x10, 0xd0, 0x0, 0x74, 0x4, 0x3e, 0xf5, 0x83, 0xe0, 0xfe, 0xa3, 
0xea, 0x10, 0x10, 0xd8, 0x0, 0xe0, 0xff, 0xc3, 0xed, 0x9f, 0xfd, 0xec, 0x9e, 
0xea, 0x10, 0x10, 0xe0, 0x0, 0xfc, 0xeb, 0x25, 0xe0, 0xff, 0xea, 0x33, 0xfe, 
0xea, 0x10, 0x10, 0xe8, 0x0, 0x90, 0x9, 0x12, 0xe0, 0xfa, 0xa3, 0xe0, 0xfb, 
0xea, 0x10, 0x10, 0xf0, 0x0, 0x90, 0x11, 0x14, 0x75, 0xf0, 0x18, 0x12, 0x1d, 
0xea, 0x10, 0x10, 0xf8, 0x0, 0x16, 0xea, 0x75, 0xf0, 0x18, 0xa4, 0x25, 0x83, 
0xea, 0x10, 0x11, 0x0, 0x0, 0xf5, 0x83, 0xe5, 0x82, 0x2f, 0xf5, 0x82, 0xe5, 
0xea, 0x10, 0x11, 0x8, 0x0, 0x83, 0x3e, 0xf5, 0x83, 0xe0, 0xfe, 0xa3, 0xe0, 
0xea, 0x10, 0x11, 0x10, 0x0, 0xc3, 0x9d, 0xff, 0xee, 0x9c, 0xc4, 0xf8, 0x54, 
0xea, 0x10, 0x11, 0x18, 0x0, 0xf0, 0xc8, 0x68, 0xfe, 0xef, 0xc4, 0x54, 0xf, 
0xea, 0x10, 0x11, 0x20, 0x0, 0x48, 0xff, 0x90, 0x9, 0x16, 0xee, 0xf0, 0xa3, 
0xea, 0x10, 0x11, 0x28, 0x0, 0xef, 0xf0, 0x90, 0x9, 0x11, 0xe0, 0x25, 0xe0, 
0xea, 0x10, 0x11, 0x30, 0x0, 0xff, 0x90, 0x9, 0x10, 0xe0, 0x33, 0xfe, 0x90, 
0xea, 0x10, 0x11, 0x38, 0x0, 0x0, 0xdc, 0x75, 0xf0, 0x18, 0xeb, 0x12, 0x1d, 
0xea, 0x10, 0x11, 0x40, 0x0, 0x16, 0xea, 0x75, 0xf0, 0x18, 0xa4, 0x25, 0x83, 
0xea, 0x10, 0x11, 0x48, 0x0, 0xf5, 0x83, 0xe5, 0x82, 0x2f, 0xf5, 0x82, 0xe5, 
0xea, 0x10, 0x11, 0x50, 0x0, 0x83, 0x3e, 0xf5, 0x83, 0xe0, 0xfc, 0xa3, 0xe0, 
0xea, 0x10, 0x11, 0x58, 0x0, 0xfd, 0x74, 0x8, 0x2f, 0xf5, 0x82, 0x74, 0x4, 
0xea, 0x10, 0x11, 0x60, 0x0, 0x3e, 0xf5, 0x83, 0xe0, 0xfe, 0xa3, 0xe0, 0xff, 
0xea, 0x10, 0x11, 0x68, 0x0, 0xc3, 0xed, 0x9f, 0xfd, 0xec, 0x9e, 0xfc, 0x90, 
0xea, 0x10, 0x11, 0x70, 0x0, 0x9, 0x13, 0xe0, 0x25, 0xe0, 0xff, 0x90, 0x9, 
0xea, 0x10, 0x11, 0x78, 0x0, 0x12, 0xe0, 0x33, 0xfe, 0x74, 0x3c, 0x2f, 0xf5, 
0xea, 0x10, 0x11, 0x80, 0x0, 0x82, 0x74, 0x4, 0x3e, 0xf5, 0x83, 0xe0, 0xfe, 
0xea, 0x10, 0x11, 0x88, 0x0, 0xa3, 0xe0, 0xff, 0xc3, 0xed, 0x9f, 0xfd, 0xec, 
0xea, 0x10, 0x11, 0x90, 0x0, 0x9e, 0xfc, 0x90, 0x9, 0x11, 0xe0, 0x25, 0xe0, 
0xea, 0x10, 0x11, 0x98, 0x0, 0xff, 0x90, 0x9, 0x10, 0xe0, 0x33, 0xfe, 0x90, 
0xea, 0x10, 0x11, 0xa0, 0x0, 0x9, 0x12, 0xa3, 0xe0, 0x90, 0x10, 0xe4, 0x75, 
0xea, 0x10, 0x11, 0xa8, 0x0, 0xf0, 0x18, 0x12, 0x1d, 0x16, 0xea, 0x75, 0xf0, 
0xea, 0x10, 0x11, 0xb0, 0x0, 0x18, 0xa4, 0x25, 0x83, 0xf5, 0x83, 0xe5, 0x82, 
0xea, 0x10, 0x11, 0xb8, 0x0, 0x2f, 0xf5, 0x82, 0xe5, 0x83, 0x3e, 0xf5, 0x83, 
0xea, 0x10, 0x11, 0xc0, 0x0, 0xe0, 0xfe, 0xa3, 0xe0, 0xc3, 0x9d, 0xff, 0xee, 
0xea, 0x10, 0x11, 0xc8, 0x0, 0x9c, 0xfe, 0xef, 0x78, 0x5, 0xce, 0xc3, 0x13, 
0xea, 0x10, 0x11, 0xd0, 0x0, 0xce, 0x13, 0xd8, 0xf9, 0xff, 0xc3, 0x90, 0x9, 
0xea, 0x10, 0x11, 0xd8, 0x0, 0x17, 0xe0, 0x9f, 0xf0, 0x90, 0x9, 0x16, 0xe0, 
0xea, 0x10, 0x11, 0xe0, 0x0, 0x9e, 0xf0, 0x90, 0x9, 0x11, 0xe0, 0x25, 0xe0, 
0xea, 0x10, 0x11, 0xe8, 0x0, 0xff, 0x90, 0x9, 0x10, 0xe0, 0x33, 0xfe, 0x90, 
0xea, 0x10, 0x11, 0xf0, 0x0, 0x9, 0x12, 0xe0, 0xfc, 0xa3, 0xe0, 0x90, 0x1, 
0xea, 0x10, 0x11, 0xf8, 0x0, 0x3c, 0x75, 0xf0, 0x18, 0x12, 0x1d, 0x16, 0xec, 
0xea, 0x10, 0x12, 0x0, 0x0, 0x75, 0xf0, 0x18, 0xa4, 0x25, 0x83, 0xf5, 0x83, 
0xea, 0x10, 0x12, 0x8, 0x0, 0xe5, 0x82, 0x2f, 0xf5, 0x82, 0xe5, 0x83, 0x3e, 
0xea, 0x10, 0x12, 0x10, 0x0, 0xf5, 0x83, 0xe0, 0xfc, 0xa3, 0xe0, 0xfd, 0x74, 
0xea, 0x10, 0x12, 0x18, 0x0, 0x8, 0x2f, 0xf5, 0x82, 0x74, 0x4, 0x3e, 0xf5, 
0xea, 0x10, 0x12, 0x20, 0x0, 0x83, 0xe0, 0xfe, 0xa3, 0xe0, 0xff, 0xc3, 0xed, 
0xea, 0x10, 0x12, 0x28, 0x0, 0x9f, 0xfd, 0xec, 0x9e, 0xfc, 0x90, 0x9, 0x13, 
0xea, 0x10, 0x12, 0x30, 0x0, 0xe0, 0x25, 0xe0, 0xff, 0x90, 0x9, 0x12, 0xe0, 
0xea, 0x10, 0x12, 0x38, 0x0, 0x33, 0xfe, 0x74, 0x44, 0x2f, 0xf5, 0x82, 0x74, 
0xea, 0x10, 0x12, 0x40, 0x0, 0x4, 0x3e, 0xf5, 0x83, 0xe0, 0xfe, 0xa3, 0xe0, 
0xea, 0x10, 0x12, 0x48, 0x0, 0xff, 0xc3, 0xed, 0x9f, 0xfd, 0xec, 0x9e, 0xfc, 
0xea, 0x10, 0x12, 0x50, 0x0, 0x90, 0x9, 0x11, 0xe0, 0x25, 0xe0, 0xff, 0x90, 
0xea, 0x10, 0x12, 0x58, 0x0, 0x9, 0x10, 0xe0, 0x33, 0xfe, 0x90, 0x9, 0x12, 
0xea, 0x10, 0x12, 0x60, 0x0, 0xe0, 0xfa, 0xa3, 0xe0, 0x90, 0x11, 0x44, 0x75, 
0xea, 0x10, 0x12, 0x68, 0x0, 0xf0, 0x18, 0x12, 0x1d, 0x16, 0xea, 0x75, 0xf0, 
0xea, 0x10, 0x12, 0x70, 0x0, 0x18, 0xa4, 0x25, 0x83, 0xf5, 0x83, 0xe5, 0x82, 
0xea, 0x10, 0x12, 0x78, 0x0, 0x2f, 0xf5, 0x82, 0xe5, 0x83, 0x3e, 0xf5, 0x83, 
0xea, 0x10, 0x12, 0x80, 0x0, 0xe0, 0xfe, 0xa3, 0xe0, 0xc3, 0x9d, 0xff, 0xee, 
0xea, 0x10, 0x12, 0x88, 0x0, 0x9c, 0xfe, 0xef, 0x78, 0x5, 0xce, 0xc3, 0x13, 
0xea, 0x10, 0x12, 0x90, 0x0, 0xce, 0x13, 0xd8, 0xf9, 0xff, 0xc3, 0x90, 0x9, 
0xea, 0x10, 0x12, 0x98, 0x0, 0x17, 0xe0, 0x9f, 0xf0, 0x90, 0x9, 0x16, 0xe0, 
0xea, 0x10, 0x12, 0xa0, 0x0, 0x9e, 0xf0, 0xe0, 0xfe, 0xa3, 0xe0, 0xff, 0xc3, 
0xea, 0x10, 0x12, 0xa8, 0x0, 0xee, 0x64, 0x80, 0x94, 0x80, 0x50, 0xd, 0xc3, 
0xea, 0x10, 0x12, 0xb0, 0x0, 0xe4, 0x9f, 0xff, 0xe4, 0x9e, 0x90, 0x9, 0x16, 
0xea, 0x10, 0x12, 0xb8, 0x0, 0xf0, 0xa3, 0xef, 0xf0, 0x90, 0x9, 0x16, 0xe0, 
0xea, 0x10, 0x12, 0xc0, 0x0, 0xfe, 0xa3, 0xe0, 0xff, 0x90, 0x9, 0x15, 0xe0, 
0xea, 0x10, 0x12, 0xc8, 0x0, 0x2f, 0xf0, 0x90, 0x9, 0x14, 0xe0, 0x3e, 0xf0, 
0xea, 0x10, 0x12, 0xd0, 0x0, 0x90, 0x9, 0x13, 0xe0, 0x4, 0xf0, 0x60, 0x3, 
0xea, 0x10, 0x12, 0xd8, 0x0, 0x2, 0x10, 0x50, 0x90, 0x9, 0x12, 0xe0, 0x4, 
0xea, 0x10, 0x12, 0xe0, 0x0, 0xf0, 0x2, 0x10, 0x50, 0x90, 0x9, 0x11, 0xe0, 
0xea, 0x10, 0x12, 0xe8, 0x0, 0x25, 0xe0, 0xff, 0x90, 0x9, 0x10, 0xe0, 0x33, 
0xea, 0x10, 0x12, 0xf0, 0x0, 0xfe, 0x90, 0x5, 0x46, 0xe0, 0xf9, 0xfd, 0x33, 
0xea, 0x10, 0x12, 0xf8, 0x0, 0x95, 0xe0, 0xfc, 0x90, 0x1, 0xc, 0x75, 0xf0, 
0xea, 0x10, 0x13, 0x0, 0x0, 0x18, 0xed, 0x12, 0x1d, 0x16, 0xec, 0x75, 0xf0, 
0xea, 0x10, 0x13, 0x8, 0x0, 0x18, 0xa4, 0x25, 0x83, 0xf5, 0x83, 0xe5, 0x82, 
0xea, 0x10, 0x13, 0x10, 0x0, 0x2f, 0xf5, 0x82, 0xe5, 0x83, 0x3e, 0xf5, 0x83, 
0xea, 0x10, 0x13, 0x18, 0x0, 0xe0, 0xfa, 0xa3, 0xe0, 0xfb, 0x90, 0x11, 0x14, 
0xea, 0x10, 0x13, 0x20, 0x0, 0x75, 0xf0, 0x18, 0xed, 0x12, 0x1d, 0x16, 0xec, 
0xea, 0x10, 0x13, 0x28, 0x0, 0x75, 0xf0, 0x18, 0xa4, 0x25, 0x83, 0xf5, 0x83, 
0xea, 0x10, 0x13, 0x30, 0x0, 0xe5, 0x82, 0x2f, 0xf5, 0x82, 0xe5, 0x83, 0x3e, 
0xea, 0x10, 0x13, 0x38, 0x0, 0xf5, 0x83, 0xe0, 0xfe, 0xa3, 0xe0, 0xc3, 0x9b, 
0xea, 0x10, 0x13, 0x40, 0x0, 0xff, 0xee, 0x9a, 0xc4, 0xf8, 0x54, 0xf0, 0xc8, 
0xea, 0x10, 0x13, 0x48, 0x0, 0x68, 0xfe, 0xef, 0xc4, 0x54, 0xf, 0x48, 0xff, 
0xea, 0x10, 0x13, 0x50, 0x0, 0x90, 0x9, 0x16, 0xee, 0xf0, 0xa3, 0xef, 0xf0, 
0xea, 0x10, 0x13, 0x58, 0x0, 0x90, 0x9, 0x11, 0xe0, 0x25, 0xe0, 0xff, 0x90, 
0xea, 0x10, 0x13, 0x60, 0x0, 0x9, 0x10, 0xe0, 0x33, 0xfe, 0xe9, 0x33, 0x95, 
0xea, 0x10, 0x13, 0x68, 0x0, 0xe0, 0xfc, 0x90, 0x1, 0x24, 0x75, 0xf0, 0x18, 
0xea, 0x10, 0x13, 0x70, 0x0, 0xed, 0x12, 0x1d, 0x16, 0xec, 0x75, 0xf0, 0x18, 
0xea, 0x10, 0x13, 0x78, 0x0, 0xa4, 0x25, 0x83, 0xf5, 0x83, 0xe5, 0x82, 0x2f, 
0xea, 0x10, 0x13, 0x80, 0x0, 0xf5, 0x82, 0xe5, 0x83, 0x3e, 0xf5, 0x83, 0xe0, 
0xea, 0x10, 0x13, 0x88, 0x0, 0xfc, 0xa3, 0xe0, 0xfd, 0xe9, 0xfb, 0x33, 0x95, 
0xea, 0x10, 0x13, 0x90, 0x0, 0xe0, 0xfa, 0x90, 0x11, 0x2c, 0x75, 0xf0, 0x18, 
0xea, 0x10, 0x13, 0x98, 0x0, 0xeb, 0x12, 0x1d, 0x16, 0xea, 0x75, 0xf0, 0x18, 
0xea, 0x10, 0x13, 0xa0, 0x0, 0xa4, 0x25, 0x83, 0xf5, 0x83, 0xe5, 0x82, 0x2f, 
0xea, 0x10, 0x13, 0xa8, 0x0, 0xf5, 0x82, 0xe5, 0x83, 0x3e, 0xf5, 0x83, 0xe0, 
0xea, 0x10, 0x13, 0xb0, 0x0, 0xfe, 0xa3, 0xe0, 0xc3, 0x9d, 0xff, 0xee, 0x9c, 
0xea, 0x10, 0x13, 0xb8, 0x0, 0xfe, 0xef, 0x78, 0x5, 0xce, 0xc3, 0x13, 0xce, 
0xea, 0x10, 0x13, 0xc0, 0x0, 0x13, 0xd8, 0xf9, 0xff, 0xc3, 0x90, 0x9, 0x17, 
0xea, 0x10, 0x13, 0xc8, 0x0, 0xe0, 0x9f, 0xf0, 0x90, 0x9, 0x16, 0xe0, 0x9e, 
0xea, 0x10, 0x13, 0xd0, 0x0, 0xf0, 0x90, 0x9, 0x11, 0xe0, 0x25, 0xe0, 0xff, 
0xea, 0x10, 0x13, 0xd8, 0x0, 0x90, 0x9, 0x10, 0xe0, 0x33, 0xfe, 0xe9, 0xfd, 
0xea, 0x10, 0x13, 0xe0, 0x0, 0x33, 0x95, 0xe0, 0xfc, 0x90, 0x1, 0x3c, 0x75, 
0xea, 0x10, 0x13, 0xe8, 0x0, 0xf0, 0x18, 0xed, 0x12, 0x1d, 0x16, 0xec, 0x75, 
0xea, 0x10, 0x13, 0xf0, 0x0, 0xf0, 0x18, 0xa4, 0x25, 0x83, 0xf5, 0x83, 0xe5, 
0xea, 0x10, 0x13, 0xf8, 0x0, 0x82, 0x2f, 0xf5, 0x82, 0xe5, 0x83, 0x3e, 0xf5, 
0xea, 0x10, 0x14, 0x0, 0x0, 0x83, 0xe0, 0xfc, 0xa3, 0xe0, 0xfd, 0xe9, 0xfb, 
0xea, 0x10, 0x14, 0x8, 0x0, 0x33, 0x95, 0xe0, 0xfa, 0x90, 0x11, 0x44, 0x75, 
0xea, 0x10, 0x14, 0x10, 0x0, 0xf0, 0x18, 0xeb, 0x12, 0x1d, 0x16, 0xea, 0x75, 
0xea, 0x10, 0x14, 0x18, 0x0, 0xf0, 0x18, 0xa4, 0x25, 0x83, 0xf5, 0x83, 0xe5, 
0xea, 0x10, 0x14, 0x20, 0x0, 0x82, 0x2f, 0xf5, 0x82, 0xe5, 0x83, 0x3e, 0xf5, 
0xea, 0x10, 0x14, 0x28, 0x0, 0x83, 0xe0, 0xfe, 0xa3, 0xe0, 0xc3, 0x9d, 0xff, 
0xea, 0x10, 0x14, 0x30, 0x0, 0xee, 0x9c, 0xfe, 0xef, 0x78, 0x5, 0xce, 0xc3, 
0xea, 0x10, 0x14, 0x38, 0x0, 0x13, 0xce, 0x13, 0xd8, 0xf9, 0xff, 0xc3, 0x90, 
0xea, 0x10, 0x14, 0x40, 0x0, 0x9, 0x17, 0xe0, 0x9f, 0xf0, 0x90, 0x9, 0x16, 
0xea, 0x10, 0x14, 0x48, 0x0, 0xe0, 0x9e, 0xf0, 0xe0, 0xfe, 0xa3, 0xe0, 0xff, 
0xea, 0x10, 0x14, 0x50, 0x0, 0xc3, 0xee, 0x64, 0x80, 0x94, 0x80, 0x50, 0xd, 
0xea, 0x10, 0x14, 0x58, 0x0, 0xc3, 0xe4, 0x9f, 0xff, 0xe4, 0x9e, 0x90, 0x9, 
0xea, 0x10, 0x14, 0x60, 0x0, 0x16, 0xf0, 0xa3, 0xef, 0xf0, 0x90, 0x9, 0x11, 
0xea, 0x10, 0x14, 0x68, 0x0, 0xe0, 0x25, 0xe0, 0xff, 0x90, 0x9, 0x10, 0xe0, 
0xea, 0x10, 0x14, 0x70, 0x0, 0x33, 0xfe, 0x90, 0x4, 0xbc, 0xe0, 0xf9, 0xfd, 
0xea, 0x10, 0x14, 0x78, 0x0, 0x33, 0x95, 0xe0, 0xfc, 0x90, 0x1, 0xc, 0x75, 
0xea, 0x10, 0x14, 0x80, 0x0, 0xf0, 0x18, 0xed, 0x12, 0x1d, 0x16, 0xec, 0x75, 
0xea, 0x10, 0x14, 0x88, 0x0, 0xf0, 0x18, 0xa4, 0x25, 0x83, 0xf5, 0x83, 0xe5, 
0xea, 0x10, 0x14, 0x90, 0x0, 0x82, 0x2f, 0xf5, 0x82, 0xe5, 0x83, 0x3e, 0xf5, 
0xea, 0x10, 0x14, 0x98, 0x0, 0x83, 0xe0, 0xfa, 0xa3, 0xe0, 0xfb, 0x90, 0x11, 
0xea, 0x10, 0x14, 0xa0, 0x0, 0x14, 0x75, 0xf0, 0x18, 0xed, 0x12, 0x1d, 0x16, 
0xea, 0x10, 0x14, 0xa8, 0x0, 0xec, 0x75, 0xf0, 0x18, 0xa4, 0x25, 0x83, 0xf5, 
0xea, 0x10, 0x14, 0xb0, 0x0, 0x83, 0xe5, 0x82, 0x2f, 0xf5, 0x82, 0xe5, 0x83, 
0xea, 0x10, 0x14, 0xb8, 0x0, 0x3e, 0xf5, 0x83, 0xe0, 0xfe, 0xa3, 0xe0, 0xc3, 
0xea, 0x10, 0x14, 0xc0, 0x0, 0x9b, 0xff, 0xee, 0x9a, 0xc4, 0xf8, 0x54, 0xf0, 
0xea, 0x10, 0x14, 0xc8, 0x0, 0xc8, 0x68, 0xfe, 0xef, 0xc4, 0x54, 0xf, 0x48, 
0xea, 0x10, 0x14, 0xd0, 0x0, 0xff, 0x90, 0x9, 0x16, 0xee, 0xf0, 0xa3, 0xef, 
0xea, 0x10, 0x14, 0xd8, 0x0, 0xf0, 0x90, 0x9, 0x11, 0xe0, 0x25, 0xe0, 0xff, 
0xea, 0x10, 0x14, 0xe0, 0x0, 0x90, 0x9, 0x10, 0xe0, 0x33, 0xfe, 0xe9, 0x33, 
0xea, 0x10, 0x14, 0xe8, 0x0, 0x95, 0xe0, 0xfc, 0x90, 0x0, 0xf4, 0x75, 0xf0, 
0xea, 0x10, 0x14, 0xf0, 0x0, 0x18, 0xed, 0x12, 0x1d, 0x16, 0xec, 0x75, 0xf0, 
0xea, 0x10, 0x14, 0xf8, 0x0, 0x18, 0xa4, 0x25, 0x83, 0xf5, 0x83, 0xe5, 0x82, 
0xea, 0x10, 0x15, 0x0, 0x0, 0x2f, 0xf5, 0x82, 0xe5, 0x83, 0x3e, 0xf5, 0x83, 
0xea, 0x10, 0x15, 0x8, 0x0, 0xe0, 0xfc, 0xa3, 0xe0, 0xfd, 0xe9, 0xfb, 0x33, 
0xea, 0x10, 0x15, 0x10, 0x0, 0x95, 0xe0, 0xfa, 0x90, 0x10, 0xfc, 0x75, 0xf0, 
0xea, 0x10, 0x15, 0x18, 0x0, 0x18, 0xeb, 0x12, 0x1d, 0x16, 0xea, 0x75, 0xf0, 
0xea, 0x10, 0x15, 0x20, 0x0, 0x18, 0xa4, 0x25, 0x83, 0xf5, 0x83, 0xe5, 0x82, 
0xea, 0x10, 0x15, 0x28, 0x0, 0x2f, 0xf5, 0x82, 0xe5, 0x83, 0x3e, 0xf5, 0x83, 
0xea, 0x10, 0x15, 0x30, 0x0, 0xe0, 0xfe, 0xa3, 0xe0, 0xc3, 0x9d, 0xff, 0xee, 
0xea, 0x10, 0x15, 0x38, 0x0, 0x9c, 0xfe, 0xef, 0x78, 0x5, 0xce, 0xc3, 0x13, 
0xea, 0x10, 0x15, 0x40, 0x0, 0xce, 0x13, 0xd8, 0xf9, 0xff, 0xc3, 0x90, 0x9, 
0xea, 0x10, 0x15, 0x48, 0x0, 0x17, 0xe0, 0x9f, 0xf0, 0x90, 0x9, 0x16, 0xe0, 
0xea, 0x10, 0x15, 0x50, 0x0, 0x9e, 0xf0, 0x90, 0x9, 0x11, 0xe0, 0x25, 0xe0, 
0xea, 0x10, 0x15, 0x58, 0x0, 0xff, 0x90, 0x9, 0x10, 0xe0, 0x33, 0xfe, 0xe9, 
0xea, 0x10, 0x15, 0x60, 0x0, 0xfd, 0x33, 0x95, 0xe0, 0xfc, 0x90, 0x0, 0xf4, 
0xea, 0x10, 0x15, 0x68, 0x0, 0x75, 0xf0, 0x18, 0xed, 0x12, 0x1d, 0x16, 0xec, 
0xea, 0x10, 0x15, 0x70, 0x0, 0x75, 0xf0, 0x18, 0xa4, 0x25, 0x83, 0xf5, 0x83, 
0xea, 0x10, 0x15, 0x78, 0x0, 0xe5, 0x82, 0x2f, 0xf5, 0x82, 0xe5, 0x83, 0x3e, 
0xea, 0x10, 0x15, 0x80, 0x0, 0xf5, 0x83, 0xe0, 0xfc, 0xa3, 0xe0, 0xfd, 0xe9, 
0xea, 0x10, 0x15, 0x88, 0x0, 0xfb, 0x33, 0x95, 0xe0, 0xfa, 0x90, 0x10, 0xe4, 
0xea, 0x10, 0x15, 0x90, 0x0, 0x75, 0xf0, 0x18, 0xeb, 0x12, 0x1d, 0x16, 0xea, 
0xea, 0x10, 0x15, 0x98, 0x0, 0x75, 0xf0, 0x18, 0xa4, 0x25, 0x83, 0xf5, 0x83, 
0xea, 0x10, 0x15, 0xa0, 0x0, 0xe5, 0x82, 0x2f, 0xf5, 0x82, 0xe5, 0x83, 0x3e, 
0xea, 0x10, 0x15, 0xa8, 0x0, 0xf5, 0x83, 0xe0, 0xfe, 0xa3, 0xe0, 0xc3, 0x9d, 
0xea, 0x10, 0x15, 0xb0, 0x0, 0xff, 0xee, 0x9c, 0xfe, 0xef, 0x78, 0x5, 0xce, 
0xea, 0x10, 0x15, 0xb8, 0x0, 0xc3, 0x13, 0xce, 0x13, 0xd8, 0xf9, 0xff, 0xc3, 
0xea, 0x10, 0x15, 0xc0, 0x0, 0x90, 0x9, 0x17, 0xe0, 0x9f, 0xf0, 0x90, 0x9, 
0xea, 0x10, 0x15, 0xc8, 0x0, 0x16, 0xe0, 0x9e, 0xf0, 0xe0, 0xfe, 0xa3, 0xe0, 
0xea, 0x10, 0x15, 0xd0, 0x0, 0xff, 0xc3, 0xee, 0x64, 0x80, 0x94, 0x80, 0x50, 
0xea, 0x10, 0x15, 0xd8, 0x0, 0xd, 0xc3, 0xe4, 0x9f, 0xff, 0xe4, 0x9e, 0x90, 
0xea, 0x10, 0x15, 0xe0, 0x0, 0x9, 0x16, 0xf0, 0xa3, 0xef, 0xf0, 0x90, 0x9, 
0xea, 0x10, 0x15, 0xe8, 0x0, 0x14, 0xe0, 0xfe, 0xa3, 0xe0, 0xff, 0x22, 0x90, 
0xea, 0x10, 0x15, 0xf0, 0x0, 0x9, 0x6b, 0xeb, 0xf0, 0xa3, 0xea, 0xf0, 0xa3, 
0xea, 0x10, 0x15, 0xf8, 0x0, 0xe9, 0xf0, 0x90, 0x9, 0x73, 0xef, 0xf0, 0xa3, 
0xea, 0x10, 0x16, 0x0, 0x0, 0xed, 0xf0, 0x7b, 0xff, 0x90, 0x9, 0x7d, 0x74, 
0xea, 0x10, 0x16, 0x8, 0x0, 0x2, 0xf0, 0xa3, 0x74, 0xff, 0xf0, 0xa3, 0x74, 
0xea, 0x10, 0x16, 0x10, 0x0, 0x2, 0xf0, 0x90, 0x4, 0xb7, 0x12, 0x1c, 0xe5, 
0xea, 0x10, 0x16, 0x18, 0x0, 0x0, 0x0, 0x0, 0x0, 0x90, 0x4, 0x23, 0x12, 
0xea, 0x10, 0x16, 0x20, 0x0, 0x1c, 0xe5, 0x0, 0x0, 0x0, 0x0, 0x7d, 0xff, 
0xea, 0x10, 0x16, 0x28, 0x0, 0x90, 0x9, 0x7d, 0xe0, 0xc3, 0x64, 0x80, 0xf8, 
0xea, 0x10, 0x16, 0x30, 0x0, 0xed, 0x64, 0x80, 0x98, 0x40, 0x3, 0x2, 0x17, 
0xea, 0x10, 0x16, 0x38, 0x0, 0x67, 0x90, 0x9, 0x73, 0xe0, 0x2d, 0xff, 0x90, 
0xea, 0x10, 0x16, 0x40, 0x0, 0x9, 0x85, 0xf0, 0x90, 0x5, 0x46, 0xe0, 0xc3, 
0xea, 0x10, 0x16, 0x48, 0x0, 0x64, 0x80, 0xf8, 0xef, 0x64, 0x80, 0x98, 0x50, 
0xea, 0x10, 0x16, 0x50, 0x0, 0x3, 0x2, 0x17, 0x63, 0x90, 0x4, 0xbc, 0xe0, 
0xea, 0x10, 0x16, 0x58, 0x0, 0xff, 0x90, 0x9, 0x85, 0xe0, 0xfe, 0xd3, 0xef, 
0xea, 0x10, 0x16, 0x60, 0x0, 0x64, 0x80, 0xf8, 0xee, 0x64, 0x80, 0x98, 0x40, 
0xea, 0x10, 0x16, 0x68, 0x0, 0x3, 0x2, 0x17, 0x63, 0xe4, 0x90, 0x5, 0x9f, 
0xea, 0x10, 0x16, 0x70, 0x0, 0xf0, 0xa3, 0xf0, 0xa3, 0xf0, 0xa3, 0xf0, 0xa3, 
0xea, 0x10, 0x16, 0x78, 0x0, 0xf0, 0xa3, 0xf0, 0x90, 0x5, 0xc, 0xe0, 0xff, 
0xea, 0x10, 0x16, 0x80, 0x0, 0x90, 0x9, 0x74, 0xe0, 0xfc, 0xb5, 0x7, 0x9, 
0xea, 0x10, 0x16, 0x88, 0x0, 0xe4, 0x90, 0x5, 0x9f, 0xf0, 0xa3, 0xf0, 0x80, 
0xea, 0x10, 0x16, 0x90, 0x0, 0x37, 0xee, 0xff, 0x33, 0x95, 0xe0, 0xfe, 0x90, 
0xea, 0x10, 0x16, 0x98, 0x0, 0x1, 0xa, 0x75, 0xf0, 0x18, 0xef, 0x12, 0x1d, 
0xea, 0x10, 0x16, 0xa0, 0x0, 0x16, 0xee, 0x75, 0xf0, 0x18, 0xa4, 0x25, 0x83, 
0xea, 0x10, 0x16, 0xa8, 0x0, 0xf5, 0x83, 0x75, 0xf0, 0x2, 0xec, 0x12, 0x1d, 
0xea, 0x10, 0x16, 0xb0, 0x0, 0x16, 0xe0, 0xfe, 0xa3, 0xe0, 0x78, 0x5, 0xce, 
0xea, 0x10, 0x16, 0xb8, 0x0, 0xa2, 0xe7, 0x13, 0xce, 0x13, 0xd8, 0xf8, 0xff, 
0xea, 0x10, 0x16, 0xc0, 0x0, 0x90, 0x5, 0x9f, 0xee, 0xf0, 0xa3, 0xef, 0xf0, 
0xea, 0x10, 0x16, 0xc8, 0x0, 0x90, 0x9, 0x85, 0xe0, 0xff, 0x33, 0x95, 0xe0, 
0xea, 0x10, 0x16, 0xd0, 0x0, 0xfe, 0x90, 0x1, 0xc, 0x75, 0xf0, 0x18, 0xef, 
0xea, 0x10, 0x16, 0xd8, 0x0, 0x12, 0x1d, 0x16, 0xee, 0x75, 0xf0, 0x18, 0xa4, 
0xea, 0x10, 0x16, 0xe0, 0x0, 0x25, 0x83, 0xf5, 0x83, 0xc0, 0x83, 0xc0, 0x82, 
0xea, 0x10, 0x16, 0xe8, 0x0, 0x90, 0x9, 0x74, 0xe0, 0xfc, 0xd0, 0x82, 0xd0, 
0xea, 0x10, 0x16, 0xf0, 0x0, 0x83, 0x75, 0xf0, 0x2, 0x12, 0x1d, 0x16, 0xe0, 
0xea, 0x10, 0x16, 0xf8, 0x0, 0xfe, 0xa3, 0xe0, 0x78, 0x5, 0xce, 0xa2, 0xe7, 
0xea, 0x10, 0x17, 0x0, 0x0, 0x13, 0xce, 0x13, 0xd8, 0xf8, 0xff, 0x90, 0x5, 
0xea, 0x10, 0x17, 0x8, 0x0, 0xa1, 0xee, 0xf0, 0xa3, 0xef, 0xf0, 0x90, 0x4, 
0xea, 0x10, 0x17, 0x10, 0x0, 0x71, 0xe0, 0xb5, 0x4, 0x9, 0xe4, 0x90, 0x5, 
0xea, 0x10, 0x17, 0x18, 0x0, 0xa3, 0xf0, 0xa3, 0xf0, 0x80, 0x45, 0x90, 0x9, 
0xea, 0x10, 0x17, 0x20, 0x0, 0x85, 0xe0, 0xff, 0x33, 0x95, 0xe0, 0xfe, 0x90, 
0xea, 0x10, 0x17, 0x28, 0x0, 0x1, 0xe, 0x75, 0xf0, 0x18, 0xef, 0x12, 0x1d, 
0xea, 0x10, 0x17, 0x30, 0x0, 0x16, 0xee, 0x75, 0xf0, 0x18, 0xa4, 0x25, 0x83, 
0xea, 0x10, 0x17, 0x38, 0x0, 0xf5, 0x83, 0xc0, 0x83, 0xc0, 0x82, 0x90, 0x9, 
0xea, 0x10, 0x17, 0x40, 0x0, 0x74, 0xe0, 0xd0, 0x82, 0xd0, 0x83, 0x75, 0xf0, 
0xea, 0x10, 0x17, 0x48, 0x0, 0x2, 0x12, 0x1d, 0x16, 0xe0, 0xfe, 0xa3, 0xe0, 
0xea, 0x10, 0x17, 0x50, 0x0, 0x78, 0x5, 0xce, 0xa2, 0xe7, 0x13, 0xce, 0x13, 
0xea, 0x10, 0x17, 0x58, 0x0, 0xd8, 0xf8, 0xff, 0x90, 0x5, 0xa3, 0xee, 0xf0, 
0xea, 0x10, 0x17, 0x60, 0x0, 0xa3, 0xef, 0xf0, 0xd, 0x2, 0x16, 0x28, 0x90, 
0xea, 0x10, 0x17, 0x68, 0x0, 0x4, 0x23, 0xe0, 0xfc, 0xa3, 0xe0, 0xfd, 0xa3, 
0xea, 0x10, 0x17, 0x70, 0x0, 0xe0, 0xfe, 0xa3, 0xe0, 0xff, 0x90, 0x5, 0x47, 
0xea, 0x10, 0x17, 0x78, 0x0, 0x12, 0x1c, 0xd9, 0x90, 0x4, 0xb7, 0xe0, 0xfc, 
0xea, 0x10, 0x17, 0x80, 0x0, 0xa3, 0xe0, 0xfd, 0xa3, 0xe0, 0xfe, 0xa3, 0xe0, 
0xea, 0x10, 0x17, 0x88, 0x0, 0xff, 0x78, 0x6, 0x12, 0x1c, 0xc6, 0x90, 0x5, 
0xea, 0x10, 0x17, 0x90, 0x0, 0xda, 0x12, 0x1c, 0xd9, 0x90, 0x4, 0xb7, 0x12, 
0xea, 0x10, 0x17, 0x98, 0x0, 0x1c, 0xe5, 0x0, 0x0, 0x0, 0x0, 0x90, 0x4, 
0xea, 0x10, 0x17, 0xa0, 0x0, 0x23, 0x12, 0x1c, 0xe5, 0x0, 0x0, 0x0, 0x0, 
0xea, 0x10, 0x17, 0xa8, 0x0, 0x90, 0x9, 0x7e, 0xe0, 0xfd, 0x90, 0x9, 0x7f, 
0xea, 0x10, 0x17, 0xb0, 0x0, 0xe0, 0xc3, 0x64, 0x80, 0xf8, 0xed, 0x64, 0x80, 
0xea, 0x10, 0x17, 0xb8, 0x0, 0x98, 0x40, 0x3, 0x2, 0x18, 0xdb, 0x90, 0x9, 
0xea, 0x10, 0x17, 0xc0, 0x0, 0x74, 0xe0, 0x2d, 0xff, 0x90, 0x9, 0x85, 0xf0, 
0xea, 0x10, 0x17, 0xc8, 0x0, 0x90, 0x5, 0xc, 0xe0, 0xc3, 0x64, 0x80, 0xf8, 
0xea, 0x10, 0x17, 0xd0, 0x0, 0xef, 0x64, 0x80, 0x98, 0x50, 0x3, 0x2, 0x18, 
0xea, 0x10, 0x17, 0xd8, 0x0, 0xd7, 0x90, 0x4, 0x71, 0xe0, 0xff, 0x90, 0x9, 
0xea, 0x10, 0x17, 0xe0, 0x0, 0x85, 0xe0, 0xfe, 0xd3, 0xef, 0x64, 0x80, 0xf8, 
0xea, 0x10, 0x17, 0xe8, 0x0, 0xee, 0x64, 0x80, 0x98, 0x40, 0x3, 0x2, 0x18, 
0xea, 0x10, 0x17, 0xf0, 0x0, 0xd7, 0xe4, 0x90, 0x5, 0x9f, 0xf0, 0xa3, 0xf0, 
0xea, 0x10, 0x17, 0xf8, 0x0, 0xa3, 0xf0, 0xa3, 0xf0, 0xa3, 0xf0, 0xa3, 0xf0, 
0xea, 0x10, 0x18, 0x0, 0x0, 0x90, 0x5, 0x46, 0xe0, 0xff, 0x90, 0x9, 0x73, 
0xea, 0x10, 0x18, 0x8, 0x0, 0xe0, 0xfc, 0xb5, 0x7, 0x9, 0xe4, 0x90, 0x5, 
0xea, 0x10, 0x18, 0x10, 0x0, 0x9f, 0xf0, 0xa3, 0xf0, 0x80, 0x3d, 0xee, 0xff, 
0xea, 0x10, 0x18, 0x18, 0x0, 0x33, 0x95, 0xe0, 0xfe, 0xef, 0x25, 0xe0, 0xff, 
0xea, 0x10, 0x18, 0x20, 0x0, 0xee, 0x33, 0xfe, 0x75, 0xf0, 0x18, 0xec, 0xa4, 
0xea, 0x10, 0x18, 0x28, 0x0, 0x24, 0xf4, 0xf5, 0x82, 0xe5, 0xf0, 0x34, 0x0, 
0xea, 0x10, 0x18, 0x30, 0x0, 0xf5, 0x83, 0xe5, 0x82, 0x2f, 0xf5, 0x82, 0xe5, 
0xea, 0x10, 0x18, 0x38, 0x0, 0x83, 0x3e, 0xf5, 0x83, 0xe0, 0xfe, 0xa3, 0xe0, 
0xea, 0x10, 0x18, 0x40, 0x0, 0x78, 0x5, 0xce, 0xa2, 0xe7, 0x13, 0xce, 0x13, 
0xea, 0x10, 0x18, 0x48, 0x0, 0xd8, 0xf8, 0xff, 0x90, 0x5, 0x9f, 0xee, 0xf0, 
0xea, 0x10, 0x18, 0x50, 0x0, 0xa3, 0xef, 0xf0, 0x90, 0x9, 0x85, 0xe0, 0xff, 
0xea, 0x10, 0x18, 0x58, 0x0, 0x33, 0x95, 0xe0, 0xfe, 0xef, 0x25, 0xe0, 0xfb, 
0xea, 0x10, 0x18, 0x60, 0x0, 0xee, 0x33, 0xfa, 0x90, 0x9, 0x73, 0xe0, 0xfc, 
0xea, 0x10, 0x18, 0x68, 0x0, 0x75, 0xf0, 0x18, 0xa4, 0x24, 0xc, 0xf5, 0x82, 
0xea, 0x10, 0x18, 0x70, 0x0, 0xe5, 0xf0, 0x34, 0x1, 0xf5, 0x83, 0xe5, 0x82, 
0xea, 0x10, 0x18, 0x78, 0x0, 0x2b, 0xf5, 0x82, 0xe5, 0x83, 0x3a, 0xf5, 0x83, 
0xea, 0x10, 0x18, 0x80, 0x0, 0xe0, 0xfe, 0xa3, 0xe0, 0x78, 0x5, 0xce, 0xa2, 
0xea, 0x10, 0x18, 0x88, 0x0, 0xe7, 0x13, 0xce, 0x13, 0xd8, 0xf8, 0xff, 0x90, 
0xea, 0x10, 0x18, 0x90, 0x0, 0x5, 0xa1, 0xee, 0xf0, 0xa3, 0xef, 0xf0, 0x90, 
0xea, 0x10, 0x18, 0x98, 0x0, 0x4, 0xbc, 0xe0, 0xb5, 0x4, 0x9, 0xe4, 0x90, 
0xea, 0x10, 0x18, 0xa0, 0x0, 0x5, 0xa3, 0xf0, 0xa3, 0xf0, 0x80, 0x30, 0x75, 
0xea, 0x10, 0x18, 0xa8, 0x0, 0xf0, 0x18, 0xec, 0xa4, 0x24, 0x24, 0xf5, 0x82, 
0xea, 0x10, 0x18, 0xb0, 0x0, 0xe5, 0xf0, 0x34, 0x1, 0xf5, 0x83, 0xe5, 0x82, 
0xea, 0x10, 0x18, 0xb8, 0x0, 0x2b, 0xf5, 0x82, 0xe5, 0x83, 0x3a, 0xf5, 0x83, 
0xea, 0x10, 0x18, 0xc0, 0x0, 0xe0, 0xfe, 0xa3, 0xe0, 0x78, 0x5, 0xce, 0xa2, 
0xea, 0x10, 0x18, 0xc8, 0x0, 0xe7, 0x13, 0xce, 0x13, 0xd8, 0xf8, 0xff, 0x90, 
0xea, 0x10, 0x18, 0xd0, 0x0, 0x5, 0xa3, 0xee, 0xf0, 0xa3, 0xef, 0xf0, 0xd, 
0xea, 0x10, 0x18, 0xd8, 0x0, 0x2, 0x17, 0xad, 0x90, 0x4, 0x23, 0xe0, 0xfc, 
0xea, 0x10, 0x18, 0xe0, 0x0, 0xa3, 0xe0, 0xfd, 0xa3, 0xe0, 0xfe, 0xa3, 0xe0, 
0xea, 0x10, 0x18, 0xe8, 0x0, 0xff, 0x90, 0x5, 0x42, 0x12, 0x1c, 0xd9, 0x90, 
0xea, 0x10, 0x18, 0xf0, 0x0, 0x4, 0xb7, 0xe0, 0xfc, 0xa3, 0xe0, 0xfd, 0xa3, 
0xea, 0x10, 0x18, 0xf8, 0x0, 0xe0, 0xfe, 0xa3, 0xe0, 0xff, 0x78, 0x6, 0x12, 
0xea, 0x10, 0x19, 0x0, 0x0, 0x1c, 0xc6, 0x90, 0x5, 0xca, 0x12, 0x1c, 0xd9, 
0xea, 0x10, 0x19, 0x8, 0x0, 0x90, 0x9, 0x73, 0xe0, 0x75, 0xf0, 0x40, 0xa4, 
0xea, 0x10, 0x19, 0x10, 0x0, 0xff, 0x90, 0x9, 0x75, 0xe5, 0xf0, 0xf0, 0xa3, 
0xea, 0x10, 0x19, 0x18, 0x0, 0xef, 0xf0, 0x90, 0x9, 0x74, 0xe0, 0x75, 0xf0, 
0xea, 0x10, 0x19, 0x20, 0x0, 0x40, 0xa4, 0xff, 0x90, 0x9, 0x77, 0xe5, 0xf0, 
0xea, 0x10, 0x19, 0x28, 0x0, 0xf0, 0xa3, 0xef, 0xf0, 0x90, 0x5, 0x42, 0xe0, 
0xea, 0x10, 0x19, 0x30, 0x0, 0xfc, 0xa3, 0xe0, 0xfd, 0xa3, 0xe0, 0xfe, 0xa3, 
0xea, 0x10, 0x19, 0x38, 0x0, 0xe0, 0xff, 0xec, 0x4d, 0x4e, 0x4f, 0x60, 0x57, 
0xea, 0x10, 0x19, 0x40, 0x0, 0x90, 0x5, 0x42, 0xe0, 0xf8, 0xa3, 0xe0, 0xf9, 
0xea, 0x10, 0x19, 0x48, 0x0, 0xa3, 0xe0, 0xfa, 0xa3, 0xe0, 0xfb, 0x90, 0x5, 
0xea, 0x10, 0x19, 0x50, 0x0, 0xca, 0xe0, 0xfc, 0xa3, 0xe0, 0xfd, 0xa3, 0xe0, 
0xea, 0x10, 0x19, 0x58, 0x0, 0xfe, 0xa3, 0xe0, 0xff, 0x12, 0x70, 0x18, 0xef, 
0xea, 0x10, 0x19, 0x60, 0x0, 0x24, 0x80, 0xff, 0xee, 0x34, 0xff, 0xfe, 0xd3, 
0xea, 0x10, 0x19, 0x68, 0x0, 0xef, 0x94, 0x20, 0xee, 0x64, 0x80, 0x94, 0x80, 
0xea, 0x10, 0x19, 0x70, 0x0, 0x40, 0x6, 0x7e, 0x0, 0x7f, 0x20, 0x80, 0xf, 
0xea, 0x10, 0x19, 0x78, 0x0, 0xc3, 0xef, 0x94, 0xe0, 0xee, 0x64, 0x80, 0x94, 
0xea, 0x10, 0x19, 0x80, 0x0, 0x7f, 0x50, 0x4, 0x7e, 0xff, 0x7f, 0xe0, 0x90, 
0xea, 0x10, 0x19, 0x88, 0x0, 0x9, 0x76, 0xe0, 0x2f, 0xff, 0x90, 0x9, 0x75, 
0xea, 0x10, 0x19, 0x90, 0x0, 0xe0, 0x3e, 0x90, 0x9, 0x79, 0x80, 0xb, 0x90, 
0xea, 0x10, 0x19, 0x98, 0x0, 0x9, 0x75, 0xe0, 0xff, 0xa3, 0xe0, 0x90, 0x9, 
0xea, 0x10, 0x19, 0xa0, 0x0, 0x79, 0xcf, 0xf0, 0xa3, 0xef, 0xf0, 0x90, 0x5, 
0xea, 0x10, 0x19, 0xa8, 0x0, 0x47, 0xe0, 0xfc, 0xa3, 0xe0, 0xfd, 0xa3, 0xe0, 
0xea, 0x10, 0x19, 0xb0, 0x0, 0xfe, 0xa3, 0xe0, 0xff, 0xec, 0x4d, 0x4e, 0x4f, 
0xea, 0x10, 0x19, 0xb8, 0x0, 0x60, 0x57, 0x90, 0x5, 0x47, 0xe0, 0xf8, 0xa3, 
0xea, 0x10, 0x19, 0xc0, 0x0, 0xe0, 0xf9, 0xa3, 0xe0, 0xfa, 0xa3, 0xe0, 0xfb, 
0xea, 0x10, 0x19, 0xc8, 0x0, 0x90, 0x5, 0xda, 0xe0, 0xfc, 0xa3, 0xe0, 0xfd, 
0xea, 0x10, 0x19, 0xd0, 0x0, 0xa3, 0xe0, 0xfe, 0xa3, 0xe0, 0xff, 0x12, 0x70, 
0xea, 0x10, 0x19, 0xd8, 0x0, 0x18, 0xef, 0x24, 0x80, 0xff, 0xee, 0x34, 0xff, 
0xea, 0x10, 0x19, 0xe0, 0x0, 0xfe, 0xd3, 0xef, 0x94, 0x20, 0xee, 0x64, 0x80, 
0xea, 0x10, 0x19, 0xe8, 0x0, 0x94, 0x80, 0x40, 0x6, 0x7e, 0x0, 0x7f, 0x20, 
0xea, 0x10, 0x19, 0xf0, 0x0, 0x80, 0xf, 0xc3, 0xef, 0x94, 0xe0, 0xee, 0x64, 
0xea, 0x10, 0x19, 0xf8, 0x0, 0x80, 0x94, 0x7f, 0x50, 0x4, 0x7e, 0xff, 0x7f, 
0xea, 0x10, 0x1a, 0x0, 0x0, 0xe0, 0x90, 0x9, 0x78, 0xe0, 0x2f, 0xff, 0x90, 
0xea, 0x10, 0x1a, 0x8, 0x0, 0x9, 0x77, 0xe0, 0x3e, 0x90, 0x9, 0x7b, 0x80, 
0xea, 0x10, 0x1a, 0x10, 0x0, 0xb, 0x90, 0x9, 0x77, 0xe0, 0xff, 0xa3, 0xe0, 
0xea, 0x10, 0x1a, 0x18, 0x0, 0x90, 0x9, 0x7b, 0xcf, 0xf0, 0xa3, 0xef, 0xf0, 
0xea, 0x10, 0x1a, 0x20, 0x0, 0x90, 0x9, 0x79, 0xe0, 0xf9, 0xa3, 0xe0, 0xff, 
0xea, 0x10, 0x1a, 0x28, 0x0, 0x90, 0x9, 0x6b, 0xe0, 0xfb, 0xa3, 0xe0, 0xfa, 
0xea, 0x10, 0x1a, 0x30, 0x0, 0xa3, 0xe0, 0xc9, 0x8f, 0xf0, 0x12, 0x1c, 0x34, 
0xea, 0x10, 0x1a, 0x38, 0x0, 0x90, 0x9, 0x7b, 0xe0, 0xf9, 0xa3, 0xe0, 0xff, 
0xea, 0x10, 0x1a, 0x40, 0x0, 0x90, 0x9, 0x6e, 0xe0, 0xfb, 0xa3, 0xe0, 0xfa, 
0xea, 0x10, 0x1a, 0x48, 0x0, 0xa3, 0xe0, 0xc9, 0x8f, 0xf0, 0x2, 0x1c, 0x34, 
0xea, 0x10, 0x1a, 0x50, 0x0, 0xe7, 0x9, 0xf6, 0x8, 0xdf, 0xfa, 0x80, 0x46, 
0xea, 0x10, 0x1a, 0x58, 0x0, 0xe7, 0x9, 0xf2, 0x8, 0xdf, 0xfa, 0x80, 0x3e, 
0xea, 0x10, 0x1a, 0x60, 0x0, 0x88, 0x82, 0x8c, 0x83, 0xe7, 0x9, 0xf0, 0xa3, 
0xea, 0x10, 0x1a, 0x68, 0x0, 0xdf, 0xfa, 0x80, 0x32, 0xe3, 0x9, 0xf6, 0x8, 
0xea, 0x10, 0x1a, 0x70, 0x0, 0xdf, 0xfa, 0x80, 0x78, 0xe3, 0x9, 0xf2, 0x8, 
0xea, 0x10, 0x1a, 0x78, 0x0, 0xdf, 0xfa, 0x80, 0x70, 0x88, 0x82, 0x8c, 0x83, 
0xea, 0x10, 0x1a, 0x80, 0x0, 0xe3, 0x9, 0xf0, 0xa3, 0xdf, 0xfa, 0x80, 0x64, 
0xea, 0x10, 0x1a, 0x88, 0x0, 0x89, 0x82, 0x8a, 0x83, 0xe0, 0xa3, 0xf6, 0x8, 
0xea, 0x10, 0x1a, 0x90, 0x0, 0xdf, 0xfa, 0x80, 0x58, 0x89, 0x82, 0x8a, 0x83, 
0xea, 0x10, 0x1a, 0x98, 0x0, 0xe0, 0xa3, 0xf2, 0x8, 0xdf, 0xfa, 0x80, 0x4c, 
0xea, 0x10, 0x1a, 0xa0, 0x0, 0x80, 0xd2, 0x80, 0xfa, 0x80, 0xc6, 0x80, 0xd4, 
0xea, 0x10, 0x1a, 0xa8, 0x0, 0x80, 0x69, 0x80, 0xf2, 0x80, 0x33, 0x80, 0x10, 
0xea, 0x10, 0x1a, 0xb0, 0x0, 0x80, 0xa6, 0x80, 0xea, 0x80, 0x9a, 0x80, 0xa8, 
0xea, 0x10, 0x1a, 0xb8, 0x0, 0x80, 0xda, 0x80, 0xe2, 0x80, 0xca, 0x80, 0x33, 
0xea, 0x10, 0x1a, 0xc0, 0x0, 0x89, 0x82, 0x8a, 0x83, 0xec, 0xfa, 0xe4, 0x93, 
0xea, 0x10, 0x1a, 0xc8, 0x0, 0xa3, 0xc8, 0xc5, 0x82, 0xc8, 0xcc, 0xc5, 0x83, 
0xea, 0x10, 0x1a, 0xd0, 0x0, 0xcc, 0xf0, 0xa3, 0xc8, 0xc5, 0x82, 0xc8, 0xcc, 
0xea, 0x10, 0x1a, 0xd8, 0x0, 0xc5, 0x83, 0xcc, 0xdf, 0xe9, 0xde, 0xe7, 0x80, 
0xea, 0x10, 0x1a, 0xe0, 0x0, 0xd, 0x89, 0x82, 0x8a, 0x83, 0xe4, 0x93, 0xa3, 
0xea, 0x10, 0x1a, 0xe8, 0x0, 0xf6, 0x8, 0xdf, 0xf9, 0xec, 0xfa, 0xa9, 0xf0, 
0xea, 0x10, 0x1a, 0xf0, 0x0, 0xed, 0xfb, 0x22, 0x89, 0x82, 0x8a, 0x83, 0xec, 
0xea, 0x10, 0x1a, 0xf8, 0x0, 0xfa, 0xe0, 0xa3, 0xc8, 0xc5, 0x82, 0xc8, 0xcc, 
0xea, 0x10, 0x1b, 0x0, 0x0, 0xc5, 0x83, 0xcc, 0xf0, 0xa3, 0xc8, 0xc5, 0x82, 
0xea, 0x10, 0x1b, 0x8, 0x0, 0xc8, 0xcc, 0xc5, 0x83, 0xcc, 0xdf, 0xea, 0xde, 
0xea, 0x10, 0x1b, 0x10, 0x0, 0xe8, 0x80, 0xdb, 0x89, 0x82, 0x8a, 0x83, 0xe4, 
0xea, 0x10, 0x1b, 0x18, 0x0, 0x93, 0xa3, 0xf2, 0x8, 0xdf, 0xf9, 0x80, 0xcc, 
0xea, 0x10, 0x1b, 0x20, 0x0, 0x88, 0xf0, 0xef, 0x60, 0x1, 0xe, 0x4e, 0x60, 
0xea, 0x10, 0x1b, 0x28, 0x0, 0xc3, 0x88, 0xf0, 0xed, 0x24, 0x2, 0xb4, 0x4, 
0xea, 0x10, 0x1b, 0x30, 0x0, 0x0, 0x50, 0xb9, 0xf5, 0x82, 0xeb, 0x24, 0x2, 
0xea, 0x10, 0x1b, 0x38, 0x0, 0xb4, 0x4, 0x0, 0x50, 0xaf, 0x23, 0x23, 0x45, 
0xea, 0x10, 0x1b, 0x40, 0x0, 0x82, 0x23, 0x90, 0x1a, 0xa0, 0x73, 0xbb, 0x1, 
0xea, 0x10, 0x1b, 0x48, 0x0, 0x6, 0x89, 0x82, 0x8a, 0x83, 0xe0, 0x22, 0x50, 
0xea, 0x10, 0x1b, 0x50, 0x0, 0x2, 0xe7, 0x22, 0xbb, 0xfe, 0x2, 0xe3, 0x22, 
0xea, 0x10, 0x1b, 0x58, 0x0, 0x89, 0x82, 0x8a, 0x83, 0xe4, 0x93, 0x22, 0xbb, 
0xea, 0x10, 0x1b, 0x60, 0x0, 0x1, 0xc, 0xe5, 0x82, 0x29, 0xf5, 0x82, 0xe5, 
0xea, 0x10, 0x1b, 0x68, 0x0, 0x83, 0x3a, 0xf5, 0x83, 0xe0, 0x22, 0x50, 0x6, 
0xea, 0x10, 0x1b, 0x70, 0x0, 0xe9, 0x25, 0x82, 0xf8, 0xe6, 0x22, 0xbb, 0xfe, 
0xea, 0x10, 0x1b, 0x78, 0x0, 0x6, 0xe9, 0x25, 0x82, 0xf8, 0xe2, 0x22, 0xe5, 
0xea, 0x10, 0x1b, 0x80, 0x0, 0x82, 0x29, 0xf5, 0x82, 0xe5, 0x83, 0x3a, 0xf5, 
0xea, 0x10, 0x1b, 0x88, 0x0, 0x83, 0xe4, 0x93, 0x22, 0xbb, 0x1, 0x6, 0x89, 
0xea, 0x10, 0x1b, 0x90, 0x0, 0x82, 0x8a, 0x83, 0xf0, 0x22, 0x50, 0x2, 0xf7, 
0xea, 0x10, 0x1b, 0x98, 0x0, 0x22, 0xbb, 0xfe, 0x1, 0xf3, 0x22, 0xf8, 0xbb, 
0xea, 0x10, 0x1b, 0xa0, 0x0, 0x1, 0xd, 0xe5, 0x82, 0x29, 0xf5, 0x82, 0xe5, 
0xea, 0x10, 0x1b, 0xa8, 0x0, 0x83, 0x3a, 0xf5, 0x83, 0xe8, 0xf0, 0x22, 0x50, 
0xea, 0x10, 0x1b, 0xb0, 0x0, 0x6, 0xe9, 0x25, 0x82, 0xc8, 0xf6, 0x22, 0xbb, 
0xea, 0x10, 0x1b, 0xb8, 0x0, 0xfe, 0x5, 0xe9, 0x25, 0x82, 0xc8, 0xf2, 0x22, 
0xea, 0x10, 0x1b, 0xc0, 0x0, 0xef, 0x8d, 0xf0, 0xa4, 0xa8, 0xf0, 0xcf, 0x8c, 
0xea, 0x10, 0x1b, 0xc8, 0x0, 0xf0, 0xa4, 0x28, 0xce, 0x8d, 0xf0, 0xa4, 0x2e, 
0xea, 0x10, 0x1b, 0xd0, 0x0, 0xfe, 0x22, 0xc2, 0xd5, 0xec, 0x30, 0xe7, 0x9, 
0xea, 0x10, 0x1b, 0xd8, 0x0, 0xb2, 0xd5, 0xe4, 0xc3, 0x9d, 0xfd, 0xe4, 0x9c, 
0xea, 0x10, 0x1b, 0xe0, 0x0, 0xfc, 0xee, 0x30, 0xe7, 0x15, 0xb2, 0xd5, 0xe4, 
0xea, 0x10, 0x1b, 0xe8, 0x0, 0xc3, 0x9f, 0xff, 0xe4, 0x9e, 0xfe, 0x12, 0x1d, 
0xea, 0x10, 0x1b, 0xf0, 0x0, 0x7b, 0xc3, 0xe4, 0x9d, 0xfd, 0xe4, 0x9c, 0xfc, 
0xea, 0x10, 0x1b, 0xf8, 0x0, 0x80, 0x3, 0x12, 0x1d, 0x7b, 0x30, 0xd5, 0x7, 
0xea, 0x10, 0x1c, 0x0, 0x0, 0xc3, 0xe4, 0x9f, 0xff, 0xe4, 0x9e, 0xfe, 0x22, 
0xea, 0x10, 0x1c, 0x8, 0x0, 0xc5, 0xf0, 0xf8, 0xa3, 0xe0, 0x28, 0xf0, 0xc5, 
0xea, 0x10, 0x1c, 0x10, 0x0, 0xf0, 0xf8, 0xe5, 0x82, 0x15, 0x82, 0x70, 0x2, 
0xea, 0x10, 0x1c, 0x18, 0x0, 0x15, 0x83, 0xe0, 0x38, 0xf0, 0x22, 0xa3, 0xf8, 
0xea, 0x10, 0x1c, 0x20, 0x0, 0xe0, 0xc5, 0xf0, 0x25, 0xf0, 0xf0, 0xe5, 0x82, 
0xea, 0x10, 0x1c, 0x28, 0x0, 0x15, 0x82, 0x70, 0x2, 0x15, 0x83, 0xe0, 0xc8, 
0xea, 0x10, 0x1c, 0x30, 0x0, 0x38, 0xf0, 0xe8, 0x22, 0xbb, 0x1, 0xa, 0x89, 
0xea, 0x10, 0x1c, 0x38, 0x0, 0x82, 0x8a, 0x83, 0xf0, 0xe5, 0xf0, 0xa3, 0xf0, 
0xea, 0x10, 0x1c, 0x40, 0x0, 0x22, 0x50, 0x6, 0xf7, 0x9, 0xa7, 0xf0, 0x19, 
0xea, 0x10, 0x1c, 0x48, 0x0, 0x22, 0xbb, 0xfe, 0x6, 0xf3, 0xe5, 0xf0, 0x9, 
0xea, 0x10, 0x1c, 0x50, 0x0, 0xf3, 0x19, 0x22, 0xe8, 0x8f, 0xf0, 0xa4, 0xcc, 
0xea, 0x10, 0x1c, 0x58, 0x0, 0x8b, 0xf0, 0xa4, 0x2c, 0xfc, 0xe9, 0x8e, 0xf0, 
0xea, 0x10, 0x1c, 0x60, 0x0, 0xa4, 0x2c, 0xfc, 0x8a, 0xf0, 0xed, 0xa4, 0x2c, 
0xea, 0x10, 0x1c, 0x68, 0x0, 0xfc, 0xea, 0x8e, 0xf0, 0xa4, 0xcd, 0xa8, 0xf0, 
0xea, 0x10, 0x1c, 0x70, 0x0, 0x8b, 0xf0, 0xa4, 0x2d, 0xcc, 0x38, 0x25, 0xf0, 
0xea, 0x10, 0x1c, 0x78, 0x0, 0xfd, 0xe9, 0x8f, 0xf0, 0xa4, 0x2c, 0xcd, 0x35, 
0xea, 0x10, 0x1c, 0x80, 0x0, 0xf0, 0xfc, 0xeb, 0x8e, 0xf0, 0xa4, 0xfe, 0xa9, 
0xea, 0x10, 0x1c, 0x88, 0x0, 0xf0, 0xeb, 0x8f, 0xf0, 0xa4, 0xcf, 0xc5, 0xf0, 
0xea, 0x10, 0x1c, 0x90, 0x0, 0x2e, 0xcd, 0x39, 0xfe, 0xe4, 0x3c, 0xfc, 0xea, 
0xea, 0x10, 0x1c, 0x98, 0x0, 0xa4, 0x2d, 0xce, 0x35, 0xf0, 0xfd, 0xe4, 0x3c, 
0xea, 0x10, 0x1c, 0xa0, 0x0, 0xfc, 0x22, 0xc3, 0xe4, 0x9f, 0xff, 0xe4, 0x9e, 
0xea, 0x10, 0x1c, 0xa8, 0x0, 0xfe, 0xe4, 0x9d, 0xfd, 0xe4, 0x9c, 0xfc, 0x22, 
0xea, 0x10, 0x1c, 0xb0, 0x0, 0xeb, 0x9f, 0xf5, 0xf0, 0xea, 0x9e, 0x42, 0xf0, 
0xea, 0x10, 0x1c, 0xb8, 0x0, 0xe9, 0x9d, 0x42, 0xf0, 0xec, 0x64, 0x80, 0xc8, 
0xea, 0x10, 0x1c, 0xc0, 0x0, 0x64, 0x80, 0x98, 0x45, 0xf0, 0x22, 0xe8, 0x60, 
0xea, 0x10, 0x1c, 0xc8, 0x0, 0xf, 0xef, 0xc3, 0x33, 0xff, 0xee, 0x33, 0xfe, 
0xea, 0x10, 0x1c, 0xd0, 0x0, 0xed, 0x33, 0xfd, 0xec, 0x33, 0xfc, 0xd8, 0xf1, 
0xea, 0x10, 0x1c, 0xd8, 0x0, 0x22, 0xec, 0xf0, 0xa3, 0xed, 0xf0, 0xa3, 0xee, 
0xea, 0x10, 0x1c, 0xe0, 0x0, 0xf0, 0xa3, 0xef, 0xf0, 0x22, 0xa8, 0x82, 0x85, 
0xea, 0x10, 0x1c, 0xe8, 0x0, 0x83, 0xf0, 0xd0, 0x83, 0xd0, 0x82, 0x12, 0x1c, 
0xea, 0x10, 0x1c, 0xf0, 0x0, 0xfc, 0x12, 0x1c, 0xfc, 0x12, 0x1c, 0xfc, 0x12, 
0xea, 0x10, 0x1c, 0xf8, 0x0, 0x1c, 0xfc, 0xe4, 0x73, 0xe4, 0x93, 0xa3, 0xc5, 
0xea, 0x10, 0x1d, 0x0, 0x0, 0x83, 0xc5, 0xf0, 0xc5, 0x83, 0xc8, 0xc5, 0x82, 
0xea, 0x10, 0x1d, 0x8, 0x0, 0xc8, 0xf0, 0xa3, 0xc5, 0x83, 0xc5, 0xf0, 0xc5, 
0xea, 0x10, 0x1d, 0x10, 0x0, 0x83, 0xc8, 0xc5, 0x82, 0xc8, 0x22, 0xa4, 0x25, 
0xea, 0x10, 0x1d, 0x18, 0x0, 0x82, 0xf5, 0x82, 0xe5, 0xf0, 0x35, 0x83, 0xf5, 
0xea, 0x10, 0x1d, 0x20, 0x0, 0x83, 0x22, 0xd0, 0x83, 0xd0, 0x82, 0xf8, 0xe4, 
0xea, 0x10, 0x1d, 0x28, 0x0, 0x93, 0x70, 0x12, 0x74, 0x1, 0x93, 0x70, 0xd, 
0xea, 0x10, 0x1d, 0x30, 0x0, 0xa3, 0xa3, 0x93, 0xf8, 0x74, 0x1, 0x93, 0xf5, 
0xea, 0x10, 0x1d, 0x38, 0x0, 0x82, 0x88, 0x83, 0xe4, 0x73, 0x74, 0x2, 0x93, 
0xea, 0x10, 0x1d, 0x40, 0x0, 0xb5, 0xf0, 0x6, 0x74, 0x3, 0x93, 0x68, 0x60, 
0xea, 0x10, 0x1d, 0x48, 0x0, 0xe9, 0xa3, 0xa3, 0xa3, 0xa3, 0x80, 0xd8, 0xef, 
0xea, 0x10, 0x1d, 0x50, 0x0, 0x4e, 0x60, 0x12, 0xef, 0x60, 0x1, 0xe, 0xed, 
0xea, 0x10, 0x1d, 0x58, 0x0, 0xbb, 0x1, 0xb, 0x89, 0x82, 0x8a, 0x83, 0xf0, 
0xea, 0x10, 0x1d, 0x60, 0x0, 0xa3, 0xdf, 0xfc, 0xde, 0xfa, 0x22, 0x89, 0xf0, 
0xea, 0x10, 0x1d, 0x68, 0x0, 0x50, 0x7, 0xf7, 0x9, 0xdf, 0xfc, 0xa9, 0xf0, 
0xea, 0x10, 0x1d, 0x70, 0x0, 0x22, 0xbb, 0xfe, 0xfc, 0xf3, 0x9, 0xdf, 0xfc, 
0xea, 0x10, 0x1d, 0x78, 0x0, 0xa9, 0xf0, 0x22, 0xbc, 0x0, 0xb, 0xbe, 0x0, 
0xea, 0x10, 0x1d, 0x80, 0x0, 0x29, 0xef, 0x8d, 0xf0, 0x84, 0xff, 0xad, 0xf0, 
0xea, 0x10, 0x1d, 0x88, 0x0, 0x22, 0xe4, 0xcc, 0xf8, 0x75, 0xf0, 0x8, 0xef, 
0xea, 0x10, 0x1d, 0x90, 0x0, 0x2f, 0xff, 0xee, 0x33, 0xfe, 0xec, 0x33, 0xfc, 
0xea, 0x10, 0x1d, 0x98, 0x0, 0xee, 0x9d, 0xec, 0x98, 0x40, 0x5, 0xfc, 0xee, 
0xea, 0x10, 0x1d, 0xa0, 0x0, 0x9d, 0xfe, 0xf, 0xd5, 0xf0, 0xe9, 0xe4, 0xce, 
0xea, 0x10, 0x1d, 0xa8, 0x0, 0xfd, 0x22, 0xed, 0xf8, 0xf5, 0xf0, 0xee, 0x84, 
0xea, 0x10, 0x1d, 0xb0, 0x0, 0x20, 0xd2, 0x1c, 0xfe, 0xad, 0xf0, 0x75, 0xf0, 
0xea, 0x10, 0x1d, 0xb8, 0x0, 0x8, 0xef, 0x2f, 0xff, 0xed, 0x33, 0xfd, 0x40, 
0xea, 0x10, 0x1d, 0xc0, 0x0, 0x7, 0x98, 0x50, 0x6, 0xd5, 0xf0, 0xf2, 0x22, 
0xea, 0x10, 0x1d, 0xc8, 0x0, 0xc3, 0x98, 0xfd, 0xf, 0xd5, 0xf0, 0xea, 0x22, 
0xea, 0x10, 0x1d, 0xd0, 0x0, 0x75, 0xf0, 0x8, 0x75, 0x82, 0x0, 0xef, 0x2f, 
0xea, 0x10, 0x1d, 0xd8, 0x0, 0xff, 0xee, 0x33, 0xfe, 0xcd, 0x33, 0xcd, 0xcc, 
0xea, 0x10, 0x1d, 0xe0, 0x0, 0x33, 0xcc, 0xc5, 0x82, 0x33, 0xc5, 0x82, 0x9b, 
0xea, 0x10, 0x1d, 0xe8, 0x0, 0xed, 0x9a, 0xec, 0x99, 0xe5, 0x82, 0x98, 0x40, 
0xea, 0x10, 0x1d, 0xf0, 0x0, 0xc, 0xf5, 0x82, 0xee, 0x9b, 0xfe, 0xed, 0x9a, 
0xea, 0x10, 0x1d, 0xf8, 0x0, 0xfd, 0xec, 0x99, 0xfc, 0xf, 0xd5, 0xf0, 0xd6, 
0xea, 0x10, 0x1e, 0x0, 0x0, 0xe4, 0xce, 0xfb, 0xe4, 0xcd, 0xfa, 0xe4, 0xcc, 
0xea, 0x10, 0x1e, 0x8, 0x0, 0xf9, 0xa8, 0x82, 0x22, 0xb8, 0x0, 0xc1, 0xb9, 
0xea, 0x10, 0x1e, 0x10, 0x0, 0x0, 0x59, 0xba, 0x0, 0x2d, 0xec, 0x8b, 0xf0, 
0xea, 0x10, 0x1e, 0x18, 0x0, 0x84, 0xcf, 0xce, 0xcd, 0xfc, 0xe5, 0xf0, 0xcb, 
0xea, 0x10, 0x1e, 0x20, 0x0, 0xf9, 0x78, 0x18, 0xef, 0x2f, 0xff, 0xee, 0x33, 
0xea, 0x10, 0x1e, 0x28, 0x0, 0xfe, 0xed, 0x33, 0xfd, 0xec, 0x33, 0xfc, 0xeb, 
0xea, 0x10, 0x1e, 0x30, 0x0, 0x33, 0xfb, 0x10, 0xd7, 0x3, 0x99, 0x40, 0x4, 
0xea, 0x10, 0x1e, 0x38, 0x0, 0xeb, 0x99, 0xfb, 0xf, 0xd8, 0xe5, 0xe4, 0xf9, 
0xea, 0x10, 0x1e, 0x40, 0x0, 0xfa, 0x22, 0x78, 0x18, 0xef, 0x2f, 0xff, 0xee, 
0xea, 0x10, 0x1e, 0x48, 0x0, 0x33, 0xfe, 0xed, 0x33, 0xfd, 0xec, 0x33, 0xfc, 
0xea, 0x10, 0x1e, 0x50, 0x0, 0xc9, 0x33, 0xc9, 0x10, 0xd7, 0x5, 0x9b, 0xe9, 
0xea, 0x10, 0x1e, 0x58, 0x0, 0x9a, 0x40, 0x7, 0xec, 0x9b, 0xfc, 0xe9, 0x9a, 
0xea, 0x10, 0x1e, 0x60, 0x0, 0xf9, 0xf, 0xd8, 0xe0, 0xe4, 0xc9, 0xfa, 0xe4, 
0xea, 0x10, 0x1e, 0x68, 0x0, 0xcc, 0xfb, 0x22, 0x75, 0xf0, 0x10, 0xef, 0x2f, 
0xea, 0x10, 0x1e, 0x70, 0x0, 0xff, 0xee, 0x33, 0xfe, 0xed, 0x33, 0xfd, 0xcc, 
0xea, 0x10, 0x1e, 0x78, 0x0, 0x33, 0xcc, 0xc8, 0x33, 0xc8, 0x10, 0xd7, 0x7, 
0xea, 0x10, 0x1e, 0x80, 0x0, 0x9b, 0xec, 0x9a, 0xe8, 0x99, 0x40, 0xa, 0xed, 
0xea, 0x10, 0x1e, 0x88, 0x0, 0x9b, 0xfd, 0xec, 0x9a, 0xfc, 0xe8, 0x99, 0xf8, 
0xea, 0x10, 0x1e, 0x90, 0x0, 0xf, 0xd5, 0xf0, 0xda, 0xe4, 0xcd, 0xfb, 0xe4, 
0xea, 0x10, 0x1e, 0x98, 0x0, 0xcc, 0xfa, 0xe4, 0xc8, 0xf9, 0x22, 0x12, 0x38, 
0xea, 0x10, 0x1e, 0xa0, 0x0, 0xe5, 0x12, 0x6f, 0x8c, 0x90, 0x4, 0x6e, 0xe0, 
0xea, 0x10, 0x1e, 0xa8, 0x0, 0x70, 0x2, 0xa3, 0xe0, 0x60, 0x13, 0x90, 0x5, 
0xea, 0x10, 0x1e, 0xb0, 0x0, 0x85, 0xe4, 0xf0, 0xa3, 0x4, 0xf0, 0x90, 0x4, 
0xea, 0x10, 0x1e, 0xb8, 0x0, 0xbf, 0xe4, 0xf0, 0xa3, 0x74, 0x3, 0xf0, 0x80, 
0xea, 0x10, 0x1e, 0xc0, 0x0, 0x34, 0xd3, 0x90, 0x4, 0xc0, 0xe0, 0x94, 0x0, 
0xea, 0x10, 0x1e, 0xc8, 0x0, 0x90, 0x4, 0xbf, 0xe0, 0x64, 0x80, 0x94, 0x80, 
0xea, 0x10, 0x1e, 0xd0, 0x0, 0x40, 0x16, 0xa3, 0xe0, 0x24, 0xff, 0xf0, 0x90, 
0xea, 0x10, 0x1e, 0xd8, 0x0, 0x4, 0xbf, 0xe0, 0x34, 0xff, 0xf0, 0x90, 0x5, 
0xea, 0x10, 0x1e, 0xe0, 0x0, 0x85, 0xe4, 0xf0, 0xa3, 0x4, 0xf0, 0x80, 0xd, 
0xea, 0x10, 0x1e, 0xe8, 0x0, 0xe4, 0x90, 0x5, 0x85, 0xf0, 0xa3, 0xf0, 0x90, 
0xea, 0x10, 0x1e, 0xf0, 0x0, 0x4, 0xbf, 0xf0, 0xa3, 0xf0, 0x90, 0x5, 0x85, 
0xea, 0x10, 0x1e, 0xf8, 0x0, 0xe0, 0x70, 0x2, 0xa3, 0xe0, 0x60, 0xb, 0x90, 
0xea, 0x10, 0x1f, 0x0, 0x0, 0x5, 0x9, 0xe0, 0x70, 0x8, 0x12, 0x69, 0xda, 
0xea, 0x10, 0x1f, 0x8, 0x0, 0x80, 0x3, 0x12, 0x71, 0x82, 0xe4, 0x90, 0x5, 
0xea, 0x10, 0x1f, 0x10, 0x0, 0xe0, 0xf0, 0xa3, 0xf0, 0x12, 0x9, 0x4a, 0x12, 
0xea, 0x10, 0x1f, 0x18, 0x0, 0x36, 0x6f, 0x12, 0x48, 0xd, 0x12, 0x73, 0x5, 
0xea, 0x10, 0x1f, 0x20, 0x0, 0x12, 0x5c, 0x1, 0xe4, 0x90, 0x9, 0x2f, 0xf0, 
0xea, 0x10, 0x1f, 0x28, 0x0, 0xa3, 0xf0, 0x90, 0x9, 0x2f, 0xe0, 0xfe, 0xa3, 
0xea, 0x10, 0x1f, 0x30, 0x0, 0xe0, 0xff, 0xc3, 0x94, 0x6, 0xee, 0x64, 0x80, 
0xea, 0x10, 0x1f, 0x38, 0x0, 0x94, 0x80, 0x40, 0x3, 0x2, 0x22, 0xbf, 0x74, 
0xea, 0x10, 0x1f, 0x40, 0x0, 0xf2, 0x2f, 0xf5, 0x82, 0x74, 0x4, 0x3e, 0xf5, 
0xea, 0x10, 0x1f, 0x48, 0x0, 0x83, 0xe0, 0xff, 0x64, 0x8, 0x70, 0x3, 0x2, 
0xea, 0x10, 0x1f, 0x50, 0x0, 0x22, 0xae, 0xef, 0x70, 0x3, 0x2, 0x22, 0xae, 
0xea, 0x10, 0x1f, 0x58, 0x0, 0x90, 0x9, 0x30, 0xe0, 0x25, 0xe0, 0xfd, 0x90, 
0xea, 0x10, 0x1f, 0x60, 0x0, 0x9, 0x2f, 0xe0, 0x33, 0xfc, 0x74, 0xd, 0x2d, 
0xea, 0x10, 0x1f, 0x68, 0x0, 0xf5, 0x82, 0x74, 0x5, 0x3c, 0xf5, 0x83, 0xe0, 
0xea, 0x10, 0x1f, 0x70, 0x0, 0xfa, 0xa3, 0xe0, 0xfb, 0x90, 0x5, 0x46, 0xe0, 
0xea, 0x10, 0x1f, 0x78, 0x0, 0xff, 0x33, 0x95, 0xe0, 0xfe, 0xef, 0x78, 0x6, 
0xea, 0x10, 0x1f, 0x80, 0x0, 0xc3, 0x33, 0xce, 0x33, 0xce, 0xd8, 0xf9, 0xff, 
0xea, 0x10, 0x1f, 0x88, 0x0, 0xc3, 0xeb, 0x9f, 0xff, 0xea, 0x9e, 0xfe, 0x74, 
0xea, 0x10, 0x1f, 0x90, 0x0, 0xe4, 0x2d, 0xf5, 0x82, 0x74, 0x5, 0x3c, 0xf5, 
0xea, 0x10, 0x1f, 0x98, 0x0, 0x83, 0xee, 0xf0, 0xa3, 0xef, 0xf0, 0x90, 0x9, 
0xea, 0x10, 0x1f, 0xa0, 0x0, 0x30, 0xe0, 0x25, 0xe0, 0xfd, 0x90, 0x9, 0x2f, 
0xea, 0x10, 0x1f, 0xa8, 0x0, 0xe0, 0x33, 0xfc, 0x74, 0x1a, 0x2d, 0xf5, 0x82, 
0xea, 0x10, 0x1f, 0xb0, 0x0, 0x74, 0x5, 0x3c, 0xf5, 0x83, 0xe0, 0xfa, 0xa3, 
0xea, 0x10, 0x1f, 0xb8, 0x0, 0xe0, 0xfb, 0x90, 0x5, 0xc, 0xe0, 0xff, 0x33, 
0xea, 0x10, 0x1f, 0xc0, 0x0, 0x95, 0xe0, 0xfe, 0xef, 0x78, 0x6, 0xc3, 0x33, 
0xea, 0x10, 0x1f, 0xc8, 0x0, 0xce, 0x33, 0xce, 0xd8, 0xf9, 0xff, 0xc3, 0xeb, 
0xea, 0x10, 0x1f, 0xd0, 0x0, 0x9f, 0xff, 0xea, 0x9e, 0xfe, 0x74, 0x0, 0x2d, 
0xea, 0x10, 0x1f, 0xd8, 0x0, 0xf5, 0x82, 0x74, 0x1, 0x3c, 0xf5, 0x83, 0xee, 
0xea, 0x10, 0x1f, 0xe0, 0x0, 0xf0, 0xa3, 0xef, 0xf0, 0x90, 0x4, 0xe0, 0xe0, 
0xea, 0x10, 0x1f, 0xe8, 0x0, 0xff, 0x33, 0x95, 0xe0, 0xfe, 0xef, 0x24, 0xff, 
0xea, 0x10, 0x1f, 0xf0, 0x0, 0xff, 0xee, 0x34, 0xff, 0xfe, 0xef, 0x78, 0x5, 
0xea, 0x10, 0x1f, 0xf8, 0x0, 0xc3, 0x33, 0xce, 0x33, 0xce, 0xd8, 0xf9, 0xff, 
0xea, 0x10, 0x20, 0x0, 0x0, 0x90, 0x9, 0x21, 0xee, 0xf0, 0xfc, 0xa3, 0xef, 
0xea, 0x10, 0x20, 0x8, 0x0, 0xf0, 0xfd, 0x90, 0x4, 0xc1, 0xe0, 0xff, 0x33, 
0xea, 0x10, 0x20, 0x10, 0x0, 0x95, 0xe0, 0xfe, 0xef, 0x24, 0xff, 0xff, 0xee, 
0xea, 0x10, 0x20, 0x18, 0x0, 0x34, 0xff, 0xfe, 0xef, 0x78, 0x5, 0xc3, 0x33, 
0xea, 0x10, 0x20, 0x20, 0x0, 0xce, 0x33, 0xce, 0xd8, 0xf9, 0xff, 0x90, 0x9, 
0xea, 0x10, 0x20, 0x28, 0x0, 0x23, 0xee, 0xf0, 0xa3, 0xef, 0xf0, 0xa3, 0xe4, 
0xea, 0x10, 0x20, 0x30, 0x0, 0xf0, 0xa3, 0x74, 0x60, 0xf0, 0x7b, 0x30, 0x7a, 
0xea, 0x10, 0x20, 0x38, 0x0, 0x0, 0xc3, 0xed, 0x94, 0x60, 0xfe, 0xec, 0x94, 
0xea, 0x10, 0x20, 0x40, 0x0, 0x0, 0xa3, 0xf0, 0xa3, 0xce, 0xf0, 0xc3, 0x90, 
0xea, 0x10, 0x20, 0x48, 0x0, 0x9, 0x24, 0xe0, 0x94, 0x60, 0xfe, 0x90, 0x9, 
0xea, 0x10, 0x20, 0x50, 0x0, 0x23, 0xe0, 0x94, 0x0, 0x90, 0x9, 0x29, 0xf0, 
0xea, 0x10, 0x20, 0x58, 0x0, 0xa3, 0xce, 0xf0, 0xc3, 0x90, 0x9, 0x22, 0xe0, 
0xea, 0x10, 0x20, 0x60, 0x0, 0x9b, 0xfe, 0x90, 0x9, 0x21, 0xe0, 0x9a, 0x90, 
0xea, 0x10, 0x20, 0x68, 0x0, 0x9, 0x2b, 0xf0, 0xa3, 0xce, 0xf0, 0xc3, 0x90, 
0xea, 0x10, 0x20, 0x70, 0x0, 0x9, 0x24, 0xe0, 0x94, 0x30, 0xfe, 0x90, 0x9, 
0xea, 0x10, 0x20, 0x78, 0x0, 0x23, 0xe0, 0x94, 0x0, 0x90, 0x9, 0x2d, 0xf0, 
0xea, 0x10, 0x20, 0x80, 0x0, 0xa3, 0xce, 0xf0, 0x90, 0x9, 0x21, 0xe0, 0xfc, 
0xea, 0x10, 0x20, 0x88, 0x0, 0xa3, 0xe0, 0xfd, 0xd3, 0x90, 0x9, 0x1e, 0xe0, 
0xea, 0x10, 0x20, 0x90, 0x0, 0x9d, 0xec, 0x64, 0x80, 0xf8, 0x90, 0x9, 0x1d, 
0xea, 0x10, 0x20, 0x98, 0x0, 0xe0, 0x64, 0x80, 0x98, 0x90, 0x9, 0x30, 0xe0, 
0xea, 0x10, 0x20, 0xa0, 0x0, 0x50, 0x62, 0x25, 0xe0, 0xff, 0x90, 0x9, 0x2f, 
0xea, 0x10, 0x20, 0xa8, 0x0, 0xe0, 0x33, 0xfe, 0x74, 0xe4, 0x2f, 0xf5, 0x82, 
0xea, 0x10, 0x20, 0xb0, 0x0, 0x74, 0x5, 0x3e, 0xf5, 0x83, 0xe0, 0xfe, 0xa3, 
0xea, 0x10, 0x20, 0xb8, 0x0, 0xe0, 0xff, 0xc0, 0x7, 0x90, 0x9, 0x27, 0xe0, 
0xea, 0x10, 0x20, 0xc0, 0x0, 0xfa, 0xa3, 0xe0, 0xfb, 0x90, 0x9, 0x2b, 0xe0, 
0xea, 0x10, 0x20, 0xc8, 0x0, 0xff, 0xa3, 0xe0, 0x90, 0x9, 0x37, 0xcf, 0xf0, 
0xea, 0x10, 0x20, 0xd0, 0x0, 0xa3, 0xef, 0xf0, 0x90, 0x8, 0xad, 0xe0, 0xff, 
0xea, 0x10, 0x20, 0xd8, 0x0, 0xa3, 0xe0, 0x90, 0x9, 0x39, 0xcf, 0xf0, 0xa3, 
0xea, 0x10, 0x20, 0xe0, 0x0, 0xef, 0xf0, 0x90, 0x8, 0xbc, 0xe0, 0xff, 0xa3, 
0xea, 0x10, 0x20, 0xe8, 0x0, 0xe0, 0x90, 0x9, 0x3b, 0xcf, 0xf0, 0xa3, 0xef, 
0xea, 0x10, 0x20, 0xf0, 0x0, 0xf0, 0x90, 0x8, 0x2d, 0xe0, 0xff, 0xa3, 0xe0, 
0xea, 0x10, 0x20, 0xf8, 0x0, 0x90, 0x9, 0x3d, 0xcf, 0xf0, 0xa3, 0xef, 0xf0, 
0xea, 0x10, 0x21, 0x0, 0x0, 0xd0, 0x7, 0x80, 0x6c, 0x25, 0xe0, 0xff, 0x90, 
0xea, 0x10, 0x21, 0x8, 0x0, 0x9, 0x2f, 0xe0, 0x33, 0xfe, 0x74, 0xe4, 0x2f, 
0xea, 0x10, 0x21, 0x10, 0x0, 0xf5, 0x82, 0x74, 0x5, 0x3e, 0xf5, 0x83, 0xe0, 
0xea, 0x10, 0x21, 0x18, 0x0, 0xfe, 0xa3, 0xe0, 0xff, 0xc0, 0x6, 0xc0, 0x7, 
0xea, 0x10, 0x21, 0x20, 0x0, 0x90, 0x9, 0x21, 0xe0, 0xfc, 0xa3, 0xe0, 0xfd, 
0xea, 0x10, 0x21, 0x28, 0x0, 0x90, 0x9, 0x27, 0xe0, 0xfa, 0xa3, 0xe0, 0xfb, 
0xea, 0x10, 0x21, 0x30, 0x0, 0x90, 0x9, 0x2b, 0xe0, 0xff, 0xa3, 0xe0, 0x90, 
0xea, 0x10, 0x21, 0x38, 0x0, 0x9, 0x37, 0xcf, 0xf0, 0xa3, 0xef, 0xf0, 0x90, 
0xea, 0x10, 0x21, 0x40, 0x0, 0x8, 0xb3, 0xe0, 0xff, 0xa3, 0xe0, 0x90, 0x9, 
0xea, 0x10, 0x21, 0x48, 0x0, 0x39, 0xcf, 0xf0, 0xa3, 0xef, 0xf0, 0x90, 0x8, 
0xea, 0x10, 0x21, 0x50, 0x0, 0xc1, 0xe0, 0xff, 0xa3, 0xe0, 0x90, 0x9, 0x3b, 
0xea, 0x10, 0x21, 0x58, 0x0, 0xcf, 0xf0, 0xa3, 0xef, 0xf0, 0x90, 0x8, 0x31, 
0xea, 0x10, 0x21, 0x60, 0x0, 0xe0, 0xff, 0xa3, 0xe0, 0x90, 0x9, 0x3d, 0xcf, 
0xea, 0x10, 0x21, 0x68, 0x0, 0xf0, 0xa3, 0xef, 0xf0, 0xd0, 0x7, 0xd0, 0x6, 
0xea, 0x10, 0x21, 0x70, 0x0, 0x12, 0x26, 0xe9, 0x90, 0x9, 0x1d, 0xee, 0xf0, 
0xea, 0x10, 0x21, 0x78, 0x0, 0xa3, 0xef, 0xf0, 0x90, 0x9, 0x23, 0xe0, 0xfc, 
0xea, 0x10, 0x21, 0x80, 0x0, 0xa3, 0xe0, 0xfd, 0xd3, 0x90, 0x9, 0x20, 0xe0, 
0xea, 0x10, 0x21, 0x88, 0x0, 0x9d, 0xec, 0x64, 0x80, 0xf8, 0x90, 0x9, 0x1f, 
0xea, 0x10, 0x21, 0x90, 0x0, 0xe0, 0x64, 0x80, 0x98, 0x90, 0x9, 0x30, 0xe0, 
0xea, 0x10, 0x21, 0x98, 0x0, 0x50, 0x62, 0x25, 0xe0, 0xff, 0x90, 0x9, 0x2f, 
0xea, 0x10, 0x21, 0xa0, 0x0, 0xe0, 0x33, 0xfe, 0x74, 0x0, 0x2f, 0xf5, 0x82, 
0xea, 0x10, 0x21, 0xa8, 0x0, 0x74, 0x1, 0x3e, 0xf5, 0x83, 0xe0, 0xfe, 0xa3, 
0xea, 0x10, 0x21, 0xb0, 0x0, 0xe0, 0xff, 0xc0, 0x7, 0x90, 0x9, 0x29, 0xe0, 
0xea, 0x10, 0x21, 0xb8, 0x0, 0xfa, 0xa3, 0xe0, 0xfb, 0x90, 0x9, 0x2d, 0xe0, 
0xea, 0x10, 0x21, 0xc0, 0x0, 0xff, 0xa3, 0xe0, 0x90, 0x9, 0x37, 0xcf, 0xf0, 
0xea, 0x10, 0x21, 0xc8, 0x0, 0xa3, 0xef, 0xf0, 0x90, 0x8, 0xb1, 0xe0, 0xff, 
0xea, 0x10, 0x21, 0xd0, 0x0, 0xa3, 0xe0, 0x90, 0x9, 0x39, 0xcf, 0xf0, 0xa3, 
0xea, 0x10, 0x21, 0xd8, 0x0, 0xef, 0xf0, 0x90, 0x8, 0xbf, 0xe0, 0xff, 0xa3, 
0xea, 0x10, 0x21, 0xe0, 0x0, 0xe0, 0x90, 0x9, 0x3b, 0xcf, 0xf0, 0xa3, 0xef, 
0xea, 0x10, 0x21, 0xe8, 0x0, 0xf0, 0x90, 0x8, 0x2f, 0xe0, 0xff, 0xa3, 0xe0, 
0xea, 0x10, 0x21, 0xf0, 0x0, 0x90, 0x9, 0x3d, 0xcf, 0xf0, 0xa3, 0xef, 0xf0, 
0xea, 0x10, 0x21, 0xf8, 0x0, 0xd0, 0x7, 0x80, 0x6c, 0x25, 0xe0, 0xff, 0x90, 
0xea, 0x10, 0x22, 0x0, 0x0, 0x9, 0x2f, 0xe0, 0x33, 0xfe, 0x74, 0x0, 0x2f, 
0xea, 0x10, 0x22, 0x8, 0x0, 0xf5, 0x82, 0x74, 0x1, 0x3e, 0xf5, 0x83, 0xe0, 
0xea, 0x10, 0x22, 0x10, 0x0, 0xfe, 0xa3, 0xe0, 0xff, 0xc0, 0x6, 0xc0, 0x7, 
0xea, 0x10, 0x22, 0x18, 0x0, 0x90, 0x9, 0x23, 0xe0, 0xfc, 0xa3, 0xe0, 0xfd, 
0xea, 0x10, 0x22, 0x20, 0x0, 0x90, 0x9, 0x29, 0xe0, 0xfa, 0xa3, 0xe0, 0xfb, 
0xea, 0x10, 0x22, 0x28, 0x0, 0x90, 0x9, 0x2d, 0xe0, 0xff, 0xa3, 0xe0, 0x90, 
0xea, 0x10, 0x22, 0x30, 0x0, 0x9, 0x37, 0xcf, 0xf0, 0xa3, 0xef, 0xf0, 0x90, 
0xea, 0x10, 0x22, 0x38, 0x0, 0x8, 0xb5, 0xe0, 0xff, 0xa3, 0xe0, 0x90, 0x9, 
0xea, 0x10, 0x22, 0x40, 0x0, 0x39, 0xcf, 0xf0, 0xa3, 0xef, 0xf0, 0x90, 0x8, 
0xea, 0x10, 0x22, 0x48, 0x0, 0xc3, 0xe0, 0xff, 0xa3, 0xe0, 0x90, 0x9, 0x3b, 
0xea, 0x10, 0x22, 0x50, 0x0, 0xcf, 0xf0, 0xa3, 0xef, 0xf0, 0x90, 0x8, 0x33, 
0xea, 0x10, 0x22, 0x58, 0x0, 0xe0, 0xff, 0xa3, 0xe0, 0x90, 0x9, 0x3d, 0xcf, 
0xea, 0x10, 0x22, 0x60, 0x0, 0xf0, 0xa3, 0xef, 0xf0, 0xd0, 0x7, 0xd0, 0x6, 
0xea, 0x10, 0x22, 0x68, 0x0, 0x12, 0x26, 0xe9, 0x90, 0x9, 0x1f, 0xee, 0xf0, 
0xea, 0x10, 0x22, 0x70, 0x0, 0xa3, 0xef, 0xf0, 0x90, 0x9, 0x1d, 0xe0, 0xfc, 
0xea, 0x10, 0x22, 0x78, 0x0, 0xa3, 0xe0, 0xfd, 0x90, 0x9, 0x30, 0xe0, 0x25, 
0xea, 0x10, 0x22, 0x80, 0x0, 0xe0, 0xff, 0x90, 0x9, 0x2f, 0xe0, 0x33, 0xfe, 
0xea, 0x10, 0x22, 0x88, 0x0, 0x74, 0xe4, 0x2f, 0xf5, 0x82, 0x74, 0x5, 0x3e, 
0xea, 0x10, 0x22, 0x90, 0x0, 0xf5, 0x83, 0xec, 0xf0, 0xa3, 0xed, 0xf0, 0x90, 
0xea, 0x10, 0x22, 0x98, 0x0, 0x9, 0x1f, 0xe0, 0xfc, 0xa3, 0xe0, 0xfd, 0x74, 
0xea, 0x10, 0x22, 0xa0, 0x0, 0x0, 0x2f, 0xf5, 0x82, 0x74, 0x1, 0x3e, 0xf5, 
0xea, 0x10, 0x22, 0xa8, 0x0, 0x83, 0xec, 0xf0, 0xa3, 0xed, 0xf0, 0x90, 0x9, 
0xea, 0x10, 0x22, 0xb0, 0x0, 0x30, 0xe0, 0x4, 0xf0, 0x70, 0x6, 0x90, 0x9, 
0xea, 0x10, 0x22, 0xb8, 0x0, 0x2f, 0xe0, 0x4, 0xf0, 0x2, 0x1f, 0x2a, 0x12, 
0xea, 0x10, 0x22, 0xc0, 0x0, 0x6d, 0xa9, 0x90, 0x5, 0x85, 0xe0, 0x70, 0x2, 
0xea, 0x10, 0x22, 0xc8, 0x0, 0xa3, 0xe0, 0x60, 0x9, 0x90, 0x5, 0x9, 0xe0, 
0xea, 0x10, 0x22, 0xd0, 0x0, 0x70, 0x3, 0x12, 0x6e, 0xf8, 0x22, 0x90, 0x9, 
0xea, 0x10, 0x22, 0xd8, 0x0, 0x49, 0xee, 0xf0, 0xa3, 0xef, 0xf0, 0xa3, 0xec, 
0xea, 0x10, 0x22, 0xe0, 0x0, 0xf0, 0xa3, 0xed, 0xf0, 0xe4, 0xa3, 0xf0, 0xa3, 
0xea, 0x10, 0x22, 0xe8, 0x0, 0xf0, 0x90, 0x9, 0x4c, 0xe0, 0x25, 0xe0, 0xff, 
0xea, 0x10, 0x22, 0xf0, 0x0, 0x90, 0x9, 0x4b, 0xe0, 0x33, 0xfe, 0x90, 0x9, 
0xea, 0x10, 0x22, 0xf8, 0x0, 0x49, 0xe0, 0xfc, 0xa3, 0xe0, 0xfd, 0x90, 0x1, 
0xea, 0x10, 0x23, 0x0, 0x0, 0xc, 0x75, 0xf0, 0x18, 0x12, 0x1d, 0x16, 0xec, 
0xea, 0x10, 0x23, 0x8, 0x0, 0x75, 0xf0, 0x18, 0xa4, 0x25, 0x83, 0xf5, 0x83, 
0xea, 0x10, 0x23, 0x10, 0x0, 0xe5, 0x82, 0x2f, 0xf5, 0x82, 0xe5, 0x83, 0x3e, 
0xea, 0x10, 0x23, 0x18, 0x0, 0xf5, 0x83, 0xe0, 0xfa, 0xa3, 0xe0, 0xfb, 0x74, 
0xea, 0x10, 0x23, 0x20, 0x0, 0x8, 0x2f, 0xf5, 0x82, 0x74, 0x4, 0x3e, 0xf5, 
0xea, 0x10, 0x23, 0x28, 0x0, 0x83, 0xe0, 0xfe, 0xa3, 0xe0, 0xff, 0xc3, 0xeb, 
0xea, 0x10, 0x23, 0x30, 0x0, 0x9f, 0xfb, 0xea, 0x9e, 0xfa, 0xed, 0x25, 0xe0, 
0xea, 0x10, 0x23, 0x38, 0x0, 0xff, 0xec, 0x33, 0xfe, 0x74, 0x40, 0x2f, 0xf5, 
0xea, 0x10, 0x23, 0x40, 0x0, 0x82, 0x74, 0x4, 0x3e, 0xf5, 0x83, 0xe0, 0xfe, 
0xea, 0x10, 0x23, 0x48, 0x0, 0xa3, 0xe0, 0xff, 0xc3, 0xeb, 0x9f, 0xff, 0xea, 
0xea, 0x10, 0x23, 0x50, 0x0, 0x9e, 0xfe, 0x90, 0x9, 0x4e, 0xe0, 0x2f, 0xf0, 
0xea, 0x10, 0x23, 0x58, 0x0, 0x90, 0x9, 0x4d, 0xe0, 0x3e, 0xf0, 0x90, 0x9, 
0xea, 0x10, 0x23, 0x60, 0x0, 0x4f, 0x74, 0xff, 0xf0, 0xa3, 0xf0, 0x90, 0x5, 
0xea, 0x10, 0x23, 0x68, 0x0, 0x46, 0xe0, 0xff, 0x33, 0x95, 0xe0, 0xfe, 0x90, 
0xea, 0x10, 0x23, 0x70, 0x0, 0x9, 0x49, 0xa3, 0xe0, 0xb5, 0x7, 0x7, 0xec, 
0xea, 0x10, 0x23, 0x78, 0x0, 0xb5, 0x6, 0x3, 0x2, 0x24, 0x50, 0x90, 0x4, 
0xea, 0x10, 0x23, 0x80, 0x0, 0xbc, 0xe0, 0xff, 0x33, 0x95, 0xe0, 0xfe, 0xed, 
0xea, 0x10, 0x23, 0x88, 0x0, 0xb5, 0x7, 0xd, 0xec, 0xb5, 0x6, 0x9, 0x90, 
0xea, 0x10, 0x23, 0x90, 0x0, 0x9, 0x4f, 0x74, 0xff, 0xf0, 0x2, 0x24, 0x56, 
0xea, 0x10, 0x23, 0x98, 0x0, 0x90, 0x9, 0x4b, 0xe0, 0xfc, 0xa3, 0xe0, 0xfd, 
0xea, 0x10, 0x23, 0xa0, 0x0, 0x25, 0xe0, 0xff, 0xec, 0x33, 0xfe, 0x90, 0x9, 
0xea, 0x10, 0x23, 0xa8, 0x0, 0x49, 0xe0, 0xfa, 0xa3, 0xe0, 0x90, 0x1, 0x24, 
0xea, 0x10, 0x23, 0xb0, 0x0, 0x75, 0xf0, 0x18, 0x12, 0x1d, 0x16, 0xea, 0x75, 
0xea, 0x10, 0x23, 0xb8, 0x0, 0xf0, 0x18, 0xa4, 0x25, 0x83, 0xf5, 0x83, 0xe5, 
0xea, 0x10, 0x23, 0xc0, 0x0, 0x82, 0x2f, 0xf5, 0x82, 0xe5, 0x83, 0x3e, 0xf5, 
0xea, 0x10, 0x23, 0xc8, 0x0, 0x83, 0xe0, 0xfa, 0xa3, 0xe0, 0xfb, 0x90, 0x9, 
0xea, 0x10, 0x23, 0xd0, 0x0, 0x4a, 0xe0, 0x25, 0xe0, 0xff, 0x90, 0x9, 0x49, 
0xea, 0x10, 0x23, 0xd8, 0x0, 0xe0, 0x33, 0xfe, 0x74, 0x42, 0x2f, 0xf5, 0x82, 
0xea, 0x10, 0x23, 0xe0, 0x0, 0x74, 0x4, 0x3e, 0xf5, 0x83, 0xe0, 0xfe, 0xa3, 
0xea, 0x10, 0x23, 0xe8, 0x0, 0xe0, 0xff, 0xc3, 0xeb, 0x9f, 0xfb, 0xea, 0x9e, 
0xea, 0x10, 0x23, 0xf0, 0x0, 0xfa, 0xed, 0x25, 0xe0, 0xff, 0xec, 0x33, 0xfe, 
0xea, 0x10, 0x23, 0xf8, 0x0, 0x90, 0x9, 0x49, 0xe0, 0xfc, 0xa3, 0xe0, 0x90, 
0xea, 0x10, 0x24, 0x0, 0x0, 0x0, 0xf4, 0x75, 0xf0, 0x18, 0x12, 0x1d, 0x16, 
0xea, 0x10, 0x24, 0x8, 0x0, 0xec, 0x75, 0xf0, 0x18, 0xa4, 0x25, 0x83, 0xf5, 
0xea, 0x10, 0x24, 0x10, 0x0, 0x83, 0xe5, 0x82, 0x2f, 0xf5, 0x82, 0xe5, 0x83, 
0xea, 0x10, 0x24, 0x18, 0x0, 0x3e, 0xf5, 0x83, 0xe0, 0xfc, 0xa3, 0xe0, 0xfd, 
0xea, 0x10, 0x24, 0x20, 0x0, 0x90, 0x9, 0x4a, 0xe0, 0x25, 0xe0, 0xff, 0x90, 
0xea, 0x10, 0x24, 0x28, 0x0, 0x9, 0x49, 0xe0, 0x33, 0xfe, 0x74, 0x3e, 0x2f, 
0xea, 0x10, 0x24, 0x30, 0x0, 0xf5, 0x82, 0x74, 0x4, 0x3e, 0xf5, 0x83, 0xe0, 
0xea, 0x10, 0x24, 0x38, 0x0, 0xfe, 0xa3, 0xe0, 0xff, 0xc3, 0xed, 0x9f, 0xff, 
0xea, 0x10, 0x24, 0x40, 0x0, 0xec, 0x9e, 0xfe, 0xc3, 0xef, 0x9b, 0xea, 0x64, 
0xea, 0x10, 0x24, 0x48, 0x0, 0x80, 0xf8, 0xee, 0x64, 0x80, 0x98, 0x50, 0x6, 
0xea, 0x10, 0x24, 0x50, 0x0, 0x90, 0x9, 0x4f, 0x74, 0x1, 0xf0, 0x90, 0x5, 
0xea, 0x10, 0x24, 0x58, 0x0, 0xc, 0xe0, 0xff, 0x33, 0x95, 0xe0, 0xfe, 0x90, 
0xea, 0x10, 0x24, 0x60, 0x0, 0x9, 0x4b, 0xe0, 0xfc, 0xa3, 0xe0, 0xfd, 0xb5, 
0xea, 0x10, 0x24, 0x68, 0x0, 0x7, 0x7, 0xec, 0xb5, 0x6, 0x3, 0x2, 0x25, 
0xea, 0x10, 0x24, 0x70, 0x0, 0x29, 0x90, 0x4, 0x71, 0xe0, 0xff, 0x33, 0x95, 
0xea, 0x10, 0x24, 0x78, 0x0, 0xe0, 0xfe, 0xed, 0xb5, 0x7, 0xd, 0xec, 0xb5, 
0xea, 0x10, 0x24, 0x80, 0x0, 0x6, 0x9, 0x90, 0x9, 0x50, 0x74, 0xff, 0xf0, 
0xea, 0x10, 0x24, 0x88, 0x0, 0x2, 0x25, 0x2f, 0x90, 0x9, 0x4b, 0xe0, 0xfc, 
0xea, 0x10, 0x24, 0x90, 0x0, 0xa3, 0xe0, 0xfd, 0x25, 0xe0, 0xff, 0xec, 0x33, 
0xea, 0x10, 0x24, 0x98, 0x0, 0xfe, 0x90, 0x9, 0x49, 0xe0, 0xfa, 0xa3, 0xe0, 
0xea, 0x10, 0x24, 0xa0, 0x0, 0x90, 0x1, 0xe, 0x75, 0xf0, 0x18, 0x12, 0x1d, 
0xea, 0x10, 0x24, 0xa8, 0x0, 0x16, 0xea, 0x75, 0xf0, 0x18, 0xa4, 0x25, 0x83, 
0xea, 0x10, 0x24, 0xb0, 0x0, 0xf5, 0x83, 0xe5, 0x82, 0x2f, 0xf5, 0x82, 0xe5, 
0xea, 0x10, 0x24, 0xb8, 0x0, 0x83, 0x3e, 0xf5, 0x83, 0xe0, 0xfa, 0xa3, 0xe0, 
0xea, 0x10, 0x24, 0xc0, 0x0, 0xfb, 0x74, 0xa, 0x2f, 0xf5, 0x82, 0x74, 0x4, 
0xea, 0x10, 0x24, 0xc8, 0x0, 0x3e, 0xf5, 0x83, 0xe0, 0xfe, 0xa3, 0xe0, 0xff, 
0xea, 0x10, 0x24, 0xd0, 0x0, 0xc3, 0xeb, 0x9f, 0xfb, 0xea, 0x9e, 0xfa, 0xed, 
0xea, 0x10, 0x24, 0xd8, 0x0, 0x25, 0xe0, 0xff, 0xec, 0x33, 0xfe, 0x90, 0x9, 
0xea, 0x10, 0x24, 0xe0, 0x0, 0x49, 0xe0, 0xfc, 0xa3, 0xe0, 0x90, 0x1, 0xa, 
0xea, 0x10, 0x24, 0xe8, 0x0, 0x75, 0xf0, 0x18, 0x12, 0x1d, 0x16, 0xec, 0x75, 
0xea, 0x10, 0x24, 0xf0, 0x0, 0xf0, 0x18, 0xa4, 0x25, 0x83, 0xf5, 0x83, 0xe5, 
0xea, 0x10, 0x24, 0xf8, 0x0, 0x82, 0x2f, 0xf5, 0x82, 0xe5, 0x83, 0x3e, 0xf5, 
0xea, 0x10, 0x25, 0x0, 0x0, 0x83, 0xe0, 0xfc, 0xa3, 0xe0, 0xfd, 0x74, 0x6, 
0xea, 0x10, 0x25, 0x8, 0x0, 0x2f, 0xf5, 0x82, 0x74, 0x4, 0x3e, 0xf5, 0x83, 
0xea, 0x10, 0x25, 0x10, 0x0, 0xe0, 0xfe, 0xa3, 0xe0, 0xff, 0xc3, 0xed, 0x9f, 
0xea, 0x10, 0x25, 0x18, 0x0, 0xff, 0xec, 0x9e, 0xfe, 0xc3, 0xef, 0x9b, 0xea, 
0xea, 0x10, 0x25, 0x20, 0x0, 0x64, 0x80, 0xf8, 0xee, 0x64, 0x80, 0x98, 0x50, 
0xea, 0x10, 0x25, 0x28, 0x0, 0x6, 0x90, 0x9, 0x50, 0x74, 0x1, 0xf0, 0x90, 
0xea, 0x10, 0x25, 0x30, 0x0, 0x9, 0x50, 0xe0, 0xff, 0x33, 0x95, 0xe0, 0xfe, 
0xea, 0x10, 0x25, 0x38, 0x0, 0x90, 0x9, 0x4c, 0xe0, 0x2f, 0xff, 0x90, 0x9, 
0xea, 0x10, 0x25, 0x40, 0x0, 0x4b, 0xe0, 0x3e, 0xfe, 0xef, 0x25, 0xe0, 0xff, 
0xea, 0x10, 0x25, 0x48, 0x0, 0xee, 0x33, 0xfe, 0x90, 0x9, 0x49, 0xe0, 0xfc, 
0xea, 0x10, 0x25, 0x50, 0x0, 0xa3, 0xe0, 0xfd, 0x90, 0x1, 0xc, 0x75, 0xf0, 
0xea, 0x10, 0x25, 0x58, 0x0, 0x18, 0x12, 0x1d, 0x16, 0xec, 0x75, 0xf0, 0x18, 
0xea, 0x10, 0x25, 0x60, 0x0, 0xa4, 0x25, 0x83, 0xf5, 0x83, 0xe5, 0x82, 0x2f, 
0xea, 0x10, 0x25, 0x68, 0x0, 0xf5, 0x82, 0xe5, 0x83, 0x3e, 0xf5, 0x83, 0xe0, 
0xea, 0x10, 0x25, 0x70, 0x0, 0xfa, 0xa3, 0xe0, 0xfb, 0x74, 0x8, 0x2f, 0xf5, 
0xea, 0x10, 0x25, 0x78, 0x0, 0x82, 0x74, 0x4, 0x3e, 0xf5, 0x83, 0xe0, 0xfe, 
0xea, 0x10, 0x25, 0x80, 0x0, 0xa3, 0xe0, 0xff, 0xc3, 0xeb, 0x9f, 0xfb, 0xea, 
0xea, 0x10, 0x25, 0x88, 0x0, 0x9e, 0xfa, 0xed, 0x25, 0xe0, 0xff, 0xec, 0x33, 
0xea, 0x10, 0x25, 0x90, 0x0, 0xfe, 0x74, 0x40, 0x2f, 0xf5, 0x82, 0x74, 0x4, 
0xea, 0x10, 0x25, 0x98, 0x0, 0x3e, 0xf5, 0x83, 0xe0, 0xfe, 0xa3, 0xe0, 0xff, 
0xea, 0x10, 0x25, 0xa0, 0x0, 0xc3, 0xeb, 0x9f, 0xff, 0xea, 0x9e, 0xfe, 0x90, 
0xea, 0x10, 0x25, 0xa8, 0x0, 0x9, 0x4e, 0xe0, 0x2f, 0xf0, 0x90, 0x9, 0x4d, 
0xea, 0x10, 0x25, 0xb0, 0x0, 0xe0, 0x3e, 0xf0, 0x90, 0x9, 0x4f, 0xe0, 0xff, 
0xea, 0x10, 0x25, 0xb8, 0x0, 0x33, 0x95, 0xe0, 0xfe, 0x90, 0x9, 0x4a, 0xe0, 
0xea, 0x10, 0x25, 0xc0, 0x0, 0x2f, 0xff, 0x90, 0x9, 0x49, 0xe0, 0x3e, 0xfe, 
0xea, 0x10, 0x25, 0xc8, 0x0, 0x90, 0x1, 0xc, 0x75, 0xf0, 0x18, 0xef, 0x12, 
0xea, 0x10, 0x25, 0xd0, 0x0, 0x1d, 0x16, 0xee, 0x75, 0xf0, 0x18, 0xa4, 0x25, 
0xea, 0x10, 0x25, 0xd8, 0x0, 0x83, 0xf5, 0x83, 0xc0, 0x83, 0xc0, 0x82, 0x90, 
0xea, 0x10, 0x25, 0xe0, 0x0, 0x9, 0x4c, 0xe0, 0x25, 0xe0, 0xff, 0x90, 0x9, 
0xea, 0x10, 0x25, 0xe8, 0x0, 0x4b, 0xe0, 0x33, 0xfe, 0xd0, 0x82, 0xd0, 0x83, 
0xea, 0x10, 0x25, 0xf0, 0x0, 0xe5, 0x82, 0x2f, 0xf5, 0x82, 0xe5, 0x83, 0x3e, 
0xea, 0x10, 0x25, 0xf8, 0x0, 0xf5, 0x83, 0xe0, 0xfc, 0xa3, 0xe0, 0xfd, 0x74, 
0xea, 0x10, 0x26, 0x0, 0x0, 0x8, 0x2f, 0xf5, 0x82, 0x74, 0x4, 0x3e, 0xf5, 
0xea, 0x10, 0x26, 0x8, 0x0, 0x83, 0xe0, 0xfe, 0xa3, 0xe0, 0xff, 0xc3, 0xed, 
0xea, 0x10, 0x26, 0x10, 0x0, 0x9f, 0xfd, 0xec, 0x9e, 0xfc, 0x90, 0x9, 0x4f, 
0xea, 0x10, 0x26, 0x18, 0x0, 0xe0, 0xf9, 0xff, 0x33, 0x95, 0xe0, 0xfe, 0x90, 
0xea, 0x10, 0x26, 0x20, 0x0, 0x9, 0x4a, 0xe0, 0x2f, 0xfb, 0x90, 0x9, 0x49, 
0xea, 0x10, 0x26, 0x28, 0x0, 0xe0, 0x3e, 0xfa, 0xeb, 0x25, 0xe0, 0xff, 0xea, 
0xea, 0x10, 0x26, 0x30, 0x0, 0x33, 0xfe, 0x74, 0x40, 0x2f, 0xf5, 0x82, 0x74, 
0xea, 0x10, 0x26, 0x38, 0x0, 0x4, 0x3e, 0xf5, 0x83, 0xe0, 0xfe, 0xa3, 0xe0, 
0xea, 0x10, 0x26, 0x40, 0x0, 0xff, 0xc3, 0xed, 0x9f, 0xff, 0xec, 0x9e, 0xfe, 
0xea, 0x10, 0x26, 0x48, 0x0, 0x90, 0x9, 0x4e, 0xe0, 0x2f, 0xf0, 0x90, 0x9, 
0xea, 0x10, 0x26, 0x50, 0x0, 0x4d, 0xe0, 0x3e, 0xf0, 0x90, 0x9, 0x50, 0xe0, 
0xea, 0x10, 0x26, 0x58, 0x0, 0xff, 0x33, 0x95, 0xe0, 0xfe, 0x90, 0x9, 0x4c, 
0xea, 0x10, 0x26, 0x60, 0x0, 0xe0, 0x2f, 0xff, 0x90, 0x9, 0x4b, 0xe0, 0x3e, 
0xea, 0x10, 0x26, 0x68, 0x0, 0xfe, 0xef, 0x25, 0xe0, 0xff, 0xee, 0x33, 0xfe, 
0xea, 0x10, 0x26, 0x70, 0x0, 0x90, 0x1, 0xc, 0x75, 0xf0, 0x18, 0xeb, 0x12, 
0xea, 0x10, 0x26, 0x78, 0x0, 0x1d, 0x16, 0xea, 0x75, 0xf0, 0x18, 0xa4, 0x25, 
0xea, 0x10, 0x26, 0x80, 0x0, 0x83, 0xf5, 0x83, 0xe5, 0x82, 0x2f, 0xf5, 0x82, 
0xea, 0x10, 0x26, 0x88, 0x0, 0xe5, 0x83, 0x3e, 0xf5, 0x83, 0xe0, 0xfc, 0xa3, 
0xea, 0x10, 0x26, 0x90, 0x0, 0xe0, 0xfd, 0x74, 0x8, 0x2f, 0xf5, 0x82, 0x74, 
0xea, 0x10, 0x26, 0x98, 0x0, 0x4, 0x3e, 0xf5, 0x83, 0xe0, 0xfe, 0xa3, 0xe0, 
0xea, 0x10, 0x26, 0xa0, 0x0, 0xff, 0xc3, 0xed, 0x9f, 0xfd, 0xec, 0x9e, 0xfc, 
0xea, 0x10, 0x26, 0xa8, 0x0, 0xe9, 0xff, 0x33, 0x95, 0xe0, 0xfe, 0x90, 0x9, 
0xea, 0x10, 0x26, 0xb0, 0x0, 0x4a, 0xe0, 0x2f, 0xff, 0x90, 0x9, 0x49, 0xe0, 
0xea, 0x10, 0x26, 0xb8, 0x0, 0x3e, 0xfe, 0xef, 0x25, 0xe0, 0xff, 0xee, 0x33, 
0xea, 0x10, 0x26, 0xc0, 0x0, 0xfe, 0x74, 0x40, 0x2f, 0xf5, 0x82, 0x74, 0x4, 
0xea, 0x10, 0x26, 0xc8, 0x0, 0x3e, 0xf5, 0x83, 0xe0, 0xfe, 0xa3, 0xe0, 0xff, 
0xea, 0x10, 0x26, 0xd0, 0x0, 0xc3, 0xed, 0x9f, 0xff, 0xec, 0x9e, 0xfe, 0x90, 
0xea, 0x10, 0x26, 0xd8, 0x0, 0x9, 0x4e, 0xe0, 0x2f, 0xf0, 0x90, 0x9, 0x4d, 
0xea, 0x10, 0x26, 0xe0, 0x0, 0xe0, 0x3e, 0xf0, 0xe0, 0xfe, 0xa3, 0xe0, 0xff, 
0xea, 0x10, 0x26, 0xe8, 0x0, 0x22, 0x90, 0x9, 0x31, 0xee, 0xf0, 0xa3, 0xef, 
0xea, 0x10, 0x26, 0xf0, 0x0, 0xf0, 0xa3, 0xec, 0xf0, 0xa3, 0xed, 0xf0, 0xa3, 
0xea, 0x10, 0x26, 0xf8, 0x0, 0xea, 0xf0, 0xa3, 0xeb, 0xf0, 0x90, 0x9, 0x39, 
0xea, 0x10, 0x27, 0x0, 0x0, 0xe0, 0xfe, 0xa3, 0xe0, 0xff, 0xee, 0x33, 0x95, 
0xea, 0x10, 0x27, 0x8, 0x0, 0xe0, 0xfd, 0xfc, 0x90, 0x9, 0x3f, 0x12, 0x1c, 
0xea, 0x10, 0x27, 0x10, 0x0, 0xd9, 0x90, 0x9, 0x3b, 0xe0, 0xfe, 0xa3, 0xe0, 
0xea, 0x10, 0x27, 0x18, 0x0, 0xff, 0xee, 0x33, 0x95, 0xe0, 0xfd, 0xfc, 0x90, 
0xea, 0x10, 0x27, 0x20, 0x0, 0x9, 0x43, 0x12, 0x1c, 0xd9, 0x90, 0x9, 0x3d, 
0xea, 0x10, 0x27, 0x28, 0x0, 0xe0, 0xfe, 0xa3, 0xe0, 0xff, 0xee, 0x33, 0x95, 
0xea, 0x10, 0x27, 0x30, 0x0, 0xe0, 0xfd, 0xfc, 0x90, 0x9, 0x47, 0x12, 0x1c, 
0xea, 0x10, 0x27, 0x38, 0x0, 0xd9, 0x90, 0x9, 0x33, 0xe0, 0xfe, 0xa3, 0xe0, 
0xea, 0x10, 0x27, 0x40, 0x0, 0xff, 0xee, 0x33, 0x95, 0xe0, 0xfd, 0xfc, 0x90, 
0xea, 0x10, 0x27, 0x48, 0x0, 0x9, 0x4b, 0x12, 0x1c, 0xd9, 0xaf, 0x3, 0xae, 
0xea, 0x10, 0x27, 0x50, 0x0, 0x2, 0xee, 0x33, 0x95, 0xe0, 0xfd, 0xfc, 0x90, 
0xea, 0x10, 0x27, 0x58, 0x0, 0x9, 0x4f, 0x12, 0x1c, 0xd9, 0x90, 0x9, 0x37, 
0xea, 0x10, 0x27, 0x60, 0x0, 0xe0, 0xfe, 0xa3, 0xe0, 0xff, 0xee, 0x33, 0x95, 
0xea, 0x10, 0x27, 0x68, 0x0, 0xe0, 0xfd, 0xfc, 0x90, 0x9, 0x53, 0x12, 0x1c, 
0xea, 0x10, 0x27, 0x70, 0x0, 0xd9, 0x90, 0x9, 0x57, 0x12, 0x1c, 0xe5, 0x0, 
0xea, 0x10, 0x27, 0x78, 0x0, 0x0, 0x0, 0x0, 0x90, 0x9, 0x5b, 0x12, 0x1c, 
0xea, 0x10, 0x27, 0x80, 0x0, 0xe5, 0x0, 0x0, 0x0, 0x0, 0x90, 0x9, 0x5f, 
0xea, 0x10, 0x27, 0x88, 0x0, 0x12, 0x1c, 0xe5, 0x0, 0x0, 0x0, 0x0, 0x90, 
0xea, 0x10, 0x27, 0x90, 0x0, 0x9, 0x3f, 0xe0, 0xfc, 0xa3, 0xe0, 0xfd, 0xa3, 
0xea, 0x10, 0x27, 0x98, 0x0, 0xe0, 0xfe, 0xa3, 0xe0, 0xff, 0x90, 0x9, 0x4f, 
0xea, 0x10, 0x27, 0xa0, 0x0, 0xe0, 0xf8, 0xa3, 0xe0, 0xf9, 0xa3, 0xe0, 0xfa, 
0xea, 0x10, 0x27, 0xa8, 0x0, 0xa3, 0xe0, 0xfb, 0x12, 0x1c, 0x53, 0xe4, 0xfb, 
0xea, 0x10, 0x27, 0xb0, 0x0, 0x7a, 0x4, 0xf9, 0xf8, 0x12, 0x70, 0x18, 0x90, 
0xea, 0x10, 0x27, 0xb8, 0x0, 0x9, 0x63, 0x12, 0x1c, 0xd9, 0x90, 0x9, 0x39, 
0xea, 0x10, 0x27, 0xc0, 0x0, 0xe0, 0xfe, 0xa3, 0xe0, 0xff, 0xee, 0x33, 0x95, 
0xea, 0x10, 0x27, 0xc8, 0x0, 0xe0, 0xfd, 0xfc, 0x90, 0x9, 0x3f, 0x12, 0x1c, 
0xea, 0x10, 0x27, 0xd0, 0x0, 0xd9, 0x90, 0x9, 0x3b, 0xe0, 0xfe, 0xa3, 0xe0, 
0xea, 0x10, 0x27, 0xd8, 0x0, 0xff, 0xee, 0x33, 0x95, 0xe0, 0xfd, 0xfc, 0x90, 
0xea, 0x10, 0x27, 0xe0, 0x0, 0x9, 0x43, 0x12, 0x1c, 0xd9, 0x90, 0x9, 0x3d, 
0xea, 0x10, 0x27, 0xe8, 0x0, 0xe0, 0xfe, 0xa3, 0xe0, 0xff, 0xee, 0x33, 0x95, 
0xea, 0x10, 0x27, 0xf0, 0x0, 0xe0, 0xfd, 0xfc, 0x90, 0x9, 0x47, 0x12, 0x1c, 
0xea, 0x10, 0x27, 0xf8, 0x0, 0xd9, 0x90, 0x9, 0x33, 0xe0, 0xfe, 0xa3, 0xe0, 
0xea, 0x10, 0x28, 0x0, 0x0, 0xff, 0xee, 0x33, 0x95, 0xe0, 0xfd, 0xfc, 0x90, 
0xea, 0x10, 0x28, 0x8, 0x0, 0x9, 0x4b, 0x12, 0x1c, 0xd9, 0x90, 0x9, 0x35, 
0xea, 0x10, 0x28, 0x10, 0x0, 0xe0, 0xfe, 0xa3, 0xe0, 0xff, 0xee, 0x33, 0x95, 
0xea, 0x10, 0x28, 0x18, 0x0, 0xe0, 0xfd, 0xfc, 0x90, 0x9, 0x4f, 0x12, 0x1c, 
0xea, 0x10, 0x28, 0x20, 0x0, 0xd9, 0x90, 0x9, 0x37, 0xe0, 0xfe, 0xa3, 0xe0, 
0xea, 0x10, 0x28, 0x28, 0x0, 0xff, 0xee, 0x33, 0x95, 0xe0, 0xfd, 0xfc, 0x90, 
0xea, 0x10, 0x28, 0x30, 0x0, 0x9, 0x53, 0x12, 0x1c, 0xd9, 0x90, 0x9, 0x57, 
0xea, 0x10, 0x28, 0x38, 0x0, 0x12, 0x1c, 0xe5, 0x0, 0x0, 0x0, 0x0, 0x90, 
0xea, 0x10, 0x28, 0x40, 0x0, 0x9, 0x5b, 0x12, 0x1c, 0xe5, 0x0, 0x0, 0x0, 
0xea, 0x10, 0x28, 0x48, 0x0, 0x0, 0x90, 0x9, 0x5f, 0x12, 0x1c, 0xe5, 0x0, 
0xea, 0x10, 0x28, 0x50, 0x0, 0x0, 0x0, 0x0, 0x90, 0x9, 0x3f, 0xe0, 0xfc, 
0xea, 0x10, 0x28, 0x58, 0x0, 0xa3, 0xe0, 0xfd, 0xa3, 0xe0, 0xfe, 0xa3, 0xe0, 
0xea, 0x10, 0x28, 0x60, 0x0, 0xff, 0x90, 0x9, 0x4f, 0xe0, 0xf8, 0xa3, 0xe0, 
0xea, 0x10, 0x28, 0x68, 0x0, 0xf9, 0xa3, 0xe0, 0xfa, 0xa3, 0xe0, 0xfb, 0x12, 
0xea, 0x10, 0x28, 0x70, 0x0, 0x1c, 0x53, 0xe4, 0xfb, 0x7a, 0x4, 0xf9, 0xf8, 
0xea, 0x10, 0x28, 0x78, 0x0, 0x12, 0x70, 0x18, 0x90, 0x9, 0x63, 0x12, 0x1c, 
0xea, 0x10, 0x28, 0x80, 0x0, 0xd9, 0x90, 0x9, 0x31, 0xe0, 0xfe, 0xa3, 0xe0, 
0xea, 0x10, 0x28, 0x88, 0x0, 0xff, 0xee, 0x33, 0x95, 0xe0, 0xfd, 0xfc, 0x90, 
0xea, 0x10, 0x28, 0x90, 0x0, 0x9, 0x4b, 0xe0, 0xf8, 0xa3, 0xe0, 0xf9, 0xa3, 
0xea, 0x10, 0x28, 0x98, 0x0, 0xe0, 0xfa, 0xa3, 0xe0, 0xfb, 0xc3, 0x12, 0x1c, 
0xea, 0x10, 0x28, 0xa0, 0x0, 0xb0, 0x90, 0x9, 0x31, 0xe0, 0xfe, 0xa3, 0xe0, 
0xea, 0x10, 0x28, 0xa8, 0x0, 0x40, 0x19, 0xfb, 0xaa, 0x6, 0xea, 0x33, 0x95, 
0xea, 0x10, 0x28, 0xb0, 0x0, 0xe0, 0xf9, 0xf8, 0x90, 0x9, 0x4b, 0xe0, 0xfc, 
0xea, 0x10, 0x28, 0xb8, 0x0, 0xa3, 0xe0, 0xfd, 0xa3, 0xe0, 0xfe, 0xa3, 0xe0, 
0xea, 0x10, 0x28, 0xc0, 0x0, 0xc3, 0x80, 0x17, 0xff, 0xee, 0x33, 0x95, 0xe0, 
0xea, 0x10, 0x28, 0xc8, 0x0, 0xfd, 0xfc, 0x90, 0x9, 0x4b, 0xe0, 0xf8, 0xa3, 
0xea, 0x10, 0x28, 0xd0, 0x0, 0xe0, 0xf9, 0xa3, 0xe0, 0xfa, 0xa3, 0xe0, 0xfb, 
0xea, 0x10, 0x28, 0xd8, 0x0, 0xc3, 0xef, 0x9b, 0xff, 0xee, 0x9a, 0xfe, 0xed, 
0xea, 0x10, 0x28, 0xe0, 0x0, 0x99, 0xfd, 0xec, 0x98, 0xfc, 0x90, 0x9, 0x57, 
0xea, 0x10, 0x28, 0xe8, 0x0, 0x12, 0x1c, 0xd9, 0x90, 0x9, 0x53, 0xe0, 0xfc, 
0xea, 0x10, 0x28, 0xf0, 0x0, 0xa3, 0xe0, 0xfd, 0xa3, 0xe0, 0xfe, 0xa3, 0xe0, 
0xea, 0x10, 0x28, 0xf8, 0x0, 0xff, 0xa3, 0xe0, 0xf8, 0xa3, 0xe0, 0xf9, 0xa3, 
0xea, 0x10, 0x29, 0x0, 0x0, 0xe0, 0xfa, 0xa3, 0xe0, 0xfb, 0xd3, 0x12, 0x1c, 
0xea, 0x10, 0x29, 0x8, 0x0, 0xb0, 0x40, 0x54, 0x90, 0x9, 0x53, 0xe0, 0xf8, 
0xea, 0x10, 0x29, 0x10, 0x0, 0xa3, 0xe0, 0xf9, 0xa3, 0xe0, 0xfa, 0xa3, 0xe0, 
0xea, 0x10, 0x29, 0x18, 0x0, 0xfb, 0xa3, 0xe0, 0xfc, 0xa3, 0xe0, 0xfd, 0xa3, 
0xea, 0x10, 0x29, 0x20, 0x0, 0xe0, 0xfe, 0xa3, 0xe0, 0x9b, 0xff, 0xee, 0x9a, 
0xea, 0x10, 0x29, 0x28, 0x0, 0xfe, 0xed, 0x99, 0xfd, 0xec, 0x98, 0xfc, 0x90, 
0xea, 0x10, 0x29, 0x30, 0x0, 0x9, 0x5f, 0x12, 0x1c, 0xd9, 0x90, 0x9, 0x4f, 
0xea, 0x10, 0x29, 0x38, 0x0, 0xe0, 0xf8, 0xa3, 0xe0, 0xf9, 0xa3, 0xe0, 0xfa, 
0xea, 0x10, 0x29, 0x40, 0x0, 0xa3, 0xe0, 0xfb, 0xa3, 0xe0, 0xfc, 0xa3, 0xe0, 
0xea, 0x10, 0x29, 0x48, 0x0, 0xfd, 0xa3, 0xe0, 0xfe, 0xa3, 0xe0, 0xc3, 0x9b, 
0xea, 0x10, 0x29, 0x50, 0x0, 0xff, 0xee, 0x9a, 0xfe, 0xed, 0x99, 0xfd, 0xec, 
0xea, 0x10, 0x29, 0x58, 0x0, 0x98, 0xfc, 0x90, 0x9, 0x5b, 0x80, 0x76, 0x90, 
0xea, 0x10, 0x29, 0x60, 0x0, 0x9, 0x4f, 0xe0, 0xfc, 0xa3, 0xe0, 0xfd, 0xa3, 
0xea, 0x10, 0x29, 0x68, 0x0, 0xe0, 0xfe, 0xa3, 0xe0, 0xff, 0x90, 0x9, 0x57, 
0xea, 0x10, 0x29, 0x70, 0x0, 0xe0, 0xf8, 0xa3, 0xe0, 0xf9, 0xa3, 0xe0, 0xfa, 
0xea, 0x10, 0x29, 0x78, 0x0, 0xa3, 0xe0, 0xfb, 0xd3, 0x12, 0x1c, 0xb0, 0x40, 
0xea, 0x10, 0x29, 0x80, 0x0, 0x29, 0x90, 0x9, 0x4f, 0xe0, 0xf8, 0xa3, 0xe0, 
0xea, 0x10, 0x29, 0x88, 0x0, 0xf9, 0xa3, 0xe0, 0xfa, 0xa3, 0xe0, 0xfb, 0x90, 
0xea, 0x10, 0x29, 0x90, 0x0, 0x9, 0x57, 0xe0, 0xfc, 0xa3, 0xe0, 0xfd, 0xa3, 
0xea, 0x10, 0x29, 0x98, 0x0, 0xe0, 0xfe, 0xa3, 0xe0, 0x9b, 0xff, 0xee, 0x9a, 
0xea, 0x10, 0x29, 0xa0, 0x0, 0xfe, 0xed, 0x99, 0xfd, 0xec, 0x98, 0xfc, 0xa3, 
0xea, 0x10, 0x29, 0xa8, 0x0, 0x80, 0x2b, 0x90, 0x9, 0x3f, 0xe0, 0xfc, 0xa3, 
0xea, 0x10, 0x29, 0xb0, 0x0, 0xe0, 0xfd, 0xa3, 0xe0, 0xfe, 0xa3, 0xe0, 0xff, 
0xea, 0x10, 0x29, 0xb8, 0x0, 0x90, 0x9, 0x57, 0xe0, 0xf8, 0xa3, 0xe0, 0xf9, 
0xea, 0x10, 0x29, 0xc0, 0x0, 0xa3, 0xe0, 0xfa, 0xa3, 0xe0, 0xfb, 0x12, 0x1c, 
0xea, 0x10, 0x29, 0xc8, 0x0, 0x53, 0xe4, 0xfb, 0x7a, 0x4, 0xf9, 0xf8, 0x12, 
0xea, 0x10, 0x29, 0xd0, 0x0, 0x70, 0x18, 0x90, 0x9, 0x63, 0x12, 0x1c, 0xd9, 
0xea, 0x10, 0x29, 0xd8, 0x0, 0x90, 0x9, 0x43, 0xe0, 0xfc, 0xa3, 0xe0, 0xfd, 
0xea, 0x10, 0x29, 0xe0, 0x0, 0xa3, 0xe0, 0xfe, 0xa3, 0xe0, 0xff, 0x90, 0x9, 
0xea, 0x10, 0x29, 0xe8, 0x0, 0x5b, 0xe0, 0xf8, 0xa3, 0xe0, 0xf9, 0xa3, 0xe0, 
0xea, 0x10, 0x29, 0xf0, 0x0, 0xfa, 0xa3, 0xe0, 0xfb, 0x12, 0x1c, 0x53, 0xe4, 
0xea, 0x10, 0x29, 0xf8, 0x0, 0xfb, 0x7a, 0x4, 0xf9, 0xf8, 0x12, 0x70, 0x18, 
0xea, 0x10, 0x2a, 0x0, 0x0, 0x90, 0x9, 0x63, 0xe0, 0xf8, 0xa3, 0xe0, 0xf9, 
0xea, 0x10, 0x2a, 0x8, 0x0, 0xa3, 0xe0, 0xfa, 0xa3, 0xe0, 0x2f, 0xff, 0xea, 
0xea, 0x10, 0x2a, 0x10, 0x0, 0x3e, 0xfe, 0xe9, 0x3d, 0xfd, 0xe8, 0x3c, 0xfc, 
0xea, 0x10, 0x2a, 0x18, 0x0, 0xc0, 0x4, 0xc0, 0x5, 0xc0, 0x6, 0xc0, 0x7, 
0xea, 0x10, 0x2a, 0x20, 0x0, 0x90, 0x9, 0x47, 0xe0, 0xfc, 0xa3, 0xe0, 0xfd, 
0xea, 0x10, 0x2a, 0x28, 0x0, 0xa3, 0xe0, 0xfe, 0xa3, 0xe0, 0xff, 0x90, 0x9, 
0xea, 0x10, 0x2a, 0x30, 0x0, 0x5f, 0xe0, 0xf8, 0xa3, 0xe0, 0xf9, 0xa3, 0xe0, 
0xea, 0x10, 0x2a, 0x38, 0x0, 0xfa, 0xa3, 0xe0, 0xfb, 0x12, 0x1c, 0x53, 0xe4, 
0xea, 0x10, 0x2a, 0x40, 0x0, 0xfb, 0x7a, 0x4, 0xf9, 0xf8, 0x12, 0x70, 0x18, 
0xea, 0x10, 0x2a, 0x48, 0x0, 0xd0, 0x3, 0xd0, 0x2, 0xd0, 0x1, 0xd0, 0x0, 
0xea, 0x10, 0x2a, 0x50, 0x0, 0xef, 0x2b, 0xff, 0xee, 0x3a, 0xfe, 0xed, 0x39, 
0xea, 0x10, 0x2a, 0x58, 0x0, 0xfd, 0xec, 0x38, 0xfc, 0x90, 0x9, 0x57, 0x12, 
0xea, 0x10, 0x2a, 0x60, 0x0, 0x1c, 0xd9, 0x90, 0x9, 0x31, 0xe0, 0xfe, 0xa3, 
0xea, 0x10, 0x2a, 0x68, 0x0, 0xe0, 0xff, 0xee, 0x33, 0x95, 0xe0, 0xfd, 0xfc, 
0xea, 0x10, 0x2a, 0x70, 0x0, 0x90, 0x9, 0x4b, 0xe0, 0xf8, 0xa3, 0xe0, 0xf9, 
0xea, 0x10, 0x2a, 0x78, 0x0, 0xa3, 0xe0, 0xfa, 0xa3, 0xe0, 0xfb, 0xc3, 0x12, 
0xea, 0x10, 0x2a, 0x80, 0x0, 0x1c, 0xb0, 0x90, 0x9, 0x57, 0x40, 0x18, 0xa3, 
0xea, 0x10, 0x2a, 0x88, 0x0, 0xa3, 0xe0, 0xfe, 0xa3, 0xe0, 0xfb, 0xaa, 0x6, 
0xea, 0x10, 0x2a, 0x90, 0x0, 0x90, 0x9, 0x4b, 0xa3, 0xa3, 0xe0, 0xfe, 0xa3, 
0xea, 0x10, 0x2a, 0x98, 0x0, 0xe0, 0x9b, 0xff, 0xee, 0x9a, 0x80, 0x16, 0xa3, 
0xea, 0x10, 0x2a, 0xa0, 0x0, 0xa3, 0xe0, 0xfe, 0xa3, 0xe0, 0xfb, 0xaa, 0x6, 
0xea, 0x10, 0x2a, 0xa8, 0x0, 0x90, 0x9, 0x4b, 0xa3, 0xa3, 0xe0, 0xfe, 0xa3, 
0xea, 0x10, 0x2a, 0xb0, 0x0, 0xe0, 0x2b, 0xff, 0xee, 0x3a, 0x90, 0x9, 0x67, 
0xea, 0x10, 0x2a, 0xb8, 0x0, 0xf0, 0xa3, 0xef, 0xf0, 0x90, 0x9, 0x67, 0xe0, 
0xea, 0x10, 0x2a, 0xc0, 0x0, 0xfe, 0xa3, 0xe0, 0xff, 0x22, 0xc0, 0xe0, 0xc0, 
0xea, 0x10, 0x2a, 0xc8, 0x0, 0xf0, 0xc0, 0x83, 0xc0, 0x82, 0xc0, 0xd0, 0x75, 
0xea, 0x10, 0x2a, 0xd0, 0x0, 0xd0, 0x0, 0xc0, 0x0, 0xc0, 0x1, 0xc0, 0x2, 
0xea, 0x10, 0x2a, 0xd8, 0x0, 0xc0, 0x3, 0xc0, 0x4, 0xc0, 0x5, 0xc0, 0x6, 
0xea, 0x10, 0x2a, 0xe0, 0x0, 0xc0, 0x7, 0x90, 0x8, 0xd0, 0xe5, 0xfe, 0xf0, 
0xea, 0x10, 0x2a, 0xe8, 0x0, 0xe0, 0x20, 0xe0, 0x4a, 0x20, 0xe4, 0x47, 0x30, 
0xea, 0x10, 0x2a, 0xf0, 0x0, 0xe6, 0x9, 0x90, 0x4, 0x20, 0xe4, 0xf0, 0x90, 
0xea, 0x10, 0x2a, 0xf8, 0x0, 0x8, 0xac, 0xf0, 0x90, 0x8, 0x39, 0xe0, 0x70, 
0xea, 0x10, 0x2b, 0x0, 0x0, 0x16, 0x90, 0x4, 0x20, 0xe0, 0xff, 0x4, 0xf0, 
0xea, 0x10, 0x2b, 0x8, 0x0, 0x74, 0x74, 0x2f, 0xf5, 0x82, 0xe4, 0x34, 0x4, 
0xea, 0x10, 0x2b, 0x10, 0x0, 0xf5, 0x83, 0xe0, 0xf5, 0xfc, 0x80, 0x1f, 0x90, 
0xea, 0x10, 0x2b, 0x18, 0x0, 0x8, 0xac, 0xe0, 0x24, 0x67, 0xf5, 0x82, 0xe4, 
0xea, 0x10, 0x2b, 0x20, 0x0, 0x34, 0x8, 0xf5, 0x83, 0xe0, 0xf5, 0xfc, 0x90, 
0xea, 0x10, 0x2b, 0x28, 0x0, 0x8, 0xac, 0xe0, 0x4, 0xf0, 0xe0, 0xc3, 0x94, 
0xea, 0x10, 0x2b, 0x30, 0x0, 0x40, 0x40, 0x3, 0x74, 0x40, 0xf0, 0x90, 0x8, 
0xea, 0x10, 0x2b, 0x38, 0x0, 0xd0, 0xe0, 0x30, 0xe3, 0x53, 0x30, 0xe5, 0x50, 
0xea, 0x10, 0x2b, 0x40, 0x0, 0x30, 0xe0, 0x4d, 0xa3, 0xe5, 0xff, 0xf0, 0xa3, 
0xea, 0x10, 0x2b, 0x48, 0x0, 0xe5, 0xfd, 0xf0, 0x90, 0x8, 0xd1, 0xe0, 0x70, 
0xea, 0x10, 0x2b, 0x50, 0x0, 0x5, 0x74, 0xff, 0xf0, 0x80, 0x6, 0x90, 0x8, 
0xea, 0x10, 0x2b, 0x58, 0x0, 0xd1, 0xe0, 0x14, 0xf0, 0x90, 0x8, 0xd1, 0xe0, 
0xea, 0x10, 0x2b, 0x60, 0x0, 0x70, 0x9, 0xa3, 0xe0, 0xff, 0x12, 0x61, 0xf3, 
0xea, 0x10, 0x2b, 0x68, 0x0, 0x2, 0x2d, 0xc9, 0x90, 0x8, 0xd1, 0xe0, 0xff, 
0xea, 0x10, 0x2b, 0x70, 0x0, 0x12, 0x61, 0xf3, 0x90, 0x8, 0xd2, 0xe0, 0xff, 
0xea, 0x10, 0x2b, 0x78, 0x0, 0x12, 0x61, 0xf3, 0xef, 0x64, 0x1, 0x70, 0x3, 
0xea, 0x10, 0x2b, 0x80, 0x0, 0x2, 0x2d, 0xc9, 0x90, 0x8, 0xd1, 0xe0, 0xff, 
0xea, 0x10, 0x2b, 0x88, 0x0, 0x7d, 0x1, 0x12, 0x0, 0x2e, 0x2, 0x2d, 0xaf, 
0xea, 0x10, 0x2b, 0x90, 0x0, 0x90, 0x8, 0xd0, 0xe0, 0x20, 0xe0, 0x3, 0x2, 
0xea, 0x10, 0x2b, 0x98, 0x0, 0x2d, 0xb9, 0x90, 0x8, 0xd2, 0xe5, 0xfd, 0xf0, 
0xea, 0x10, 0x2b, 0xa0, 0x0, 0xe0, 0xff, 0x12, 0x61, 0xf3, 0xef, 0x64, 0x1, 
0xea, 0x10, 0x2b, 0xa8, 0x0, 0x70, 0x3, 0x2, 0x2d, 0xc9, 0x90, 0x8, 0x2c, 
0xea, 0x10, 0x2b, 0xb0, 0x0, 0xe0, 0x64, 0x1, 0x60, 0x3, 0x2, 0x2d, 0xaf, 
0xea, 0x10, 0x2b, 0xb8, 0x0, 0x90, 0x8, 0xd2, 0xe0, 0xff, 0x90, 0x8, 0xc9, 
0xea, 0x10, 0x2b, 0xc0, 0x0, 0xe0, 0x24, 0x28, 0xf5, 0x82, 0xe4, 0x34, 0x8, 
0xea, 0x10, 0x2b, 0xc8, 0x0, 0xf5, 0x83, 0xef, 0xf0, 0x90, 0x8, 0xc9, 0xe0, 
0xea, 0x10, 0x2b, 0xd0, 0x0, 0x4, 0xf0, 0xe0, 0xc3, 0x94, 0x4, 0x50, 0x3, 
0xea, 0x10, 0x2b, 0xd8, 0x0, 0x2, 0x2d, 0xb9, 0x90, 0x8, 0x2c, 0xe4, 0xf0, 
0xea, 0x10, 0x2b, 0xe0, 0x0, 0x90, 0x8, 0xc9, 0xf0, 0x12, 0x73, 0x5, 0x90, 
0xea, 0x10, 0x2b, 0xe8, 0x0, 0x8, 0x28, 0xe0, 0xff, 0xa3, 0xe0, 0xfd, 0x90, 
0xea, 0x10, 0x2b, 0xf0, 0x0, 0x9, 0xa, 0xe4, 0xf0, 0xfb, 0x12, 0x71, 0xd0, 
0xea, 0x10, 0x2b, 0xf8, 0x0, 0x90, 0x8, 0x28, 0xe0, 0x64, 0xc, 0x70, 0x3b, 
0xea, 0x10, 0x2c, 0x0, 0x0, 0xa3, 0xe0, 0x64, 0x22, 0x70, 0x35, 0xb, 0x90, 
0xea, 0x10, 0x2c, 0x8, 0x0, 0x8, 0xd4, 0x4, 0xf0, 0xa3, 0x74, 0x17, 0xf0, 
0xea, 0x10, 0x2c, 0x10, 0x0, 0xa3, 0x74, 0x90, 0xf0, 0x90, 0x8, 0x2b, 0xe0, 
0xea, 0x10, 0x2c, 0x18, 0x0, 0x60, 0xa, 0x90, 0x8, 0xd5, 0xe4, 0x75, 0xf0, 
0xea, 0x10, 0x2c, 0x20, 0x0, 0x30, 0x12, 0x1c, 0x8, 0x78, 0x6b, 0x7c, 0x8, 
0xea, 0x10, 0x2c, 0x28, 0x0, 0x7d, 0x1, 0x90, 0x8, 0xd4, 0xe0, 0xfb, 0xa3, 
0xea, 0x10, 0x2c, 0x30, 0x0, 0xe0, 0xfa, 0xa3, 0xe0, 0xf9, 0x7e, 0x0, 0x7f, 
0xea, 0x10, 0x2c, 0x38, 0x0, 0x30, 0x80, 0x30, 0x90, 0x8, 0x28, 0xe0, 0x64, 
0xea, 0x10, 0x2c, 0x40, 0x0, 0xc, 0x70, 0x2e, 0xa3, 0xe0, 0xb4, 0x19, 0x29, 
0xea, 0x10, 0x2c, 0x48, 0x0, 0x90, 0x8, 0xd4, 0x74, 0x1, 0xf0, 0xa3, 0x74, 
0xea, 0x10, 0x2c, 0x50, 0x0, 0x17, 0xf0, 0xa3, 0x74, 0x90, 0xf0, 0x78, 0x6b, 
0xea, 0x10, 0x2c, 0x58, 0x0, 0x7c, 0x8, 0x7d, 0x1, 0x90, 0x8, 0xd4, 0xe0, 
0xea, 0x10, 0x2c, 0x60, 0x0, 0xfb, 0xa3, 0xe0, 0xfa, 0xa3, 0xe0, 0xf9, 0x7e, 
0xea, 0x10, 0x2c, 0x68, 0x0, 0x0, 0x7f, 0x4, 0x12, 0x1b, 0x20, 0x2, 0x2d, 
0xea, 0x10, 0x2c, 0x70, 0x0, 0xa8, 0x90, 0x8, 0x28, 0xe0, 0xff, 0xb4, 0xc, 
0xea, 0x10, 0x2c, 0x78, 0x0, 0x14, 0xa3, 0xe0, 0xfd, 0xb4, 0x21, 0xe, 0x90, 
0xea, 0x10, 0x2c, 0x80, 0x0, 0x9, 0xa, 0x74, 0x20, 0xf0, 0x7b, 0x62, 0x12, 
0xea, 0x10, 0x2c, 0x88, 0x0, 0x71, 0xd0, 0x2, 0x2d, 0xa8, 0x90, 0x8, 0x28, 
0xea, 0x10, 0x2c, 0x90, 0x0, 0xe0, 0xff, 0xb4, 0xc, 0x14, 0xa3, 0xe0, 0xfd, 
0xea, 0x10, 0x2c, 0x98, 0x0, 0xb4, 0x20, 0xe, 0x90, 0x9, 0xa, 0x74, 0x5, 
0xea, 0x10, 0x2c, 0xa0, 0x0, 0xf0, 0xe4, 0xfb, 0x12, 0x71, 0xd0, 0x2, 0x2d, 
0xea, 0x10, 0x2c, 0xa8, 0x0, 0xa8, 0x90, 0x8, 0x28, 0xe0, 0xff, 0xb4, 0xe, 
0xea, 0x10, 0x2c, 0xb0, 0x0, 0x18, 0xa3, 0xe0, 0xb4, 0x11, 0x13, 0x90, 0x8, 
0xea, 0x10, 0x2c, 0xb8, 0x0, 0xa7, 0xe4, 0xf0, 0xa3, 0xf0, 0x90, 0x8, 0x39, 
0xea, 0x10, 0x2c, 0xc0, 0x0, 0xf0, 0x12, 0x73, 0x56, 0x90, 0x8, 0x66, 0x80, 
0xea, 0x10, 0x2c, 0xc8, 0x0, 0x31, 0xef, 0xb4, 0xe, 0x1e, 0x90, 0x8, 0x29, 
0xea, 0x10, 0x2c, 0xd0, 0x0, 0xe0, 0xb4, 0x12, 0x17, 0x90, 0x8, 0x39, 0x74, 
0xea, 0x10, 0x2c, 0xd8, 0x0, 0x1, 0xf0, 0x90, 0x8, 0xa7, 0xe4, 0xf0, 0xa3, 
0xea, 0x10, 0x2c, 0xe0, 0x0, 0x74, 0x2, 0xf0, 0x12, 0x73, 0x56, 0x90, 0x8, 
0xea, 0x10, 0x2c, 0xe8, 0x0, 0x64, 0x80, 0xf, 0x90, 0x8, 0x28, 0xe0, 0xb4, 
0xea, 0x10, 0x2c, 0xf0, 0x0, 0xe, 0xe, 0xa3, 0xe0, 0xb4, 0x13, 0x9, 0x90, 
0xea, 0x10, 0x2c, 0xf8, 0x0, 0x8, 0x26, 0x74, 0x1, 0xf0, 0x2, 0x2d, 0xc9, 
0xea, 0x10, 0x2d, 0x0, 0x0, 0x90, 0x8, 0x28, 0xe0, 0xb4, 0xe, 0xc, 0xa3, 
0xea, 0x10, 0x2d, 0x8, 0x0, 0xe0, 0xb4, 0x5, 0x7, 0xa3, 0xe0, 0x90, 0x4, 
0xea, 0x10, 0x2d, 0x10, 0x0, 0x27, 0x80, 0x64, 0x90, 0x8, 0x28, 0xe0, 0x64, 
0xea, 0x10, 0x2d, 0x18, 0x0, 0xe, 0x70, 0x2b, 0xa3, 0xe0, 0xb4, 0x6, 0x26, 
0xea, 0x10, 0x2d, 0x20, 0x0, 0xa3, 0xe0, 0xff, 0x90, 0x5, 0x26, 0xe4, 0xf0, 
0xea, 0x10, 0x2d, 0x28, 0x0, 0xa3, 0xef, 0xf0, 0xe0, 0x7f, 0x0, 0xfe, 0x90, 
0xea, 0x10, 0x2d, 0x30, 0x0, 0x5, 0x26, 0xf0, 0xa3, 0xef, 0xf0, 0x90, 0x8, 
0xea, 0x10, 0x2d, 0x38, 0x0, 0x2b, 0xe0, 0xfd, 0xed, 0xff, 0x90, 0x5, 0x26, 
0xea, 0x10, 0x2d, 0x40, 0x0, 0xee, 0xf0, 0xa3, 0xef, 0x80, 0x31, 0x90, 0x8, 
0xea, 0x10, 0x2d, 0x48, 0x0, 0x28, 0xe0, 0x64, 0xe, 0x70, 0x31, 0xa3, 0xe0, 
0xea, 0x10, 0x2d, 0x50, 0x0, 0xb4, 0x7, 0x2c, 0xa3, 0xe0, 0xff, 0x90, 0x5, 
0xea, 0x10, 0x2d, 0x58, 0x0, 0x28, 0xe4, 0xf0, 0xa3, 0xef, 0xf0, 0xe0, 0x7f, 
0xea, 0x10, 0x2d, 0x60, 0x0, 0x0, 0xfe, 0x90, 0x5, 0x28, 0xf0, 0xa3, 0xef, 
0xea, 0x10, 0x2d, 0x68, 0x0, 0xf0, 0x90, 0x8, 0x2b, 0xe0, 0xfd, 0xed, 0xff, 
0xea, 0x10, 0x2d, 0x70, 0x0, 0x90, 0x5, 0x28, 0xee, 0xf0, 0xa3, 0xef, 0xf0, 
0xea, 0x10, 0x2d, 0x78, 0x0, 0xe4, 0xff, 0x12, 0x0, 0xe, 0x80, 0x3a, 0x90, 
0xea, 0x10, 0x2d, 0x80, 0x0, 0x8, 0x28, 0xe0, 0xb4, 0xe, 0x16, 0xa3, 0xe0, 
0xea, 0x10, 0x2d, 0x88, 0x0, 0xb4, 0x1, 0x11, 0x90, 0x8, 0xa7, 0xe4, 0xf0, 
0xea, 0x10, 0x2d, 0x90, 0x0, 0xa3, 0xf0, 0x90, 0x8, 0x39, 0xf0, 0x90, 0x8, 
0xea, 0x10, 0x2d, 0x98, 0x0, 0x5b, 0xf0, 0x80, 0x2d, 0x90, 0x8, 0x28, 0xe0, 
0xea, 0x10, 0x2d, 0xa0, 0x0, 0xb4, 0xe, 0x16, 0xa3, 0xe0, 0xb4, 0x3, 0x11, 
0xea, 0x10, 0x2d, 0xa8, 0x0, 0xe4, 0xff, 0x12, 0x0, 0xe, 0x80, 0x1a, 0x90, 
0xea, 0x10, 0x2d, 0xb0, 0x0, 0x8, 0xd2, 0xe0, 0xff, 0x7d, 0x1, 0x12, 0x0, 
0xea, 0x10, 0x2d, 0xb8, 0x0, 0x2e, 0x90, 0x8, 0x25, 0xe0, 0xb4, 0x1, 0x9, 
0xea, 0x10, 0x2d, 0xc0, 0x0, 0xe4, 0xf0, 0x90, 0xa0, 0x10, 0xe0, 0x44, 0x80, 
0xea, 0x10, 0x2d, 0xc8, 0x0, 0xf0, 0xd0, 0x7, 0xd0, 0x6, 0xd0, 0x5, 0xd0, 
0xea, 0x10, 0x2d, 0xd0, 0x0, 0x4, 0xd0, 0x3, 0xd0, 0x2, 0xd0, 0x1, 0xd0, 
0xea, 0x10, 0x2d, 0xd8, 0x0, 0x0, 0xd0, 0xd0, 0xd0, 0x82, 0xd0, 0x83, 0xd0, 
0xea, 0x10, 0x2d, 0xe0, 0x0, 0xf0, 0xd0, 0xe0, 0x32, 0x90, 0x9, 0xe, 0xee, 
0xea, 0x10, 0x2d, 0xe8, 0x0, 0xf0, 0xa3, 0xef, 0xf0, 0xe4, 0x90, 0x9, 0x18, 
0xea, 0x10, 0x2d, 0xf0, 0x0, 0xf0, 0xa3, 0xf0, 0xa3, 0xf0, 0xa3, 0xf0, 0x79, 
0xea, 0x10, 0x2d, 0xf8, 0x0, 0x8, 0x90, 0x9, 0xe, 0xe0, 0xfe, 0xa3, 0xe0, 
0xea, 0x10, 0x2e, 0x0, 0x0, 0xff, 0x24, 0x65, 0xf5, 0x82, 0x74, 0x5, 0x3e, 
0xea, 0x10, 0x2e, 0x8, 0x0, 0xf5, 0x83, 0xe0, 0x70, 0xc, 0x74, 0xa2, 0x2f, 
0xea, 0x10, 0x2e, 0x10, 0x0, 0xf5, 0x82, 0x74, 0x3, 0x3e, 0xf5, 0x83, 0xe0, 
0xea, 0x10, 0x2e, 0x18, 0x0, 0xf9, 0x90, 0x9, 0xe, 0xe0, 0xfc, 0xa3, 0xe0, 
0xea, 0x10, 0x2e, 0x20, 0x0, 0xfd, 0xc4, 0xf8, 0x54, 0xf, 0xc8, 0x68, 0xff, 
0xea, 0x10, 0x2e, 0x28, 0x0, 0xec, 0xc4, 0x54, 0xf0, 0x48, 0xfe, 0x74, 0x42, 
0xea, 0x10, 0x2e, 0x30, 0x0, 0x2f, 0xf5, 0x82, 0x74, 0x3, 0x3e, 0xf5, 0x83, 
0xea, 0x10, 0x2e, 0x38, 0x0, 0xe0, 0xfb, 0xa3, 0xe0, 0x90, 0x9, 0x10, 0xcb, 
0xea, 0x10, 0x2e, 0x40, 0x0, 0xf0, 0xa3, 0xeb, 0xf0, 0x74, 0x42, 0x2f, 0xf5, 
0xea, 0x10, 0x2e, 0x48, 0x0, 0x82, 0x74, 0x3, 0x3e, 0xf5, 0x83, 0xe0, 0xff, 
0xea, 0x10, 0x2e, 0x50, 0x0, 0xa3, 0xe0, 0x90, 0x9, 0x12, 0xcf, 0xf0, 0xa3, 
0xea, 0x10, 0x2e, 0x58, 0x0, 0xef, 0xf0, 0xed, 0xc4, 0xf8, 0x54, 0xf, 0xc8, 
0xea, 0x10, 0x2e, 0x60, 0x0, 0x68, 0xff, 0xec, 0xc4, 0x54, 0xf0, 0x48, 0xfe, 
0xea, 0x10, 0x2e, 0x68, 0x0, 0x74, 0xa8, 0x2f, 0xf5, 0x82, 0x74, 0x3, 0x3e, 
0xea, 0x10, 0x2e, 0x70, 0x0, 0xf5, 0x83, 0xe0, 0xfd, 0xa3, 0xe0, 0x90, 0x9, 
0xea, 0x10, 0x2e, 0x78, 0x0, 0x14, 0xcd, 0xf0, 0xa3, 0xed, 0xf0, 0x74, 0xa8, 
0xea, 0x10, 0x2e, 0x80, 0x0, 0x2f, 0xf5, 0x82, 0x74, 0x3, 0x3e, 0xf5, 0x83, 
0xea, 0x10, 0x2e, 0x88, 0x0, 0xe0, 0xff, 0xa3, 0xe0, 0x90, 0x9, 0x16, 0xcf, 
0xea, 0x10, 0x2e, 0x90, 0x0, 0xf0, 0xa3, 0xef, 0xf0, 0x7d, 0x1, 0x7c, 0x0, 
0xea, 0x10, 0x2e, 0x98, 0x0, 0xe9, 0xff, 0xc3, 0xed, 0x9f, 0x74, 0x80, 0xf8, 
0xea, 0x10, 0x2e, 0xa0, 0x0, 0x6c, 0x98, 0x40, 0x3, 0x2, 0x30, 0x9f, 0xed, 
0xea, 0x10, 0x2e, 0xa8, 0x0, 0x25, 0xe0, 0xfb, 0xec, 0x33, 0xfa, 0x90, 0x9, 
0xea, 0x10, 0x2e, 0xb0, 0x0, 0xf, 0xe0, 0xc4, 0xf8, 0x54, 0xf, 0xc8, 0x68, 
0xea, 0x10, 0x2e, 0xb8, 0x0, 0xff, 0x90, 0x9, 0xe, 0xe0, 0xc4, 0x54, 0xf0, 
0xea, 0x10, 0x2e, 0xc0, 0x0, 0x48, 0xfe, 0x74, 0x42, 0x2f, 0xf5, 0x82, 0x74, 
0xea, 0x10, 0x2e, 0xc8, 0x0, 0x3, 0x3e, 0xf5, 0x83, 0xe5, 0x82, 0x2b, 0xf5, 
0xea, 0x10, 0x2e, 0xd0, 0x0, 0x82, 0xe5, 0x83, 0x3a, 0xf5, 0x83, 0xe0, 0xfe, 
0xea, 0x10, 0x2e, 0xd8, 0x0, 0xa3, 0xe0, 0xff, 0xd3, 0x90, 0x9, 0x11, 0xe0, 
0xea, 0x10, 0x2e, 0xe0, 0x0, 0x9f, 0x90, 0x9, 0x10, 0xe0, 0x9e, 0x40, 0x3b, 
0xea, 0x10, 0x2e, 0xe8, 0x0, 0xed, 0x25, 0xe0, 0xfb, 0xec, 0x33, 0xfa, 0x90, 
0xea, 0x10, 0x2e, 0xf0, 0x0, 0x9, 0xf, 0xe0, 0xc4, 0xf8, 0x54, 0xf, 0xc8, 
0xea, 0x10, 0x2e, 0xf8, 0x0, 0x68, 0xff, 0x90, 0x9, 0xe, 0xe0, 0xc4, 0x54, 
0xea, 0x10, 0x2f, 0x0, 0x0, 0xf0, 0x48, 0xfe, 0x74, 0x42, 0x2f, 0xf5, 0x82, 
0xea, 0x10, 0x2f, 0x8, 0x0, 0x74, 0x3, 0x3e, 0xf5, 0x83, 0xe5, 0x82, 0x2b, 
0xea, 0x10, 0x2f, 0x10, 0x0, 0xf5, 0x82, 0xe5, 0x83, 0x3a, 0xf5, 0x83, 0xe0, 
0xea, 0x10, 0x2f, 0x18, 0x0, 0xff, 0xa3, 0xe0, 0x90, 0x9, 0x10, 0xcf, 0xf0, 
0xea, 0x10, 0x2f, 0x20, 0x0, 0xa3, 0xef, 0xf0, 0xed, 0x25, 0xe0, 0xfb, 0xec, 
0xea, 0x10, 0x2f, 0x28, 0x0, 0x33, 0xfa, 0x90, 0x9, 0xf, 0xe0, 0xc4, 0xf8, 
0xea, 0x10, 0x2f, 0x30, 0x0, 0x54, 0xf, 0xc8, 0x68, 0xff, 0x90, 0x9, 0xe, 
0xea, 0x10, 0x2f, 0x38, 0x0, 0xe0, 0xc4, 0x54, 0xf0, 0x48, 0xfe, 0x74, 0x42, 
0xea, 0x10, 0x2f, 0x40, 0x0, 0x2f, 0xf5, 0x82, 0x74, 0x3, 0x3e, 0xf5, 0x83, 
0xea, 0x10, 0x2f, 0x48, 0x0, 0xe5, 0x82, 0x2b, 0xf5, 0x82, 0xe5, 0x83, 0x3a, 
0xea, 0x10, 0x2f, 0x50, 0x0, 0xf5, 0x83, 0xe0, 0xfe, 0xa3, 0xe0, 0xff, 0xc3, 
0xea, 0x10, 0x2f, 0x58, 0x0, 0x90, 0x9, 0x13, 0xe0, 0x9f, 0x90, 0x9, 0x12, 
0xea, 0x10, 0x2f, 0x60, 0x0, 0xe0, 0x9e, 0x50, 0x3b, 0xed, 0x25, 0xe0, 0xfb, 
0xea, 0x10, 0x2f, 0x68, 0x0, 0xec, 0x33, 0xfa, 0x90, 0x9, 0xf, 0xe0, 0xc4, 
0xea, 0x10, 0x2f, 0x70, 0x0, 0xf8, 0x54, 0xf, 0xc8, 0x68, 0xff, 0x90, 0x9, 
0xea, 0x10, 0x2f, 0x78, 0x0, 0xe, 0xe0, 0xc4, 0x54, 0xf0, 0x48, 0xfe, 0x74, 
0xea, 0x10, 0x2f, 0x80, 0x0, 0x42, 0x2f, 0xf5, 0x82, 0x74, 0x3, 0x3e, 0xf5, 
0xea, 0x10, 0x2f, 0x88, 0x0, 0x83, 0xe5, 0x82, 0x2b, 0xf5, 0x82, 0xe5, 0x83, 
0xea, 0x10, 0x2f, 0x90, 0x0, 0x3a, 0xf5, 0x83, 0xe0, 0xff, 0xa3, 0xe0, 0x90, 
0xea, 0x10, 0x2f, 0x98, 0x0, 0x9, 0x12, 0xcf, 0xf0, 0xa3, 0xef, 0xf0, 0xed, 
0xea, 0x10, 0x2f, 0xa0, 0x0, 0x25, 0xe0, 0xfb, 0xec, 0x33, 0xfa, 0x90, 0x9, 
0xea, 0x10, 0x2f, 0xa8, 0x0, 0xf, 0xe0, 0xc4, 0xf8, 0x54, 0xf, 0xc8, 0x68, 
0xea, 0x10, 0x2f, 0xb0, 0x0, 0xff, 0x90, 0x9, 0xe, 0xe0, 0xc4, 0x54, 0xf0, 
0xea, 0x10, 0x2f, 0xb8, 0x0, 0x48, 0xfe, 0x74, 0xa8, 0x2f, 0xf5, 0x82, 0x74, 
0xea, 0x10, 0x2f, 0xc0, 0x0, 0x3, 0x3e, 0xf5, 0x83, 0xe5, 0x82, 0x2b, 0xf5, 
0xea, 0x10, 0x2f, 0xc8, 0x0, 0x82, 0xe5, 0x83, 0x3a, 0xf5, 0x83, 0xe0, 0xfe, 
0xea, 0x10, 0x2f, 0xd0, 0x0, 0xa3, 0xe0, 0xff, 0xd3, 0x90, 0x9, 0x15, 0xe0, 
0xea, 0x10, 0x2f, 0xd8, 0x0, 0x9f, 0x90, 0x9, 0x14, 0xe0, 0x9e, 0x40, 0x3b, 
0xea, 0x10, 0x2f, 0xe0, 0x0, 0xed, 0x25, 0xe0, 0xfb, 0xec, 0x33, 0xfa, 0x90, 
0xea, 0x10, 0x2f, 0xe8, 0x0, 0x9, 0xf, 0xe0, 0xc4, 0xf8, 0x54, 0xf, 0xc8, 
0xea, 0x10, 0x2f, 0xf0, 0x0, 0x68, 0xff, 0x90, 0x9, 0xe, 0xe0, 0xc4, 0x54, 
0xea, 0x10, 0x2f, 0xf8, 0x0, 0xf0, 0x48, 0xfe, 0x74, 0xa8, 0x2f, 0xf5, 0x82, 
0xea, 0x10, 0x30, 0x0, 0x0, 0x74, 0x3, 0x3e, 0xf5, 0x83, 0xe5, 0x82, 0x2b, 
0xea, 0x10, 0x30, 0x8, 0x0, 0xf5, 0x82, 0xe5, 0x83, 0x3a, 0xf5, 0x83, 0xe0, 
0xea, 0x10, 0x30, 0x10, 0x0, 0xff, 0xa3, 0xe0, 0x90, 0x9, 0x14, 0xcf, 0xf0, 
0xea, 0x10, 0x30, 0x18, 0x0, 0xa3, 0xef, 0xf0, 0xed, 0x25, 0xe0, 0xfb, 0xec, 
0xea, 0x10, 0x30, 0x20, 0x0, 0x33, 0xfa, 0x90, 0x9, 0xf, 0xe0, 0xc4, 0xf8, 
0xea, 0x10, 0x30, 0x28, 0x0, 0x54, 0xf, 0xc8, 0x68, 0xff, 0x90, 0x9, 0xe, 
0xea, 0x10, 0x30, 0x30, 0x0, 0xe0, 0xc4, 0x54, 0xf0, 0x48, 0xfe, 0x74, 0xa8, 
0xea, 0x10, 0x30, 0x38, 0x0, 0x2f, 0xf5, 0x82, 0x74, 0x3, 0x3e, 0xf5, 0x83, 
0xea, 0x10, 0x30, 0x40, 0x0, 0xe5, 0x82, 0x2b, 0xf5, 0x82, 0xe5, 0x83, 0x3a, 
0xea, 0x10, 0x30, 0x48, 0x0, 0xf5, 0x83, 0xe0, 0xfe, 0xa3, 0xe0, 0xff, 0xc3, 
0xea, 0x10, 0x30, 0x50, 0x0, 0x90, 0x9, 0x17, 0xe0, 0x9f, 0x90, 0x9, 0x16, 
0xea, 0x10, 0x30, 0x58, 0x0, 0xe0, 0x9e, 0x50, 0x3b, 0xed, 0x25, 0xe0, 0xfb, 
0xea, 0x10, 0x30, 0x60, 0x0, 0xec, 0x33, 0xfa, 0x90, 0x9, 0xf, 0xe0, 0xc4, 
0xea, 0x10, 0x30, 0x68, 0x0, 0xf8, 0x54, 0xf, 0xc8, 0x68, 0xff, 0x90, 0x9, 
0xea, 0x10, 0x30, 0x70, 0x0, 0xe, 0xe0, 0xc4, 0x54, 0xf0, 0x48, 0xfe, 0x74, 
0xea, 0x10, 0x30, 0x78, 0x0, 0xa8, 0x2f, 0xf5, 0x82, 0x74, 0x3, 0x3e, 0xf5, 
0xea, 0x10, 0x30, 0x80, 0x0, 0x83, 0xe5, 0x82, 0x2b, 0xf5, 0x82, 0xe5, 0x83, 
0xea, 0x10, 0x30, 0x88, 0x0, 0x3a, 0xf5, 0x83, 0xe0, 0xff, 0xa3, 0xe0, 0x90, 
0xea, 0x10, 0x30, 0x90, 0x0, 0x9, 0x16, 0xcf, 0xf0, 0xa3, 0xef, 0xf0, 0xd, 
0xea, 0x10, 0x30, 0x98, 0x0, 0xbd, 0x0, 0x1, 0xc, 0x2, 0x2e, 0x98, 0x90, 
0xea, 0x10, 0x30, 0xa0, 0x0, 0x9, 0x10, 0xe0, 0xfe, 0xa3, 0xe0, 0xff, 0xc3, 
0xea, 0x10, 0x30, 0xa8, 0x0, 0x90, 0x9, 0x13, 0xe0, 0x9f, 0xff, 0x90, 0x9, 
0xea, 0x10, 0x30, 0xb0, 0x0, 0x12, 0xe0, 0x9e, 0x90, 0x9, 0x18, 0xf0, 0xa3, 
0xea, 0x10, 0x30, 0xb8, 0x0, 0xef, 0xf0, 0x90, 0x9, 0x14, 0xe0, 0xfe, 0xa3, 
0xea, 0x10, 0x30, 0xc0, 0x0, 0xe0, 0xff, 0xc3, 0x90, 0x9, 0x17, 0xe0, 0x9f, 
0xea, 0x10, 0x30, 0xc8, 0x0, 0xff, 0x90, 0x9, 0x16, 0xe0, 0x9e, 0x90, 0x9, 
0xea, 0x10, 0x30, 0xd0, 0x0, 0x1a, 0xf0, 0xfc, 0xa3, 0xef, 0xf0, 0xfd, 0x90, 
0xea, 0x10, 0x30, 0xd8, 0x0, 0x9, 0x18, 0xe0, 0xfe, 0xa3, 0xe0, 0xff, 0xd3, 
0xea, 0x10, 0x30, 0xe0, 0x0, 0x9d, 0xec, 0x64, 0x80, 0xf8, 0xee, 0x64, 0x80, 
0xea, 0x10, 0x30, 0xe8, 0x0, 0x98, 0x40, 0x1, 0x22, 0x90, 0x9, 0x1a, 0xe0, 
0xea, 0x10, 0x30, 0xf0, 0x0, 0xfe, 0xa3, 0xe0, 0xff, 0x22, 0xe4, 0x90, 0x4, 
0xea, 0x10, 0x30, 0xf8, 0x0, 0xe1, 0xf0, 0xfd, 0xfc, 0x74, 0xf2, 0x2d, 0xf5, 
0xea, 0x10, 0x31, 0x0, 0x0, 0x82, 0x74, 0x4, 0x3c, 0xf5, 0x83, 0xe0, 0xff, 
0xea, 0x10, 0x31, 0x8, 0x0, 0x70, 0x3, 0x2, 0x33, 0xbe, 0xef, 0x64, 0x8, 
0xea, 0x10, 0x31, 0x10, 0x0, 0x70, 0x3, 0x2, 0x33, 0xbe, 0xed, 0x25, 0xe0, 
0xea, 0x10, 0x31, 0x18, 0x0, 0xff, 0xec, 0x33, 0xfe, 0x74, 0x87, 0x2f, 0xf5, 
0xea, 0x10, 0x31, 0x20, 0x0, 0x82, 0x74, 0x5, 0x3e, 0xf5, 0x83, 0xe0, 0xfa, 
0xea, 0x10, 0x31, 0x28, 0x0, 0xa3, 0xe0, 0x4a, 0x70, 0x14, 0x74, 0x93, 0x2f, 
0xea, 0x10, 0x31, 0x30, 0x0, 0xf5, 0x82, 0x74, 0x5, 0x3e, 0xf5, 0x83, 0xe0, 
0xea, 0x10, 0x31, 0x38, 0x0, 0xfe, 0xa3, 0xe0, 0x4e, 0x70, 0x3, 0x2, 0x33, 
0xea, 0x10, 0x31, 0x40, 0x0, 0xbe, 0xed, 0x25, 0xe0, 0xff, 0xec, 0x33, 0xfe, 
0xea, 0x10, 0x31, 0x48, 0x0, 0x74, 0xa5, 0x2f, 0xf5, 0x82, 0x74, 0x5, 0x3e, 
0xea, 0x10, 0x31, 0x50, 0x0, 0xf5, 0x83, 0xe0, 0xff, 0xa3, 0xe0, 0x90, 0x9, 
0xea, 0x10, 0x31, 0x58, 0x0, 0x3f, 0xcf, 0xf0, 0xa3, 0xef, 0xf0, 0x90, 0x9, 
0xea, 0x10, 0x31, 0x60, 0x0, 0x3f, 0xe0, 0xfe, 0xa3, 0xe0, 0xff, 0xf4, 0x70, 
0xea, 0x10, 0x31, 0x68, 0x0, 0x2, 0xee, 0xf4, 0x70, 0x55, 0x74, 0xce, 0x2d, 
0xea, 0x10, 0x31, 0x70, 0x0, 0xf5, 0x82, 0x74, 0x4, 0x3c, 0xf5, 0x83, 0xe0, 
0xea, 0x10, 0x31, 0x78, 0x0, 0xd3, 0x94, 0x0, 0x40, 0x23, 0x74, 0xce, 0x2d, 
0xea, 0x10, 0x31, 0x80, 0x0, 0xf5, 0x82, 0x74, 0x4, 0x3c, 0xf5, 0x83, 0xe0, 
0xea, 0x10, 0x31, 0x88, 0x0, 0x14, 0xf0, 0x74, 0xf2, 0x2d, 0xf5, 0x82, 0x74, 
0xea, 0x10, 0x31, 0x90, 0x0, 0x4, 0x3c, 0xf5, 0x83, 0x74, 0x4, 0xf0, 0x90, 
0xea, 0x10, 0x31, 0x98, 0x0, 0x4, 0xe1, 0x74, 0x1, 0xf0, 0x2, 0x33, 0xbe, 
0xea, 0x10, 0x31, 0xa0, 0x0, 0x74, 0xf2, 0x2d, 0xf5, 0x82, 0x74, 0x4, 0x3c, 
0xea, 0x10, 0x31, 0xa8, 0x0, 0xf5, 0x83, 0x74, 0x8, 0xf0, 0x74, 0xce, 0x2d, 
0xea, 0x10, 0x31, 0xb0, 0x0, 0xf5, 0x82, 0x74, 0x4, 0x3c, 0xf5, 0x83, 0x74, 
0xea, 0x10, 0x31, 0xb8, 0x0, 0x2, 0xf0, 0x90, 0x4, 0xe1, 0x14, 0xf0, 0x2, 
0xea, 0x10, 0x31, 0xc0, 0x0, 0x33, 0xbe, 0xef, 0x25, 0xe0, 0xff, 0xee, 0x33, 
0xea, 0x10, 0x31, 0xc8, 0x0, 0xfe, 0x74, 0xe2, 0x2f, 0xf5, 0x82, 0x74, 0x4, 
0xea, 0x10, 0x31, 0xd0, 0x0, 0x3e, 0xf5, 0x83, 0xe0, 0xfa, 0xa3, 0xe0, 0xfb, 
0xea, 0x10, 0x31, 0xd8, 0x0, 0xed, 0x25, 0xe0, 0xff, 0xec, 0x33, 0xfe, 0x74, 
0xea, 0x10, 0x31, 0xe0, 0x0, 0x87, 0x2f, 0xf5, 0x82, 0x74, 0x5, 0x3e, 0xf5, 
0xea, 0x10, 0x31, 0xe8, 0x0, 0x83, 0xe0, 0xfe, 0xa3, 0xe0, 0xc3, 0x9b, 0xfb, 
0xea, 0x10, 0x31, 0xf0, 0x0, 0xee, 0x9a, 0xfa, 0xed, 0x25, 0xe0, 0xff, 0xec, 
0xea, 0x10, 0x31, 0xf8, 0x0, 0x33, 0xfe, 0x74, 0x28, 0x2f, 0xf5, 0x82, 0x74, 
0xea, 0x10, 0x32, 0x0, 0x0, 0x4, 0x3e, 0xf5, 0x83, 0xea, 0xf0, 0xa3, 0xeb, 
0xea, 0x10, 0x32, 0x8, 0x0, 0xf0, 0x90, 0x9, 0x40, 0xe0, 0x25, 0xe0, 0xff, 
0xea, 0x10, 0x32, 0x10, 0x0, 0x90, 0x9, 0x3f, 0xe0, 0x33, 0xfe, 0x74, 0xf8, 
0xea, 0x10, 0x32, 0x18, 0x0, 0x2f, 0xf5, 0x82, 0x74, 0x4, 0x3e, 0xf5, 0x83, 
0xea, 0x10, 0x32, 0x20, 0x0, 0xe0, 0xfa, 0xa3, 0xe0, 0xfb, 0xed, 0x25, 0xe0, 
0xea, 0x10, 0x32, 0x28, 0x0, 0xff, 0xec, 0x33, 0xfe, 0x74, 0x93, 0x2f, 0xf5, 
0xea, 0x10, 0x32, 0x30, 0x0, 0x82, 0x74, 0x5, 0x3e, 0xf5, 0x83, 0xe0, 0xfe, 
0xea, 0x10, 0x32, 0x38, 0x0, 0xa3, 0xe0, 0xc3, 0x9b, 0xfb, 0xee, 0x9a, 0xfa, 
0xea, 0x10, 0x32, 0x40, 0x0, 0xed, 0x25, 0xe0, 0xff, 0xec, 0x33, 0xfe, 0x74, 
0xea, 0x10, 0x32, 0x48, 0x0, 0x34, 0x2f, 0xf5, 0x82, 0x74, 0x4, 0x3e, 0xf5, 
0xea, 0x10, 0x32, 0x50, 0x0, 0x83, 0xea, 0xf0, 0xa3, 0xeb, 0xf0, 0x74, 0x28, 
0xea, 0x10, 0x32, 0x58, 0x0, 0x2f, 0xf5, 0x82, 0x74, 0x4, 0x3e, 0xf5, 0x83, 
0xea, 0x10, 0x32, 0x60, 0x0, 0xe0, 0xfe, 0xa3, 0xe0, 0xff, 0xc3, 0xee, 0x64, 
0xea, 0x10, 0x32, 0x68, 0x0, 0x80, 0x94, 0x80, 0x50, 0x1f, 0xc3, 0xe4, 0x9f, 
0xea, 0x10, 0x32, 0x70, 0x0, 0xfb, 0xe4, 0x9e, 0xfa, 0xed, 0x25, 0xe0, 0xff, 
0xea, 0x10, 0x32, 0x78, 0x0, 0xec, 0x33, 0xfe, 0x74, 0x28, 0x2f, 0xf5, 0x82, 
0xea, 0x10, 0x32, 0x80, 0x0, 0x74, 0x4, 0x3e, 0xf5, 0x83, 0xea, 0xf0, 0xa3, 
0xea, 0x10, 0x32, 0x88, 0x0, 0xeb, 0xf0, 0x80, 0x27, 0xed, 0x25, 0xe0, 0xff, 
0xea, 0x10, 0x32, 0x90, 0x0, 0xec, 0x33, 0xfe, 0x74, 0x28, 0x2f, 0xf5, 0x82, 
0xea, 0x10, 0x32, 0x98, 0x0, 0x74, 0x4, 0x3e, 0xf5, 0x83, 0xe0, 0xfa, 0xa3, 
0xea, 0x10, 0x32, 0xa0, 0x0, 0xe0, 0x4a, 0x70, 0xf, 0x74, 0x28, 0x2f, 0xf5, 
0xea, 0x10, 0x32, 0xa8, 0x0, 0x82, 0x74, 0x4, 0x3e, 0xf5, 0x83, 0xe4, 0xf0, 
0xea, 0x10, 0x32, 0xb0, 0x0, 0xa3, 0x4, 0xf0, 0xed, 0x25, 0xe0, 0xff, 0xec, 
0xea, 0x10, 0x32, 0xb8, 0x0, 0x33, 0xfe, 0x74, 0x34, 0x2f, 0xf5, 0x82, 0x74, 
0xea, 0x10, 0x32, 0xc0, 0x0, 0x4, 0x3e, 0xf5, 0x83, 0xe0, 0xfe, 0xa3, 0xe0, 
0xea, 0x10, 0x32, 0xc8, 0x0, 0xff, 0xc3, 0xee, 0x64, 0x80, 0x94, 0x80, 0x50, 
0xea, 0x10, 0x32, 0xd0, 0x0, 0x1f, 0xc3, 0xe4, 0x9f, 0xfb, 0xe4, 0x9e, 0xfa, 
0xea, 0x10, 0x32, 0xd8, 0x0, 0xed, 0x25, 0xe0, 0xff, 0xec, 0x33, 0xfe, 0x74, 
0xea, 0x10, 0x32, 0xe0, 0x0, 0x34, 0x2f, 0xf5, 0x82, 0x74, 0x4, 0x3e, 0xf5, 
0xea, 0x10, 0x32, 0xe8, 0x0, 0x83, 0xea, 0xf0, 0xa3, 0xeb, 0xf0, 0x80, 0x27, 
0xea, 0x10, 0x32, 0xf0, 0x0, 0xed, 0x25, 0xe0, 0xff, 0xec, 0x33, 0xfe, 0x74, 
0xea, 0x10, 0x32, 0xf8, 0x0, 0x34, 0x2f, 0xf5, 0x82, 0x74, 0x4, 0x3e, 0xf5, 
0xea, 0x10, 0x33, 0x0, 0x0, 0x83, 0xe0, 0xfa, 0xa3, 0xe0, 0x4a, 0x70, 0xf, 
0xea, 0x10, 0x33, 0x8, 0x0, 0x74, 0x34, 0x2f, 0xf5, 0x82, 0x74, 0x4, 0x3e, 
0xea, 0x10, 0x33, 0x10, 0x0, 0xf5, 0x83, 0xe4, 0xf0, 0xa3, 0x4, 0xf0, 0x90, 
0xea, 0x10, 0x33, 0x18, 0x0, 0x9, 0x40, 0xe0, 0x25, 0xe0, 0xff, 0x90, 0x9, 
0xea, 0x10, 0x33, 0x20, 0x0, 0x3f, 0xe0, 0x33, 0xfe, 0x74, 0xe2, 0x2f, 0xf5, 
0xea, 0x10, 0x33, 0x28, 0x0, 0x82, 0x74, 0x4, 0x3e, 0xf5, 0x83, 0xe0, 0xfa, 
0xea, 0x10, 0x33, 0x30, 0x0, 0xa3, 0xe0, 0xfb, 0xed, 0x25, 0xe0, 0xff, 0xec, 
0xea, 0x10, 0x33, 0x38, 0x0, 0x33, 0xfe, 0x74, 0x87, 0x2f, 0xf5, 0x82, 0x74, 
0xea, 0x10, 0x33, 0x40, 0x0, 0x5, 0x3e, 0xf5, 0x83, 0xea, 0xf0, 0xa3, 0xeb, 
0xea, 0x10, 0x33, 0x48, 0x0, 0xf0, 0x90, 0x9, 0x40, 0xe0, 0x25, 0xe0, 0xff, 
0xea, 0x10, 0x33, 0x50, 0x0, 0x90, 0x9, 0x3f, 0xe0, 0x33, 0xfe, 0x74, 0xf8, 
0xea, 0x10, 0x33, 0x58, 0x0, 0x2f, 0xf5, 0x82, 0x74, 0x4, 0x3e, 0xf5, 0x83, 
0xea, 0x10, 0x33, 0x60, 0x0, 0xe0, 0xfa, 0xa3, 0xe0, 0xfb, 0xed, 0x25, 0xe0, 
0xea, 0x10, 0x33, 0x68, 0x0, 0xff, 0xec, 0x33, 0xfe, 0x74, 0x93, 0x2f, 0xf5, 
0xea, 0x10, 0x33, 0x70, 0x0, 0x82, 0x74, 0x5, 0x3e, 0xf5, 0x83, 0xea, 0xf0, 
0xea, 0x10, 0x33, 0x78, 0x0, 0xa3, 0xeb, 0xf0, 0x90, 0x9, 0x40, 0xe0, 0x25, 
0xea, 0x10, 0x33, 0x80, 0x0, 0xe0, 0xff, 0x90, 0x9, 0x3f, 0xe0, 0x33, 0xfe, 
0xea, 0x10, 0x33, 0x88, 0x0, 0x74, 0xe2, 0x2f, 0xf5, 0x82, 0x74, 0x4, 0x3e, 
0xea, 0x10, 0x33, 0x90, 0x0, 0xf5, 0x83, 0xe4, 0xf0, 0xa3, 0xf0, 0x74, 0xf8, 
0xea, 0x10, 0x33, 0x98, 0x0, 0x2f, 0xf5, 0x82, 0x74, 0x4, 0x3e, 0xf5, 0x83, 
0xea, 0x10, 0x33, 0xa0, 0x0, 0xe4, 0xf0, 0xa3, 0xf0, 0x74, 0xce, 0x2d, 0xf5, 
0xea, 0x10, 0x33, 0xa8, 0x0, 0x82, 0x74, 0x4, 0x3c, 0xf5, 0x83, 0x74, 0x2, 
0xea, 0x10, 0x33, 0xb0, 0x0, 0xf0, 0x74, 0xf2, 0x2d, 0xf5, 0x82, 0x74, 0x4, 
0xea, 0x10, 0x33, 0xb8, 0x0, 0x3c, 0xf5, 0x83, 0x74, 0x2, 0xf0, 0xd, 0xbd, 
0xea, 0x10, 0x33, 0xc0, 0x0, 0x0, 0x1, 0xc, 0xed, 0x64, 0x6, 0x4c, 0x60, 
0xea, 0x10, 0x33, 0xc8, 0x0, 0x3, 0x2, 0x30, 0xfc, 0x22, 0x90, 0x4, 0x6e, 
0xea, 0x10, 0x33, 0xd0, 0x0, 0xe0, 0x70, 0x2, 0xa3, 0xe0, 0x60, 0x3, 0x2, 
0xea, 0x10, 0x33, 0xd8, 0x0, 0x34, 0x9c, 0x90, 0x5, 0x8, 0xe0, 0xd3, 0x94, 
0xea, 0x10, 0x33, 0xe0, 0x0, 0x1, 0x50, 0x3, 0x2, 0x34, 0x86, 0x90, 0x5, 
0xea, 0x10, 0x33, 0xe8, 0x0, 0xc, 0xe0, 0xff, 0xfd, 0x33, 0x95, 0xe0, 0xfc, 
0xea, 0x10, 0x33, 0xf0, 0x0, 0x90, 0x5, 0x6b, 0xe0, 0xfb, 0x7a, 0x0, 0xc3, 
0xea, 0x10, 0x33, 0xf8, 0x0, 0x9d, 0xec, 0x64, 0x80, 0xf8, 0x74, 0x80, 0x98, 
0xea, 0x10, 0x34, 0x0, 0x0, 0x50, 0x4, 0xef, 0xf0, 0x80, 0x1c, 0x90, 0x4, 
0xea, 0x10, 0x34, 0x8, 0x0, 0x71, 0xe0, 0xff, 0xfd, 0x33, 0x95, 0xe0, 0xfc, 
0xea, 0x10, 0x34, 0x10, 0x0, 0xd3, 0xeb, 0x9d, 0xec, 0x64, 0x80, 0xf8, 0xea, 
0xea, 0x10, 0x34, 0x18, 0x0, 0x64, 0x80, 0x98, 0x40, 0x5, 0x90, 0x5, 0x6b, 
0xea, 0x10, 0x34, 0x20, 0x0, 0xef, 0xf0, 0x90, 0x5, 0x6b, 0xe0, 0xff, 0x7e, 
0xea, 0x10, 0x34, 0x28, 0x0, 0x0, 0x12, 0x67, 0xd4, 0x7e, 0x2, 0x7f, 0x28, 
0xea, 0x10, 0x34, 0x30, 0x0, 0x7d, 0x0, 0x7b, 0x1, 0x7a, 0x1, 0x79, 0xc, 
0xea, 0x10, 0x34, 0x38, 0x0, 0x12, 0x1d, 0x4f, 0x90, 0x5, 0x6b, 0xe0, 0xff, 
0xea, 0x10, 0x34, 0x40, 0x0, 0x7e, 0x0, 0x12, 0x10, 0x2b, 0x90, 0x5, 0x6b, 
0xea, 0x10, 0x34, 0x48, 0x0, 0xe0, 0x25, 0xe0, 0x24, 0x2a, 0xf5, 0x82, 0xe4, 
0xea, 0x10, 0x34, 0x50, 0x0, 0x34, 0x5, 0xf5, 0x83, 0xee, 0xf0, 0xa3, 0xef, 
0xea, 0x10, 0x34, 0x58, 0x0, 0xf0, 0x90, 0x5, 0x6b, 0xe0, 0x4, 0xf0, 0x90, 
0xea, 0x10, 0x34, 0x60, 0x0, 0x4, 0x71, 0xe0, 0xff, 0x33, 0x95, 0xe0, 0xfe, 
0xea, 0x10, 0x34, 0x68, 0x0, 0x90, 0x5, 0x6b, 0xe0, 0xd3, 0x9f, 0xee, 0x64, 
0xea, 0x10, 0x34, 0x70, 0x0, 0x80, 0xf8, 0x74, 0x80, 0x98, 0x40, 0x8, 0x90, 
0xea, 0x10, 0x34, 0x78, 0x0, 0x5, 0xc, 0xe0, 0x90, 0x5, 0x6b, 0xf0, 0xe4, 
0xea, 0x10, 0x34, 0x80, 0x0, 0x90, 0x5, 0x8, 0xf0, 0x80, 0x6, 0x90, 0x5, 
0xea, 0x10, 0x34, 0x88, 0x0, 0x8, 0xe0, 0x4, 0xf0, 0x90, 0x5, 0xc, 0xe0, 
0xea, 0x10, 0x34, 0x90, 0x0, 0x90, 0x4, 0x21, 0xf0, 0xe4, 0x90, 0x5, 0xe2, 
0xea, 0x10, 0x34, 0x98, 0x0, 0xf0, 0xa3, 0xf0, 0x22, 0xe4, 0x90, 0x9, 0x6, 
0xea, 0x10, 0x34, 0xa0, 0x0, 0xf0, 0xa3, 0xf0, 0xa3, 0xf0, 0xa3, 0xf0, 0x7f, 
0xea, 0x10, 0x34, 0xa8, 0x0, 0x40, 0xfe, 0x12, 0x6c, 0x15, 0xef, 0x4e, 0x90, 
0xea, 0x10, 0x34, 0xb0, 0x0, 0x5, 0x4b, 0x70, 0x7, 0xf0, 0xa3, 0x74, 0xc, 
0xea, 0x10, 0x34, 0xb8, 0x0, 0xf0, 0x80, 0x6, 0xe4, 0xf0, 0xa3, 0x74, 0x4, 
0xea, 0x10, 0x34, 0xc0, 0x0, 0xf0, 0x90, 0x5, 0x4b, 0xe0, 0xfe, 0xa3, 0xe0, 
0xea, 0x10, 0x34, 0xc8, 0x0, 0xff, 0xc3, 0x90, 0x5, 0xe3, 0xe0, 0x9f, 0xee, 
0xea, 0x10, 0x34, 0xd0, 0x0, 0x64, 0x80, 0xf8, 0x90, 0x5, 0xe2, 0xe0, 0x64, 
0xea, 0x10, 0x34, 0xd8, 0x0, 0x80, 0x98, 0x50, 0xe, 0xa3, 0xe0, 0x4, 0xf0, 
0xea, 0x10, 0x34, 0xe0, 0x0, 0x70, 0x33, 0x90, 0x5, 0xe2, 0xe0, 0x4, 0xf0, 
0xea, 0x10, 0x34, 0xe8, 0x0, 0x80, 0x2b, 0x90, 0x4, 0x21, 0xe0, 0xff, 0x7e, 
0xea, 0x10, 0x34, 0xf0, 0x0, 0x0, 0x12, 0x10, 0x2b, 0x90, 0x4, 0x21, 0xe0, 
0xea, 0x10, 0x34, 0xf8, 0x0, 0x25, 0xe0, 0x24, 0x6d, 0xf5, 0x82, 0xe4, 0x34, 
0xea, 0x10, 0x35, 0x0, 0x0, 0x5, 0xf5, 0x83, 0xee, 0xf0, 0xa3, 0xef, 0xf0, 
0xea, 0x10, 0x35, 0x8, 0x0, 0x90, 0x4, 0x21, 0xe0, 0x4, 0xf0, 0xe4, 0x90, 
0xea, 0x10, 0x35, 0x10, 0x0, 0x5, 0xe2, 0xf0, 0xa3, 0xf0, 0x90, 0x4, 0x71, 
0xea, 0x10, 0x35, 0x18, 0x0, 0xe0, 0xff, 0x33, 0x95, 0xe0, 0xfe, 0x90, 0x4, 
0xea, 0x10, 0x35, 0x20, 0x0, 0x21, 0xe0, 0xd3, 0x9f, 0xee, 0x64, 0x80, 0xf8, 
0xea, 0x10, 0x35, 0x28, 0x0, 0x74, 0x80, 0x98, 0x50, 0x3, 0x2, 0x36, 0x6e, 
0xea, 0x10, 0x35, 0x30, 0x0, 0xe4, 0x90, 0x9, 0x6, 0xf0, 0xa3, 0xf0, 0xa3, 
0xea, 0x10, 0x35, 0x38, 0x0, 0xf0, 0xa3, 0xf0, 0x90, 0x5, 0xc, 0xe0, 0xff, 
0xea, 0x10, 0x35, 0x40, 0x0, 0x33, 0x95, 0xe0, 0xfe, 0xef, 0x24, 0x1, 0xff, 
0xea, 0x10, 0x35, 0x48, 0x0, 0xe4, 0x3e, 0x90, 0x9, 0x2, 0xf0, 0xa3, 0xef, 
0xea, 0x10, 0x35, 0x50, 0x0, 0xf0, 0x90, 0x4, 0x71, 0xe0, 0xff, 0x33, 0x95, 
0xea, 0x10, 0x35, 0x58, 0x0, 0xe0, 0xfe, 0xef, 0x24, 0xff, 0xff, 0xee, 0x34, 
0xea, 0x10, 0x35, 0x60, 0x0, 0xff, 0xfe, 0x90, 0x9, 0x2, 0xe0, 0xfc, 0xa3, 
0xea, 0x10, 0x35, 0x68, 0x0, 0xe0, 0xfd, 0xd3, 0x9f, 0xee, 0x64, 0x80, 0xf8, 
0xea, 0x10, 0x35, 0x70, 0x0, 0xec, 0x64, 0x80, 0x98, 0x40, 0x3, 0x2, 0x36, 
0xea, 0x10, 0x35, 0x78, 0x0, 0x5f, 0xed, 0x25, 0xe0, 0xff, 0xec, 0x33, 0xfe, 
0xea, 0x10, 0x35, 0x80, 0x0, 0x74, 0x2a, 0x2f, 0xf5, 0x82, 0x74, 0x5, 0x3e, 
0xea, 0x10, 0x35, 0x88, 0x0, 0xf5, 0x83, 0xe0, 0xfb, 0xa3, 0xe0, 0x90, 0x9, 
0xea, 0x10, 0x35, 0x90, 0x0, 0x6, 0xcb, 0xf0, 0xa3, 0xeb, 0xf0, 0x74, 0x2c, 
0xea, 0x10, 0x35, 0x98, 0x0, 0x2f, 0xf5, 0x82, 0x74, 0x5, 0x3e, 0xf5, 0x83, 
0xea, 0x10, 0x35, 0xa0, 0x0, 0xe0, 0xfe, 0xa3, 0xe0, 0xff, 0x90, 0x9, 0x7, 
0xea, 0x10, 0x35, 0xa8, 0x0, 0xe0, 0x2f, 0xf0, 0x90, 0x9, 0x6, 0xe0, 0x3e, 
0xea, 0x10, 0x35, 0xb0, 0x0, 0xf0, 0xed, 0x25, 0xe0, 0xff, 0xec, 0x33, 0xfe, 
0xea, 0x10, 0x35, 0xb8, 0x0, 0x74, 0x28, 0x2f, 0xf5, 0x82, 0x74, 0x5, 0x3e, 
0xea, 0x10, 0x35, 0xc0, 0x0, 0xf5, 0x83, 0xe0, 0xfc, 0xa3, 0xe0, 0xfd, 0x90, 
0xea, 0x10, 0x35, 0xc8, 0x0, 0x9, 0x7, 0xe0, 0x2d, 0xf0, 0x90, 0x9, 0x6, 
0xea, 0x10, 0x35, 0xd0, 0x0, 0xe0, 0x3c, 0xf0, 0x74, 0x6d, 0x2f, 0xf5, 0x82, 
0xea, 0x10, 0x35, 0xd8, 0x0, 0x74, 0x5, 0x3e, 0xf5, 0x83, 0xe0, 0xff, 0xa3, 
0xea, 0x10, 0x35, 0xe0, 0x0, 0xe0, 0x90, 0x9, 0x8, 0xcf, 0xf0, 0xa3, 0xef, 
0xea, 0x10, 0x35, 0xe8, 0x0, 0xf0, 0x90, 0x9, 0x3, 0xe0, 0x25, 0xe0, 0xff, 
0xea, 0x10, 0x35, 0xf0, 0x0, 0x90, 0x9, 0x2, 0xe0, 0x33, 0xfe, 0x74, 0x6f, 
0xea, 0x10, 0x35, 0xf8, 0x0, 0x2f, 0xf5, 0x82, 0x74, 0x5, 0x3e, 0xf5, 0x83, 
0xea, 0x10, 0x36, 0x0, 0x0, 0xe0, 0xfc, 0xa3, 0xe0, 0xfd, 0x90, 0x9, 0x9, 
0xea, 0x10, 0x36, 0x8, 0x0, 0xe0, 0x2d, 0xf0, 0x90, 0x9, 0x8, 0xe0, 0x3c, 
0xea, 0x10, 0x36, 0x10, 0x0, 0xf0, 0x74, 0x6b, 0x2f, 0xf5, 0x82, 0x74, 0x5, 
0xea, 0x10, 0x36, 0x18, 0x0, 0x3e, 0xf5, 0x83, 0xe0, 0xfe, 0xa3, 0xe0, 0xff, 
0xea, 0x10, 0x36, 0x20, 0x0, 0x90, 0x9, 0x9, 0xe0, 0x2f, 0xf0, 0x90, 0x9, 
0xea, 0x10, 0x36, 0x28, 0x0, 0x8, 0xe0, 0x3e, 0xf0, 0xe0, 0xfe, 0xa3, 0xe0, 
0xea, 0x10, 0x36, 0x30, 0x0, 0xff, 0xc3, 0x90, 0x9, 0x7, 0xe0, 0x9f, 0xff, 
0xea, 0x10, 0x36, 0x38, 0x0, 0x90, 0x9, 0x6, 0xe0, 0x9e, 0xfe, 0xd3, 0xef, 
0xea, 0x10, 0x36, 0x40, 0x0, 0x94, 0xa4, 0xee, 0x64, 0x80, 0x94, 0x81, 0x40, 
0xea, 0x10, 0x36, 0x48, 0x0, 0x5, 0x12, 0x68, 0x93, 0x80, 0x11, 0x90, 0x9, 
0xea, 0x10, 0x36, 0x50, 0x0, 0x3, 0xe0, 0x4, 0xf0, 0x70, 0x6, 0x90, 0x9, 
0xea, 0x10, 0x36, 0x58, 0x0, 0x2, 0xe0, 0x4, 0xf0, 0x2, 0x35, 0x51, 0xe4, 
0xea, 0x10, 0x36, 0x60, 0x0, 0x90, 0x5, 0xe2, 0xf0, 0xa3, 0xf0, 0x90, 0x5, 
0xea, 0x10, 0x36, 0x68, 0x0, 0xc, 0xe0, 0x90, 0x4, 0x21, 0xf0, 0x22, 0x90, 
0xea, 0x10, 0x36, 0x70, 0x0, 0x9, 0x3d, 0xe4, 0xf0, 0xa3, 0x74, 0x8, 0xf0, 
0xea, 0x10, 0x36, 0x78, 0x0, 0xd3, 0x90, 0x4, 0x6f, 0xe0, 0x94, 0x1, 0x90, 
0xea, 0x10, 0x36, 0x80, 0x0, 0x4, 0x6e, 0xe0, 0x64, 0x80, 0x94, 0x80, 0x40, 
0xea, 0x10, 0x36, 0x88, 0x0, 0x9, 0x90, 0x9, 0x3d, 0xe4, 0xf0, 0xa3, 0x74, 
0xea, 0x10, 0x36, 0x90, 0x0, 0x4, 0xf0, 0xe4, 0x90, 0x9, 0x31, 0xf0, 0xa3, 
0xea, 0x10, 0x36, 0x98, 0x0, 0xf0, 0x90, 0x9, 0x31, 0xe0, 0xfc, 0xa3, 0xe0, 
0xea, 0x10, 0x36, 0xa0, 0x0, 0xfd, 0xc3, 0x94, 0x6, 0xec, 0x64, 0x80, 0x94, 
0xea, 0x10, 0x36, 0xa8, 0x0, 0x80, 0x40, 0x3, 0x2, 0x38, 0xe2, 0xed, 0x25, 
0xea, 0x10, 0x36, 0xb0, 0x0, 0xe0, 0xff, 0xec, 0x33, 0xfe, 0x74, 0xa5, 0x2f, 
0xea, 0x10, 0x36, 0xb8, 0x0, 0xf5, 0x82, 0x74, 0x5, 0x3e, 0xf5, 0x83, 0x74, 
0xea, 0x10, 0x36, 0xc0, 0x0, 0xff, 0xf0, 0xa3, 0xf0, 0x74, 0xce, 0x2f, 0xf5, 
0xea, 0x10, 0x36, 0xc8, 0x0, 0x82, 0x74, 0x5, 0x3e, 0xf5, 0x83, 0x74, 0x27, 
0xea, 0x10, 0x36, 0xd0, 0x0, 0xf0, 0xa3, 0x74, 0x10, 0xf0, 0x74, 0xf2, 0x2d, 
0xea, 0x10, 0x36, 0xd8, 0x0, 0xf5, 0x82, 0x74, 0x4, 0x3c, 0xf5, 0x83, 0xe0, 
0xea, 0x10, 0x36, 0xe0, 0x0, 0xff, 0x64, 0x2, 0x60, 0x8, 0xef, 0x64, 0x4, 
0xea, 0x10, 0x36, 0xe8, 0x0, 0x60, 0x3, 0x2, 0x38, 0xce, 0x90, 0x9, 0x37, 
0xea, 0x10, 0x36, 0xf0, 0x0, 0x74, 0x27, 0xf0, 0xa3, 0x74, 0x10, 0xf0, 0x74, 
0xea, 0x10, 0x36, 0xf8, 0x0, 0xff, 0xa3, 0xf0, 0xa3, 0xf0, 0xe4, 0xfd, 0xfc, 
0xea, 0x10, 0x37, 0x0, 0x0, 0xd3, 0x90, 0x5, 0xe1, 0xe0, 0x9d, 0xec, 0x64, 
0xea, 0x10, 0x37, 0x8, 0x0, 0x80, 0xf8, 0x90, 0x5, 0xe0, 0xe0, 0x64, 0x80, 
0xea, 0x10, 0x37, 0x10, 0x0, 0x98, 0x50, 0x3, 0x2, 0x38, 0x80, 0xed, 0x25, 
0xea, 0x10, 0x37, 0x18, 0x0, 0xe0, 0xff, 0xec, 0x33, 0xfe, 0x74, 0xe2, 0x2f, 
0xea, 0x10, 0x37, 0x20, 0x0, 0xf5, 0x82, 0x74, 0x4, 0x3e, 0xf5, 0x83, 0xe0, 
0xea, 0x10, 0x37, 0x28, 0x0, 0xfa, 0xa3, 0xe0, 0xfb, 0x90, 0x9, 0x32, 0xe0, 
0xea, 0x10, 0x37, 0x30, 0x0, 0x25, 0xe0, 0xff, 0x90, 0x9, 0x31, 0xe0, 0x33, 
0xea, 0x10, 0x37, 0x38, 0x0, 0xfe, 0x74, 0x87, 0x2f, 0xf5, 0x82, 0x74, 0x5, 
0xea, 0x10, 0x37, 0x40, 0x0, 0x3e, 0xf5, 0x83, 0xe0, 0xfe, 0xa3, 0xe0, 0xc3, 
0xea, 0x10, 0x37, 0x48, 0x0, 0x9b, 0xff, 0xee, 0x9a, 0x90, 0x9, 0x33, 0xf0, 
0xea, 0x10, 0x37, 0x50, 0x0, 0xa3, 0xef, 0xf0, 0xed, 0x25, 0xe0, 0xff, 0xec, 
0xea, 0x10, 0x37, 0x58, 0x0, 0x33, 0xfe, 0x74, 0xf8, 0x2f, 0xf5, 0x82, 0x74, 
0xea, 0x10, 0x37, 0x60, 0x0, 0x4, 0x3e, 0xf5, 0x83, 0xe0, 0xfa, 0xa3, 0xe0, 
0xea, 0x10, 0x37, 0x68, 0x0, 0xfb, 0x90, 0x9, 0x32, 0xe0, 0x25, 0xe0, 0xff, 
0xea, 0x10, 0x37, 0x70, 0x0, 0x90, 0x9, 0x31, 0xe0, 0x33, 0xfe, 0x74, 0x93, 
0xea, 0x10, 0x37, 0x78, 0x0, 0x2f, 0xf5, 0x82, 0x74, 0x5, 0x3e, 0xf5, 0x83, 
0xea, 0x10, 0x37, 0x80, 0x0, 0xe0, 0xfe, 0xa3, 0xe0, 0xc3, 0x9b, 0xff, 0xee, 
0xea, 0x10, 0x37, 0x88, 0x0, 0x9a, 0x90, 0x9, 0x35, 0xf0, 0xa3, 0xef, 0xf0, 
0xea, 0x10, 0x37, 0x90, 0x0, 0x90, 0x9, 0x33, 0xe0, 0xfe, 0xa3, 0xe0, 0xff, 
0xea, 0x10, 0x37, 0x98, 0x0, 0xc3, 0xee, 0x64, 0x80, 0x94, 0x80, 0x50, 0xd, 
0xea, 0x10, 0x37, 0xa0, 0x0, 0xc3, 0xe4, 0x9f, 0xff, 0xe4, 0x9e, 0x90, 0x9, 
0xea, 0x10, 0x37, 0xa8, 0x0, 0x33, 0xf0, 0xa3, 0xef, 0xf0, 0x90, 0x9, 0x35, 
0xea, 0x10, 0x37, 0xb0, 0x0, 0xe0, 0xfe, 0xa3, 0xe0, 0xff, 0xc3, 0xee, 0x64, 
0xea, 0x10, 0x37, 0xb8, 0x0, 0x80, 0x94, 0x80, 0x50, 0xd, 0xc3, 0xe4, 0x9f, 
0xea, 0x10, 0x37, 0xc0, 0x0, 0xff, 0xe4, 0x9e, 0x90, 0x9, 0x35, 0xf0, 0xa3, 
0xea, 0x10, 0x37, 0xc8, 0x0, 0xef, 0xf0, 0x90, 0x9, 0x31, 0xe0, 0xfe, 0xa3, 
0xea, 0x10, 0x37, 0xd0, 0x0, 0xe0, 0xff, 0x24, 0x65, 0xf5, 0x82, 0x74, 0x5, 
0xea, 0x10, 0x37, 0xd8, 0x0, 0x3e, 0xf5, 0x83, 0xe0, 0x70, 0x33, 0x74, 0xa2, 
0xea, 0x10, 0x37, 0xe0, 0x0, 0x2f, 0xf5, 0x82, 0x74, 0x3, 0x3e, 0xf5, 0x83, 
0xea, 0x10, 0x37, 0xe8, 0x0, 0xe0, 0xd3, 0x94, 0x2, 0x50, 0x23, 0x90, 0x9, 
0xea, 0x10, 0x37, 0xf0, 0x0, 0x34, 0xe0, 0x94, 0x2, 0x90, 0x9, 0x33, 0xe0, 
0xea, 0x10, 0x37, 0xf8, 0x0, 0x64, 0x80, 0x94, 0x80, 0x50, 0x7a, 0xd3, 0x90, 
0xea, 0x10, 0x38, 0x0, 0x0, 0x9, 0x36, 0xe0, 0x94, 0x2, 0x90, 0x9, 0x35, 
0xea, 0x10, 0x38, 0x8, 0x0, 0xe0, 0x64, 0x80, 0x94, 0x80, 0x40, 0x37, 0x80, 
0xea, 0x10, 0x38, 0x10, 0x0, 0x67, 0x90, 0x9, 0x3d, 0xe4, 0xf0, 0xa3, 0x74, 
0xea, 0x10, 0x38, 0x18, 0x0, 0x8, 0xf0, 0xd3, 0x90, 0x9, 0x34, 0xe0, 0x94, 
0xea, 0x10, 0x38, 0x20, 0x0, 0x8, 0x90, 0x9, 0x33, 0xe0, 0x64, 0x80, 0x94, 
0xea, 0x10, 0x38, 0x28, 0x0, 0x80, 0x50, 0x4d, 0x90, 0x9, 0x3d, 0xe0, 0xfe, 
0xea, 0x10, 0x38, 0x30, 0x0, 0xa3, 0xe0, 0xff, 0xd3, 0x90, 0x9, 0x36, 0xe0, 
0xea, 0x10, 0x38, 0x38, 0x0, 0x9f, 0xee, 0x64, 0x80, 0xf8, 0x90, 0x9, 0x35, 
0xea, 0x10, 0x38, 0x40, 0x0, 0xe0, 0x64, 0x80, 0x98, 0x50, 0x32, 0x90, 0x9, 
0xea, 0x10, 0x38, 0x48, 0x0, 0x35, 0xe0, 0xfe, 0xa3, 0xe0, 0xff, 0x90, 0x9, 
0xea, 0x10, 0x38, 0x50, 0x0, 0x34, 0xe0, 0x2f, 0xff, 0x90, 0x9, 0x33, 0xe0, 
0xea, 0x10, 0x38, 0x58, 0x0, 0x3e, 0xfe, 0xd3, 0x90, 0x9, 0x38, 0xe0, 0x9f, 
0xea, 0x10, 0x38, 0x60, 0x0, 0xee, 0x64, 0x80, 0xf8, 0x90, 0x9, 0x37, 0xe0, 
0xea, 0x10, 0x38, 0x68, 0x0, 0x64, 0x80, 0x98, 0x40, 0xb, 0xee, 0xf0, 0xa3, 
0xea, 0x10, 0x38, 0x70, 0x0, 0xef, 0xf0, 0xa3, 0xec, 0xf0, 0xa3, 0xed, 0xf0, 
0xea, 0x10, 0x38, 0x78, 0x0, 0xd, 0xbd, 0x0, 0x1, 0xc, 0x2, 0x37, 0x0, 
0xea, 0x10, 0x38, 0x80, 0x0, 0x90, 0x9, 0x39, 0xe0, 0xfc, 0xa3, 0xe0, 0xfd, 
0xea, 0x10, 0x38, 0x88, 0x0, 0x90, 0x9, 0x32, 0xe0, 0x25, 0xe0, 0xff, 0x90, 
0xea, 0x10, 0x38, 0x90, 0x0, 0x9, 0x31, 0xe0, 0x33, 0xfe, 0x74, 0xa5, 0x2f, 
0xea, 0x10, 0x38, 0x98, 0x0, 0xf5, 0x82, 0x74, 0x5, 0x3e, 0xf5, 0x83, 0xec, 
0xea, 0x10, 0x38, 0xa0, 0x0, 0xf0, 0xa3, 0xed, 0xf0, 0x90, 0x9, 0x37, 0xe0, 
0xea, 0x10, 0x38, 0xa8, 0x0, 0xfa, 0xa3, 0xe0, 0xfb, 0x74, 0xce, 0x2f, 0xf5, 
0xea, 0x10, 0x38, 0xb0, 0x0, 0x82, 0x74, 0x5, 0x3e, 0xf5, 0x83, 0xea, 0xf0, 
0xea, 0x10, 0x38, 0xb8, 0x0, 0xa3, 0xeb, 0xf0, 0xc3, 0xec, 0x64, 0x80, 0x94, 
0xea, 0x10, 0x38, 0xc0, 0x0, 0x80, 0x40, 0xb, 0x90, 0x9, 0x31, 0xe0, 0xfe, 
0xea, 0x10, 0x38, 0xc8, 0x0, 0xa3, 0xe0, 0xff, 0x12, 0x63, 0xb9, 0x90, 0x9, 
0xea, 0x10, 0x38, 0xd0, 0x0, 0x32, 0xe0, 0x4, 0xf0, 0x60, 0x3, 0x2, 0x36, 
0xea, 0x10, 0x38, 0xd8, 0x0, 0x99, 0x90, 0x9, 0x31, 0xe0, 0x4, 0xf0, 0x2, 
0xea, 0x10, 0x38, 0xe0, 0x0, 0x36, 0x99, 0x2, 0x30, 0xf5, 0x7e, 0x0, 0x7f, 
0xea, 0x10, 0x38, 0xe8, 0x0, 0x42, 0x7d, 0x0, 0x7b, 0x1, 0x7a, 0x4, 0x79, 
0xea, 0x10, 0x38, 0xf0, 0x0, 0x74, 0x12, 0x1d, 0x4f, 0x90, 0x4, 0x74, 0x74, 
0xea, 0x10, 0x38, 0xf8, 0x0, 0xb1, 0xf0, 0xe4, 0x90, 0x4, 0x6e, 0xf0, 0xa3, 
0xea, 0x10, 0x39, 0x0, 0x0, 0xf0, 0x90, 0x9, 0x31, 0xf0, 0x12, 0x73, 0x5, 
0xea, 0x10, 0x39, 0x8, 0x0, 0x90, 0x9, 0x31, 0xe0, 0xff, 0x24, 0xf2, 0xf5, 
0xea, 0x10, 0x39, 0x10, 0x0, 0x82, 0xe4, 0x34, 0x4, 0xf5, 0x83, 0xe0, 0x60, 
0xea, 0x10, 0x39, 0x18, 0x0, 0x37, 0xef, 0x25, 0xe0, 0x24, 0x4d, 0xf5, 0x82, 
0xea, 0x10, 0x39, 0x20, 0x0, 0xe4, 0x34, 0x5, 0xf5, 0x83, 0xe0, 0xfe, 0xa3, 
0xea, 0x10, 0x39, 0x28, 0x0, 0xe0, 0x4e, 0x70, 0x16, 0x90, 0x9, 0x31, 0xe0, 
0xea, 0x10, 0x39, 0x30, 0x0, 0x25, 0xe0, 0x24, 0x59, 0xf5, 0x82, 0xe4, 0x34, 
0xea, 0x10, 0x39, 0x38, 0x0, 0x5, 0xf5, 0x83, 0xe0, 0xfe, 0xa3, 0xe0, 0x4e, 
0xea, 0x10, 0x39, 0x40, 0x0, 0x60, 0xe, 0x90, 0x4, 0x6f, 0xe0, 0x4, 0xf0, 
0xea, 0x10, 0x39, 0x48, 0x0, 0x70, 0x6, 0x90, 0x4, 0x6e, 0xe0, 0x4, 0xf0, 
0xea, 0x10, 0x39, 0x50, 0x0, 0x90, 0x9, 0x31, 0xe0, 0x4, 0xf0, 0xe0, 0xc3, 
0xea, 0x10, 0x39, 0x58, 0x0, 0x94, 0x6, 0x40, 0xa9, 0xe4, 0x90, 0x5, 0x9, 
0xea, 0x10, 0x39, 0x60, 0x0, 0xf0, 0x90, 0x4, 0x70, 0xf0, 0xe0, 0xff, 0x4, 
0xea, 0x10, 0x39, 0x68, 0x0, 0xf0, 0x74, 0x74, 0x2f, 0xf5, 0x82, 0xe4, 0x34, 
0xea, 0x10, 0x39, 0x70, 0x0, 0x4, 0xf5, 0x83, 0x74, 0xb1, 0xf0, 0x90, 0x5, 
0xea, 0x10, 0x39, 0x78, 0x0, 0xde, 0xa3, 0xe0, 0xff, 0x90, 0x4, 0x70, 0xe0, 
0xea, 0x10, 0x39, 0x80, 0x0, 0xfe, 0x4, 0xf0, 0x74, 0x74, 0x2e, 0xf5, 0x82, 
0xea, 0x10, 0x39, 0x88, 0x0, 0xe4, 0x34, 0x4, 0xf5, 0x83, 0xef, 0xf0, 0x90, 
0xea, 0x10, 0x39, 0x90, 0x0, 0x4, 0x6e, 0xa3, 0xe0, 0xff, 0xa3, 0xe0, 0xfe, 
0xea, 0x10, 0x39, 0x98, 0x0, 0x4, 0xf0, 0x74, 0x74, 0x2e, 0xf5, 0x82, 0xe4, 
0xea, 0x10, 0x39, 0xa0, 0x0, 0x34, 0x4, 0xf5, 0x83, 0xef, 0xf0, 0xe4, 0x90, 
0xea, 0x10, 0x39, 0xa8, 0x0, 0x9, 0x31, 0xf0, 0x12, 0x73, 0x5, 0x90, 0x9, 
0xea, 0x10, 0x39, 0xb0, 0x0, 0x31, 0xe0, 0xff, 0x24, 0xf2, 0xf5, 0x82, 0xe4, 
0xea, 0x10, 0x39, 0xb8, 0x0, 0x34, 0x4, 0xf5, 0x83, 0xe0, 0xfe, 0x70, 0x3, 
0xea, 0x10, 0x39, 0xc0, 0x0, 0x2, 0x3b, 0x2f, 0xef, 0x25, 0xe0, 0x24, 0x4d, 
0xea, 0x10, 0x39, 0xc8, 0x0, 0xf5, 0x82, 0xe4, 0x34, 0x5, 0xf5, 0x83, 0xe0, 
0xea, 0x10, 0x39, 0xd0, 0x0, 0xfc, 0xa3, 0xe0, 0x4c, 0x70, 0x49, 0x90, 0x9, 
0xea, 0x10, 0x39, 0xd8, 0x0, 0x31, 0xe0, 0x25, 0xe0, 0x24, 0x59, 0xf5, 0x82, 
0xea, 0x10, 0x39, 0xe0, 0x0, 0xe4, 0x34, 0x5, 0xf5, 0x83, 0xe0, 0xfc, 0xa3, 
0xea, 0x10, 0x39, 0xe8, 0x0, 0xe0, 0x4c, 0x70, 0x33, 0x90, 0x9, 0x31, 0xe0, 
0xea, 0x10, 0x39, 0xf0, 0x0, 0xff, 0x24, 0xf2, 0xf5, 0x82, 0xe4, 0x34, 0x4, 
0xea, 0x10, 0x39, 0xf8, 0x0, 0xf5, 0x83, 0xe4, 0xf0, 0xef, 0x25, 0xe0, 0x24, 
0xea, 0x10, 0x3a, 0x0, 0x0, 0x87, 0xf5, 0x82, 0xe4, 0x34, 0x5, 0xf5, 0x83, 
0xea, 0x10, 0x3a, 0x8, 0x0, 0xe4, 0xf0, 0xa3, 0xf0, 0xef, 0x25, 0xe0, 0x24, 
0xea, 0x10, 0x3a, 0x10, 0x0, 0x93, 0xf5, 0x82, 0xe4, 0x34, 0x5, 0xf5, 0x83, 
0xea, 0x10, 0x3a, 0x18, 0x0, 0xe4, 0xf0, 0xa3, 0xf0, 0x2, 0x3b, 0x2f, 0x90, 
0xea, 0x10, 0x3a, 0x20, 0x0, 0x9, 0x31, 0xe0, 0xff, 0x25, 0xe0, 0x24, 0x4d, 
0xea, 0x10, 0x3a, 0x28, 0x0, 0xf5, 0x82, 0xe4, 0x34, 0x5, 0xf5, 0x83, 0xe0, 
0xea, 0x10, 0x3a, 0x30, 0x0, 0xfc, 0xa3, 0xe0, 0xfd, 0x90, 0x9, 0x33, 0xec, 
0xea, 0x10, 0x3a, 0x38, 0x0, 0xf0, 0xa3, 0xed, 0xf0, 0xef, 0x25, 0xe0, 0x24, 
0xea, 0x10, 0x3a, 0x40, 0x0, 0x59, 0xf5, 0x82, 0xe4, 0x34, 0x5, 0xf5, 0x83, 
0xea, 0x10, 0x3a, 0x48, 0x0, 0xe0, 0xfb, 0xa3, 0xe0, 0x90, 0x9, 0x35, 0xcb, 
0xea, 0x10, 0x3a, 0x50, 0x0, 0xf0, 0xa3, 0xeb, 0xf0, 0xc3, 0xec, 0x64, 0x80, 
0xea, 0x10, 0x3a, 0x58, 0x0, 0x94, 0x80, 0x50, 0x7, 0xe4, 0x90, 0x9, 0x33, 
0xea, 0x10, 0x3a, 0x60, 0x0, 0xf0, 0xa3, 0xf0, 0xc3, 0x90, 0x9, 0x35, 0xe0, 
0xea, 0x10, 0x3a, 0x68, 0x0, 0x64, 0x80, 0x94, 0x80, 0x50, 0x4, 0xe4, 0xf0, 
0xea, 0x10, 0x3a, 0x70, 0x0, 0xa3, 0xf0, 0xee, 0xb4, 0x8, 0x33, 0x90, 0x9, 
0xea, 0x10, 0x3a, 0x78, 0x0, 0x31, 0xe0, 0x24, 0x1, 0xff, 0xe4, 0x33, 0xfe, 
0xea, 0x10, 0x3a, 0x80, 0x0, 0x90, 0x9, 0x33, 0xe0, 0xfa, 0xa3, 0xe0, 0xfb, 
0xea, 0x10, 0x3a, 0x88, 0x0, 0xa3, 0xe0, 0xfd, 0xa3, 0xe0, 0x90, 0x9, 0x3c, 
0xea, 0x10, 0x3a, 0x90, 0x0, 0xcd, 0xf0, 0xa3, 0xed, 0xf0, 0x90, 0x4, 0x6e, 
0xea, 0x10, 0x3a, 0x98, 0x0, 0xe0, 0xfd, 0xa3, 0xe0, 0x90, 0x9, 0x3e, 0xcd, 
0xea, 0x10, 0x3a, 0xa0, 0x0, 0xf0, 0xa3, 0xed, 0xf0, 0xe4, 0xfd, 0x2, 0x3b, 
0xea, 0x10, 0x3a, 0xa8, 0x0, 0x29, 0x90, 0x9, 0x31, 0xe0, 0xff, 0x24, 0xf2, 
0xea, 0x10, 0x3a, 0xb0, 0x0, 0xf5, 0x82, 0xe4, 0x34, 0x4, 0xf5, 0x83, 0xe0, 
0xea, 0x10, 0x3a, 0xb8, 0x0, 0xb4, 0x4, 0x2f, 0xef, 0x24, 0x1, 0xff, 0xe4, 
0xea, 0x10, 0x3a, 0xc0, 0x0, 0x33, 0xfe, 0x90, 0x9, 0x33, 0xe0, 0xfa, 0xa3, 
0xea, 0x10, 0x3a, 0xc8, 0x0, 0xe0, 0xfb, 0xa3, 0xe0, 0xfd, 0xa3, 0xe0, 0x90, 
0xea, 0x10, 0x3a, 0xd0, 0x0, 0x9, 0x3c, 0xcd, 0xf0, 0xa3, 0xed, 0xf0, 0x90, 
0xea, 0x10, 0x3a, 0xd8, 0x0, 0x4, 0x6e, 0xe0, 0xfd, 0xa3, 0xe0, 0x90, 0x9, 
0xea, 0x10, 0x3a, 0xe0, 0x0, 0x3e, 0xcd, 0xf0, 0xa3, 0xed, 0xf0, 0x7d, 0x3, 
0xea, 0x10, 0x3a, 0xe8, 0x0, 0x80, 0x3f, 0x90, 0x9, 0x31, 0xe0, 0xff, 0x24, 
0xea, 0x10, 0x3a, 0xf0, 0x0, 0xf2, 0xf5, 0x82, 0xe4, 0x34, 0x4, 0xf5, 0x83, 
0xea, 0x10, 0x3a, 0xf8, 0x0, 0xe0, 0xb4, 0x2, 0x30, 0xef, 0x24, 0x1, 0xff, 
0xea, 0x10, 0x3b, 0x0, 0x0, 0xe4, 0x33, 0xfe, 0x90, 0x9, 0x33, 0xe0, 0xfa, 
0xea, 0x10, 0x3b, 0x8, 0x0, 0xa3, 0xe0, 0xfb, 0xa3, 0xe0, 0xfd, 0xa3, 0xe0, 
0xea, 0x10, 0x3b, 0x10, 0x0, 0x90, 0x9, 0x3c, 0xcd, 0xf0, 0xa3, 0xed, 0xf0, 
0xea, 0x10, 0x3b, 0x18, 0x0, 0x90, 0x4, 0x6e, 0xe0, 0xfd, 0xa3, 0xe0, 0x90, 
0xea, 0x10, 0x3b, 0x20, 0x0, 0x9, 0x3e, 0xcd, 0xf0, 0xa3, 0xed, 0xf0, 0x7d, 
0xea, 0x10, 0x3b, 0x28, 0x0, 0x3, 0x12, 0x5a, 0xe1, 0x12, 0x73, 0x5, 0x90, 
0xea, 0x10, 0x3b, 0x30, 0x0, 0x9, 0x31, 0xe0, 0x4, 0xf0, 0xe0, 0xc3, 0x94, 
0xea, 0x10, 0x3b, 0x38, 0x0, 0x6, 0x50, 0x3, 0x2, 0x39, 0xab, 0x90, 0x4, 
0xea, 0x10, 0x3b, 0x40, 0x0, 0x70, 0xe0, 0x90, 0x4, 0xbe, 0xf0, 0x22, 0xe4, 
0xea, 0x10, 0x3b, 0x48, 0x0, 0x90, 0x8, 0xfe, 0xf0, 0x90, 0x9, 0x1, 0xf0, 
0xea, 0x10, 0x3b, 0x50, 0x0, 0x90, 0x8, 0xa7, 0xe0, 0xfe, 0xa3, 0xe0, 0xff, 
0xea, 0x10, 0x3b, 0x58, 0x0, 0xee, 0x60, 0x3, 0x2, 0x3d, 0x89, 0xef, 0x14, 
0xea, 0x10, 0x3b, 0x60, 0x0, 0x60, 0x2f, 0x14, 0x70, 0x3, 0x2, 0x3d, 0x89, 
0xea, 0x10, 0x3b, 0x68, 0x0, 0x24, 0xfc, 0x70, 0x3, 0x2, 0x3d, 0x7f, 0x24, 
0xea, 0x10, 0x3b, 0x70, 0x0, 0x6, 0x60, 0x3, 0x2, 0x3d, 0x89, 0x90, 0x8, 
0xea, 0x10, 0x3b, 0x78, 0x0, 0x21, 0xe0, 0xb4, 0x1, 0x2, 0x80, 0x19, 0x12, 
0xea, 0x10, 0x3b, 0x80, 0x0, 0x73, 0x5, 0xe4, 0xfd, 0xfc, 0x7f, 0x1, 0xfe, 
0xea, 0x10, 0x3b, 0x88, 0x0, 0x12, 0x60, 0x20, 0x12, 0x33, 0xcd, 0x2, 0x3d, 
0xea, 0x10, 0x3b, 0x90, 0x0, 0x87, 0x90, 0x8, 0x21, 0xe0, 0xb4, 0x1, 0x3, 
0xea, 0x10, 0x3b, 0x98, 0x0, 0x2, 0x3d, 0x87, 0x90, 0x5, 0xf0, 0x74, 0x40, 
0xea, 0x10, 0x3b, 0xa0, 0x0, 0xf0, 0x90, 0x8, 0x1d, 0xe0, 0x60, 0x3, 0x2, 
0xea, 0x10, 0x3b, 0xa8, 0x0, 0x3c, 0x38, 0xfd, 0xfc, 0x7f, 0x1, 0xfe, 0x12, 
0xea, 0x10, 0x3b, 0xb0, 0x0, 0x60, 0x20, 0x90, 0x5, 0xc, 0xe0, 0x90, 0x8, 
0xea, 0x10, 0x3b, 0xb8, 0x0, 0xfc, 0xf0, 0x90, 0x4, 0x71, 0xe0, 0xff, 0x33, 
0xea, 0x10, 0x3b, 0xc0, 0x0, 0x95, 0xe0, 0xfe, 0x90, 0x8, 0xfc, 0xe0, 0xd3, 
0xea, 0x10, 0x3b, 0xc8, 0x0, 0x9f, 0xee, 0x64, 0x80, 0xf8, 0x74, 0x80, 0x98, 
0xea, 0x10, 0x3b, 0xd0, 0x0, 0x50, 0x66, 0x90, 0x5, 0x46, 0xe0, 0x90, 0x8, 
0xea, 0x10, 0x3b, 0xd8, 0x0, 0xfd, 0xf0, 0x90, 0x4, 0xbc, 0xe0, 0xfd, 0x33, 
0xea, 0x10, 0x3b, 0xe0, 0x0, 0x95, 0xe0, 0xfc, 0x90, 0x8, 0xfd, 0xe0, 0xff, 
0xea, 0x10, 0x3b, 0xe8, 0x0, 0x7e, 0x0, 0xd3, 0x9d, 0xec, 0x64, 0x80, 0xf8, 
0xea, 0x10, 0x3b, 0xf0, 0x0, 0x74, 0x80, 0x98, 0x50, 0x3b, 0x90, 0x8, 0xfc, 
0xea, 0x10, 0x3b, 0xf8, 0x0, 0xe0, 0xfd, 0x7c, 0x0, 0x12, 0x22, 0xd6, 0x90, 
0xea, 0x10, 0x3c, 0x0, 0x0, 0x8, 0xfd, 0xe0, 0x75, 0xf0, 0x18, 0xa4, 0x24, 
0xea, 0x10, 0x3c, 0x8, 0x0, 0xf1, 0xf5, 0x82, 0xe5, 0xf0, 0x34, 0x5, 0xf5, 
0xea, 0x10, 0x3c, 0x10, 0x0, 0x83, 0xc0, 0x83, 0xc0, 0x82, 0x90, 0x8, 0xfc, 
0xea, 0x10, 0x3c, 0x18, 0x0, 0xe0, 0xd0, 0x82, 0xd0, 0x83, 0x75, 0xf0, 0x2, 
0xea, 0x10, 0x3c, 0x20, 0x0, 0x12, 0x1d, 0x16, 0xee, 0xf0, 0xa3, 0xef, 0xf0, 
0xea, 0x10, 0x3c, 0x28, 0x0, 0x90, 0x8, 0xfd, 0xe0, 0x4, 0xf0, 0x80, 0xaa, 
0xea, 0x10, 0x3c, 0x30, 0x0, 0x90, 0x8, 0xfc, 0xe0, 0x4, 0xf0, 0x80, 0x82, 
0xea, 0x10, 0x3c, 0x38, 0x0, 0xe4, 0x90, 0x9, 0x1, 0xf0, 0xe0, 0xff, 0x4, 
0xea, 0x10, 0x3c, 0x40, 0x0, 0xf0, 0xef, 0x33, 0x95, 0xe0, 0xfe, 0x74, 0x74, 
0xea, 0x10, 0x3c, 0x48, 0x0, 0x2f, 0xf5, 0x82, 0x74, 0x4, 0x3e, 0xf5, 0x83, 
0xea, 0x10, 0x3c, 0x50, 0x0, 0x74, 0x1a, 0xf0, 0x90, 0x8, 0x1d, 0xe0, 0xff, 
0xea, 0x10, 0x3c, 0x58, 0x0, 0x90, 0x9, 0x1, 0xe0, 0xfe, 0x4, 0xf0, 0xee, 
0xea, 0x10, 0x3c, 0x60, 0x0, 0xfd, 0x33, 0x95, 0xe0, 0xfc, 0x74, 0x74, 0x2d, 
0xea, 0x10, 0x3c, 0x68, 0x0, 0xf5, 0x82, 0x74, 0x4, 0x3c, 0xf5, 0x83, 0xef, 
0xea, 0x10, 0x3c, 0x70, 0x0, 0xf0, 0x90, 0x17, 0xf4, 0xe0, 0xff, 0x90, 0x9, 
0xea, 0x10, 0x3c, 0x78, 0x0, 0x1, 0xe0, 0xfe, 0x4, 0xf0, 0xee, 0xfd, 0x33, 
0xea, 0x10, 0x3c, 0x80, 0x0, 0x95, 0xe0, 0xfc, 0x74, 0x74, 0x2d, 0xf5, 0x82, 
0xea, 0x10, 0x3c, 0x88, 0x0, 0x74, 0x4, 0x3c, 0xf5, 0x83, 0xef, 0xf0, 0x90, 
0xea, 0x10, 0x3c, 0x90, 0x0, 0x17, 0xf6, 0xe0, 0xff, 0x90, 0x9, 0x1, 0xe0, 
0xea, 0x10, 0x3c, 0x98, 0x0, 0xfe, 0x4, 0xf0, 0xee, 0xfd, 0x33, 0x95, 0xe0, 
0xea, 0x10, 0x3c, 0xa0, 0x0, 0xfc, 0x74, 0x74, 0x2d, 0xf5, 0x82, 0x74, 0x4, 
0xea, 0x10, 0x3c, 0xa8, 0x0, 0x3c, 0xf5, 0x83, 0xef, 0xf0, 0x90, 0x17, 0xf3, 
0xea, 0x10, 0x3c, 0xb0, 0x0, 0xe0, 0x90, 0x8, 0xfd, 0xf0, 0x90, 0x17, 0xf4, 
0xea, 0x10, 0x3c, 0xb8, 0x0, 0xe0, 0xff, 0x90, 0x17, 0xf3, 0xe0, 0x2f, 0xff, 
0xea, 0x10, 0x3c, 0xc0, 0x0, 0xe4, 0x33, 0xfe, 0x90, 0x8, 0xfd, 0xe0, 0xfd, 
0xea, 0x10, 0x3c, 0xc8, 0x0, 0xc3, 0x9f, 0xee, 0x64, 0x80, 0xf8, 0x74, 0x80, 
0xea, 0x10, 0x3c, 0xd0, 0x0, 0x98, 0x40, 0x3, 0x2, 0x3d, 0x57, 0x90, 0x8, 
0xea, 0x10, 0x3c, 0xd8, 0x0, 0x1d, 0xe0, 0xff, 0x33, 0x95, 0xe0, 0xfe, 0x90, 
0xea, 0x10, 0x3c, 0xe0, 0x0, 0x17, 0xf5, 0xe0, 0x2f, 0xff, 0xe4, 0x3e, 0xfe, 
0xea, 0x10, 0x3c, 0xe8, 0x0, 0xef, 0x25, 0xe0, 0xff, 0xee, 0x33, 0xfe, 0x75, 
0xea, 0x10, 0x3c, 0xf0, 0x0, 0xf0, 0x18, 0xed, 0xa4, 0x24, 0xf1, 0xf5, 0x82, 
0xea, 0x10, 0x3c, 0xf8, 0x0, 0xe5, 0xf0, 0x34, 0x5, 0xf5, 0x83, 0xe5, 0x82, 
0xea, 0x10, 0x3d, 0x0, 0x0, 0x2f, 0xf5, 0x82, 0xe5, 0x83, 0x3e, 0xf5, 0x83, 
0xea, 0x10, 0x3d, 0x8, 0x0, 0xe0, 0xff, 0xa3, 0xe0, 0x90, 0x8, 0xff, 0xcf, 
0xea, 0x10, 0x3d, 0x10, 0x0, 0xf0, 0xa3, 0xef, 0xf0, 0x90, 0x8, 0xff, 0xe0, 
0xea, 0x10, 0x3d, 0x18, 0x0, 0xff, 0x90, 0x9, 0x1, 0xe0, 0xfe, 0x4, 0xf0, 
0xea, 0x10, 0x3d, 0x20, 0x0, 0xee, 0xfd, 0x33, 0x95, 0xe0, 0xfc, 0x74, 0x74, 
0xea, 0x10, 0x3d, 0x28, 0x0, 0x2d, 0xf5, 0x82, 0x74, 0x4, 0x3c, 0xf5, 0x83, 
0xea, 0x10, 0x3d, 0x30, 0x0, 0xef, 0xf0, 0x90, 0x9, 0x0, 0xe0, 0xff, 0xa3, 
0xea, 0x10, 0x3d, 0x38, 0x0, 0xe0, 0xfe, 0x4, 0xf0, 0xee, 0xfd, 0x33, 0x95, 
0xea, 0x10, 0x3d, 0x40, 0x0, 0xe0, 0xfc, 0x74, 0x74, 0x2d, 0xf5, 0x82, 0x74, 
0xea, 0x10, 0x3d, 0x48, 0x0, 0x4, 0x3c, 0xf5, 0x83, 0xef, 0xf0, 0x90, 0x8, 
0xea, 0x10, 0x3d, 0x50, 0x0, 0xfd, 0xe0, 0x4, 0xf0, 0x2, 0x3c, 0xb5, 0x90, 
0xea, 0x10, 0x3d, 0x58, 0x0, 0x8, 0x1d, 0xe0, 0x4, 0xf0, 0x90, 0x17, 0xf6, 
0xea, 0x10, 0x3d, 0x60, 0x0, 0xe0, 0xff, 0x90, 0x8, 0x1d, 0xe0, 0xfd, 0x33, 
0xea, 0x10, 0x3d, 0x68, 0x0, 0x95, 0xe0, 0xfc, 0xc3, 0xed, 0x9f, 0x74, 0x80, 
0xea, 0x10, 0x3d, 0x70, 0x0, 0xf8, 0x6c, 0x98, 0x40, 0x2, 0xe4, 0xf0, 0x12, 
0xea, 0x10, 0x3d, 0x78, 0x0, 0x69, 0xda, 0x12, 0x6e, 0xf8, 0x80, 0xa, 0x12, 
0xea, 0x10, 0x3d, 0x80, 0x0, 0x73, 0x5, 0x12, 0x54, 0x6e, 0x80, 0x5, 0x80, 
0xea, 0x10, 0x3d, 0x88, 0x0, 0x0, 0x12, 0x73, 0x5, 0x2, 0x73, 0x5, 0xe4, 
0xea, 0x10, 0x3d, 0x90, 0x0, 0x90, 0x9, 0x43, 0xf0, 0x90, 0x9, 0x35, 0xf0, 
0xea, 0x10, 0x3d, 0x98, 0x0, 0xa3, 0xf0, 0x90, 0x9, 0x35, 0xe0, 0xfe, 0xa3, 
0xea, 0x10, 0x3d, 0xa0, 0x0, 0xe0, 0xff, 0xc3, 0x94, 0x6, 0xee, 0x64, 0x80, 
0xea, 0x10, 0x3d, 0xa8, 0x0, 0x94, 0x80, 0x40, 0x3, 0x2, 0x3f, 0xce, 0x74, 
0xea, 0x10, 0x3d, 0xb0, 0x0, 0xf2, 0x2f, 0xf5, 0x82, 0x74, 0x4, 0x3e, 0xf5, 
0xea, 0x10, 0x3d, 0xb8, 0x0, 0x83, 0xe0, 0x70, 0x3, 0x2, 0x3f, 0xbd, 0x90, 
0xea, 0x10, 0x3d, 0xc0, 0x0, 0x9, 0x35, 0xa3, 0xe0, 0xff, 0x7d, 0x4, 0x7c, 
0xea, 0x10, 0x3d, 0xc8, 0x0, 0x0, 0x12, 0x5e, 0x24, 0x12, 0x67, 0x11, 0x12, 
0xea, 0x10, 0x3d, 0xd0, 0x0, 0x4b, 0x43, 0x12, 0x73, 0x5, 0x90, 0x9, 0x36, 
0xea, 0x10, 0x3d, 0xd8, 0x0, 0xe0, 0x25, 0xe0, 0xff, 0x90, 0x9, 0x35, 0xe0, 
0xea, 0x10, 0x3d, 0xe0, 0x0, 0x33, 0xfe, 0x74, 0x4d, 0x2f, 0xf5, 0x82, 0x74, 
0xea, 0x10, 0x3d, 0xe8, 0x0, 0x5, 0x3e, 0xf5, 0x83, 0xe0, 0xfc, 0xa3, 0xe0, 
0xea, 0x10, 0x3d, 0xf0, 0x0, 0x4c, 0x70, 0x43, 0x74, 0x59, 0x2f, 0xf5, 0x82, 
0xea, 0x10, 0x3d, 0xf8, 0x0, 0x74, 0x5, 0x3e, 0xf5, 0x83, 0xe0, 0xfe, 0xa3, 
0xea, 0x10, 0x3e, 0x0, 0x0, 0xe0, 0x4e, 0x70, 0x32, 0x90, 0x9, 0x36, 0xe0, 
0xea, 0x10, 0x3e, 0x8, 0x0, 0x25, 0xe0, 0xff, 0x90, 0x9, 0x35, 0xe0, 0x33, 
0xea, 0x10, 0x3e, 0x10, 0x0, 0xfe, 0x74, 0x4d, 0x2f, 0xf5, 0x82, 0x74, 0x5, 
0xea, 0x10, 0x3e, 0x18, 0x0, 0x3e, 0xf5, 0x83, 0xe5, 0x8, 0xf0, 0xa3, 0xe5, 
0xea, 0x10, 0x3e, 0x20, 0x0, 0x9, 0xf0, 0x74, 0x59, 0x2f, 0xf5, 0x82, 0x74, 
0xea, 0x10, 0x3e, 0x28, 0x0, 0x5, 0x3e, 0xf5, 0x83, 0xe5, 0xa, 0xf0, 0xa3, 
0xea, 0x10, 0x3e, 0x30, 0x0, 0xe5, 0xb, 0xf0, 0x2, 0x3e, 0xf8, 0x90, 0x9, 
0xea, 0x10, 0x3e, 0x38, 0x0, 0x36, 0xe0, 0x25, 0xe0, 0xff, 0x90, 0x9, 0x35, 
0xea, 0x10, 0x3e, 0x40, 0x0, 0xe0, 0x33, 0xfe, 0x74, 0x4d, 0x2f, 0xf5, 0x82, 
0xea, 0x10, 0x3e, 0x48, 0x0, 0x74, 0x5, 0x3e, 0xf5, 0x83, 0xe0, 0xfc, 0xa3, 
0xea, 0x10, 0x3e, 0x50, 0x0, 0xe0, 0xfd, 0xc3, 0xe5, 0x9, 0x9d, 0x90, 0x9, 
0xea, 0x10, 0x3e, 0x58, 0x0, 0x38, 0xf0, 0xe5, 0x8, 0x9c, 0x90, 0x9, 0x37, 
0xea, 0x10, 0x3e, 0x60, 0x0, 0xf0, 0x74, 0x59, 0x2f, 0xf5, 0x82, 0x74, 0x5, 
0xea, 0x10, 0x3e, 0x68, 0x0, 0x3e, 0xf5, 0x83, 0xe0, 0xfe, 0xa3, 0xe0, 0xff, 
0xea, 0x10, 0x3e, 0x70, 0x0, 0xc3, 0xe5, 0xb, 0x9f, 0xff, 0xe5, 0xa, 0x9e, 
0xea, 0x10, 0x3e, 0x78, 0x0, 0xad, 0x7, 0xfc, 0x90, 0x9, 0x35, 0xe0, 0xfe, 
0xea, 0x10, 0x3e, 0x80, 0x0, 0xa3, 0xe0, 0x24, 0xf2, 0xf5, 0x82, 0x74, 0x4, 
0xea, 0x10, 0x3e, 0x88, 0x0, 0x3e, 0xf5, 0x83, 0xe0, 0x64, 0x8, 0x60, 0x33, 
0xea, 0x10, 0x3e, 0x90, 0x0, 0xd3, 0x90, 0x4, 0x6f, 0xe0, 0x94, 0x1, 0x90, 
0xea, 0x10, 0x3e, 0x98, 0x0, 0x4, 0x6e, 0xe0, 0x64, 0x80, 0x94, 0x80, 0x40, 
0xea, 0x10, 0x3e, 0xa0, 0x0, 0x16, 0x90, 0x9, 0x37, 0xe0, 0xa2, 0xe7, 0x13, 
0xea, 0x10, 0x3e, 0xa8, 0x0, 0xf0, 0xa3, 0xe0, 0x13, 0xf0, 0xec, 0xa2, 0xe7, 
0xea, 0x10, 0x3e, 0xb0, 0x0, 0x13, 0xfc, 0xed, 0x13, 0xfd, 0x80, 0xc, 0x90, 
0xea, 0x10, 0x3e, 0xb8, 0x0, 0x5, 0x65, 0xe0, 0x70, 0x6, 0x90, 0x3, 0xa2, 
0xea, 0x10, 0x3e, 0xc0, 0x0, 0xe0, 0x80, 0x0, 0x90, 0x9, 0x37, 0xe0, 0xfa, 
0xea, 0x10, 0x3e, 0xc8, 0x0, 0xa3, 0xe0, 0xfb, 0x90, 0x9, 0x36, 0xe0, 0x25, 
0xea, 0x10, 0x3e, 0xd0, 0x0, 0xe0, 0xff, 0x90, 0x9, 0x35, 0xe0, 0x33, 0xfe, 
0xea, 0x10, 0x3e, 0xd8, 0x0, 0x74, 0x4d, 0x2f, 0xf5, 0x82, 0x74, 0x5, 0x3e, 
0xea, 0x10, 0x3e, 0xe0, 0x0, 0xf5, 0x83, 0xea, 0x8b, 0xf0, 0x12, 0x1c, 0x8, 
0xea, 0x10, 0x3e, 0xe8, 0x0, 0x74, 0x59, 0x2f, 0xf5, 0x82, 0x74, 0x5, 0x3e, 
0xea, 0x10, 0x3e, 0xf0, 0x0, 0xf5, 0x83, 0xec, 0x8d, 0xf0, 0x12, 0x1c, 0x8, 
0xea, 0x10, 0x3e, 0xf8, 0x0, 0x90, 0x9, 0x35, 0xe0, 0xfa, 0xa3, 0xe0, 0xfb, 
0xea, 0x10, 0x3f, 0x0, 0x0, 0x25, 0xe0, 0xfd, 0xea, 0x33, 0xfc, 0x74, 0x4d, 
0xea, 0x10, 0x3f, 0x8, 0x0, 0x2d, 0xf5, 0x82, 0x74, 0x5, 0x3c, 0xf5, 0x83, 
0xea, 0x10, 0x3f, 0x10, 0x0, 0xe0, 0xfe, 0xa3, 0xe0, 0xff, 0xc0, 0x6, 0xc0, 
0xea, 0x10, 0x3f, 0x18, 0x0, 0x7, 0x74, 0x59, 0x2d, 0xf5, 0x82, 0x74, 0x5, 
0xea, 0x10, 0x3f, 0x20, 0x0, 0x3c, 0xf5, 0x83, 0xe0, 0xfc, 0xa3, 0xe0, 0xfd, 
0xea, 0x10, 0x3f, 0x28, 0x0, 0xeb, 0x25, 0xe0, 0xff, 0xea, 0x33, 0xfe, 0x74, 
0xea, 0x10, 0x3f, 0x30, 0x0, 0x4d, 0x2f, 0xf9, 0x74, 0x5, 0x3e, 0xfa, 0x7b, 
0xea, 0x10, 0x3f, 0x38, 0x0, 0x1, 0xc0, 0x3, 0xc0, 0x2, 0xc0, 0x1, 0x74, 
0xea, 0x10, 0x3f, 0x40, 0x0, 0x59, 0x2f, 0xf9, 0x74, 0x5, 0x3e, 0xfa, 0x90, 
0xea, 0x10, 0x3f, 0x48, 0x0, 0x9, 0x4b, 0xeb, 0xf0, 0xa3, 0xea, 0xf0, 0xa3, 
0xea, 0x10, 0x3f, 0x50, 0x0, 0xe9, 0xf0, 0xd0, 0x1, 0xd0, 0x2, 0xd0, 0x3, 
0xea, 0x10, 0x3f, 0x58, 0x0, 0xd0, 0x7, 0xd0, 0x6, 0x12, 0x57, 0x25, 0x90, 
0xea, 0x10, 0x3f, 0x60, 0x0, 0x9, 0x36, 0xe0, 0x25, 0xe0, 0xff, 0x90, 0x9, 
0xea, 0x10, 0x3f, 0x68, 0x0, 0x35, 0xe0, 0x33, 0xfe, 0x74, 0x59, 0x2f, 0xf5, 
0xea, 0x10, 0x3f, 0x70, 0x0, 0x82, 0x74, 0x5, 0x3e, 0xf5, 0x83, 0xe0, 0xfc, 
0xea, 0x10, 0x3f, 0x78, 0x0, 0xc3, 0xec, 0x64, 0x80, 0x94, 0x80, 0x50, 0xe, 
0xea, 0x10, 0x3f, 0x80, 0x0, 0x74, 0x59, 0x2f, 0xf5, 0x82, 0x74, 0x5, 0x3e, 
0xea, 0x10, 0x3f, 0x88, 0x0, 0xf5, 0x83, 0xe4, 0xf0, 0xa3, 0xf0, 0x90, 0x9, 
0xea, 0x10, 0x3f, 0x90, 0x0, 0x36, 0xe0, 0x25, 0xe0, 0xff, 0x90, 0x9, 0x35, 
0xea, 0x10, 0x3f, 0x98, 0x0, 0xe0, 0x33, 0xfe, 0x74, 0x4d, 0x2f, 0xf5, 0x82, 
0xea, 0x10, 0x3f, 0xa0, 0x0, 0x74, 0x5, 0x3e, 0xf5, 0x83, 0xe0, 0xfc, 0xc3, 
0xea, 0x10, 0x3f, 0xa8, 0x0, 0xec, 0x64, 0x80, 0x94, 0x80, 0x50, 0xe, 0x74, 
0xea, 0x10, 0x3f, 0xb0, 0x0, 0x4d, 0x2f, 0xf5, 0x82, 0x74, 0x5, 0x3e, 0xf5, 
0xea, 0x10, 0x3f, 0xb8, 0x0, 0x83, 0xe4, 0xf0, 0xa3, 0xf0, 0x90, 0x9, 0x36, 
0xea, 0x10, 0x3f, 0xc0, 0x0, 0xe0, 0x4, 0xf0, 0x70, 0x6, 0x90, 0x9, 0x35, 
0xea, 0x10, 0x3f, 0xc8, 0x0, 0xe0, 0x4, 0xf0, 0x2, 0x3d, 0x9a, 0x22, 0x90, 
0xea, 0x10, 0x3f, 0xd0, 0x0, 0x9, 0x86, 0xec, 0xf0, 0xa3, 0xed, 0xf0, 0xab, 
0xea, 0x10, 0x3f, 0xd8, 0x0, 0x7, 0xaa, 0x6, 0xe4, 0x90, 0x9, 0x8c, 0xf0, 
0xea, 0x10, 0x3f, 0xe0, 0x0, 0xa3, 0xf0, 0xa3, 0xf0, 0xa3, 0xf0, 0x90, 0x9, 
0xea, 0x10, 0x3f, 0xe8, 0x0, 0x92, 0xf0, 0xa3, 0x4, 0xf0, 0x90, 0x9, 0x92, 
0xea, 0x10, 0x3f, 0xf0, 0x0, 0xe0, 0xfe, 0xa3, 0xe0, 0xff, 0xd3, 0x94, 0x2, 
0xea, 0x10, 0x3f, 0xf8, 0x0, 0xee, 0x64, 0x80, 0x94, 0x80, 0x40, 0x3, 0x2, 
0xea, 0x10, 0x40, 0x0, 0x0, 0x41, 0x8f, 0x90, 0x9, 0x86, 0xe0, 0xfc, 0xa3, 
0xea, 0x10, 0x40, 0x8, 0x0, 0xe0, 0xfd, 0xc3, 0x9f, 0xff, 0xec, 0x9e, 0xa3, 
0xea, 0x10, 0x40, 0x10, 0x0, 0xf0, 0xa3, 0xef, 0xf0, 0x90, 0x9, 0x92, 0xa3, 
0xea, 0x10, 0x40, 0x18, 0x0, 0xe0, 0xff, 0xed, 0x2f, 0xff, 0xec, 0x3e, 0x90, 
0xea, 0x10, 0x40, 0x20, 0x0, 0x9, 0x8a, 0xf0, 0xa3, 0xef, 0xf0, 0x90, 0x5, 
0xea, 0x10, 0x40, 0x28, 0x0, 0xc, 0xe0, 0xff, 0x33, 0x95, 0xe0, 0xfe, 0x90, 
0xea, 0x10, 0x40, 0x30, 0x0, 0x9, 0x88, 0xe0, 0xfc, 0xa3, 0xe0, 0xfd, 0xd3, 
0xea, 0x10, 0x40, 0x38, 0x0, 0x9f, 0xee, 0x64, 0x80, 0xf8, 0xec, 0x64, 0x80, 
0xea, 0x10, 0x40, 0x40, 0x0, 0x98, 0x40, 0x65, 0xed, 0x25, 0xe0, 0xff, 0xec, 
0xea, 0x10, 0x40, 0x48, 0x0, 0x33, 0xfe, 0x90, 0x1, 0xc, 0x75, 0xf0, 0x18, 
0xea, 0x10, 0x40, 0x50, 0x0, 0xeb, 0x12, 0x1d, 0x16, 0xea, 0x75, 0xf0, 0x18, 
0xea, 0x10, 0x40, 0x58, 0x0, 0xa4, 0x25, 0x83, 0xf5, 0x83, 0xe5, 0x82, 0x2f, 
0xea, 0x10, 0x40, 0x60, 0x0, 0xf5, 0x82, 0xe5, 0x83, 0x3e, 0xf5, 0x83, 0xe0, 
0xea, 0x10, 0x40, 0x68, 0x0, 0xfc, 0xa3, 0xe0, 0xfd, 0x90, 0x9, 0x87, 0xe0, 
0xea, 0x10, 0x40, 0x70, 0x0, 0x25, 0xe0, 0xff, 0x90, 0x9, 0x86, 0xe0, 0x33, 
0xea, 0x10, 0x40, 0x78, 0x0, 0xfe, 0x90, 0x1, 0xc, 0x75, 0xf0, 0x18, 0xeb, 
0xea, 0x10, 0x40, 0x80, 0x0, 0x12, 0x1d, 0x16, 0xea, 0x75, 0xf0, 0x18, 0xa4, 
0xea, 0x10, 0x40, 0x88, 0x0, 0x25, 0x83, 0xf5, 0x83, 0xe5, 0x82, 0x2f, 0xf5, 
0xea, 0x10, 0x40, 0x90, 0x0, 0x82, 0xe5, 0x83, 0x3e, 0xf5, 0x83, 0xe0, 0xfe, 
0xea, 0x10, 0x40, 0x98, 0x0, 0xa3, 0xe0, 0xc3, 0x9d, 0xff, 0xee, 0x9c, 0x90, 
0xea, 0x10, 0x40, 0xa0, 0x0, 0x9, 0x90, 0xf0, 0xa3, 0xef, 0xf0, 0x80, 0x7, 
0xea, 0x10, 0x40, 0xa8, 0x0, 0xe4, 0x90, 0x9, 0x90, 0xf0, 0xa3, 0xf0, 0x90, 
0xea, 0x10, 0x40, 0xb0, 0x0, 0x9, 0x8c, 0xe0, 0xfe, 0xa3, 0xe0, 0xff, 0x90, 
0xea, 0x10, 0x40, 0xb8, 0x0, 0x9, 0x90, 0xe0, 0xfc, 0xa3, 0xe0, 0xfd, 0xd3, 
0xea, 0x10, 0x40, 0xc0, 0x0, 0x9f, 0xee, 0x64, 0x80, 0xf8, 0xec, 0x64, 0x80, 
0xea, 0x10, 0x40, 0xc8, 0x0, 0x98, 0x40, 0x8, 0x90, 0x9, 0x8c, 0xec, 0xf0, 
0xea, 0x10, 0x40, 0xd0, 0x0, 0xa3, 0xed, 0xf0, 0x90, 0x4, 0x71, 0xe0, 0xff, 
0xea, 0x10, 0x40, 0xd8, 0x0, 0x33, 0x95, 0xe0, 0xfe, 0x90, 0x9, 0x8a, 0xe0, 
0xea, 0x10, 0x40, 0xe0, 0x0, 0xfc, 0xa3, 0xe0, 0xfd, 0xc3, 0x9f, 0xee, 0x64, 
0xea, 0x10, 0x40, 0xe8, 0x0, 0x80, 0xf8, 0xec, 0x64, 0x80, 0x98, 0x50, 0x65, 
0xea, 0x10, 0x40, 0xf0, 0x0, 0xed, 0x25, 0xe0, 0xff, 0xec, 0x33, 0xfe, 0x90, 
0xea, 0x10, 0x40, 0xf8, 0x0, 0x1, 0xc, 0x75, 0xf0, 0x18, 0xeb, 0x12, 0x1d, 
0xea, 0x10, 0x41, 0x0, 0x0, 0x16, 0xea, 0x75, 0xf0, 0x18, 0xa4, 0x25, 0x83, 
0xea, 0x10, 0x41, 0x8, 0x0, 0xf5, 0x83, 0xe5, 0x82, 0x2f, 0xf5, 0x82, 0xe5, 
0xea, 0x10, 0x41, 0x10, 0x0, 0x83, 0x3e, 0xf5, 0x83, 0xe0, 0xfc, 0xa3, 0xe0, 
0xea, 0x10, 0x41, 0x18, 0x0, 0xfd, 0x90, 0x9, 0x87, 0xe0, 0x25, 0xe0, 0xff, 
0xea, 0x10, 0x41, 0x20, 0x0, 0x90, 0x9, 0x86, 0xe0, 0x33, 0xfe, 0x90, 0x1, 
0xea, 0x10, 0x41, 0x28, 0x0, 0xc, 0x75, 0xf0, 0x18, 0xeb, 0x12, 0x1d, 0x16, 
0xea, 0x10, 0x41, 0x30, 0x0, 0xea, 0x75, 0xf0, 0x18, 0xa4, 0x25, 0x83, 0xf5, 
0xea, 0x10, 0x41, 0x38, 0x0, 0x83, 0xe5, 0x82, 0x2f, 0xf5, 0x82, 0xe5, 0x83, 
0xea, 0x10, 0x41, 0x40, 0x0, 0x3e, 0xf5, 0x83, 0xe0, 0xfe, 0xa3, 0xe0, 0xc3, 
0xea, 0x10, 0x41, 0x48, 0x0, 0x9d, 0xff, 0xee, 0x9c, 0x90, 0x9, 0x90, 0xf0, 
0xea, 0x10, 0x41, 0x50, 0x0, 0xa3, 0xef, 0xf0, 0x80, 0x7, 0xe4, 0x90, 0x9, 
0xea, 0x10, 0x41, 0x58, 0x0, 0x90, 0xf0, 0xa3, 0xf0, 0x90, 0x9, 0x8e, 0xe0, 
0xea, 0x10, 0x41, 0x60, 0x0, 0xfe, 0xa3, 0xe0, 0xff, 0xa3, 0xe0, 0xfc, 0xa3, 
0xea, 0x10, 0x41, 0x68, 0x0, 0xe0, 0xfd, 0xd3, 0x9f, 0xee, 0x64, 0x80, 0xf8, 
0xea, 0x10, 0x41, 0x70, 0x0, 0xec, 0x64, 0x80, 0x98, 0x40, 0x8, 0x90, 0x9, 
0xea, 0x10, 0x41, 0x78, 0x0, 0x8e, 0xec, 0xf0, 0xa3, 0xed, 0xf0, 0x90, 0x9, 
0xea, 0x10, 0x41, 0x80, 0x0, 0x93, 0xe0, 0x4, 0xf0, 0x70, 0x6, 0x90, 0x9, 
0xea, 0x10, 0x41, 0x88, 0x0, 0x92, 0xe0, 0x4, 0xf0, 0x2, 0x3f, 0xed, 0x90, 
0xea, 0x10, 0x41, 0x90, 0x0, 0x5, 0xc, 0xe0, 0xff, 0x33, 0x95, 0xe0, 0xfe, 
0xea, 0x10, 0x41, 0x98, 0x0, 0x90, 0x9, 0x86, 0xe0, 0xfc, 0xa3, 0xe0, 0xfd, 
0xea, 0x10, 0x41, 0xa0, 0x0, 0xd3, 0x9f, 0xee, 0x64, 0x80, 0xf8, 0xec, 0x64, 
0xea, 0x10, 0x41, 0xa8, 0x0, 0x80, 0x98, 0x50, 0x5, 0x90, 0x9, 0x8e, 0x80, 
0xea, 0x10, 0x41, 0xb0, 0x0, 0x19, 0x90, 0x4, 0x71, 0xe0, 0xff, 0x33, 0x95, 
0xea, 0x10, 0x41, 0xb8, 0x0, 0xe0, 0xfe, 0xc3, 0xed, 0x9f, 0xee, 0x64, 0x80, 
0xea, 0x10, 0x41, 0xc0, 0x0, 0xf8, 0xec, 0x64, 0x80, 0x98, 0x40, 0x9, 0x90, 
0xea, 0x10, 0x41, 0xc8, 0x0, 0x9, 0x8c, 0xe0, 0xfe, 0xa3, 0xe0, 0xff, 0x22, 
0xea, 0x10, 0x41, 0xd0, 0x0, 0x90, 0x9, 0x8e, 0xe0, 0xfc, 0xa3, 0xe0, 0xfd, 
0xea, 0x10, 0x41, 0xd8, 0x0, 0x90, 0x9, 0x8c, 0xe0, 0xfe, 0xa3, 0xe0, 0xff, 
0xea, 0x10, 0x41, 0xe0, 0x0, 0xd3, 0x9d, 0xec, 0x64, 0x80, 0xf8, 0xee, 0x64, 
0xea, 0x10, 0x41, 0xe8, 0x0, 0x80, 0x98, 0x40, 0x1, 0x22, 0xaf, 0x5, 0xae, 
0xea, 0x10, 0x41, 0xf0, 0x0, 0x4, 0x22, 0x7e, 0x0, 0x7f, 0x18, 0x7d, 0x0, 
0xea, 0x10, 0x41, 0xf8, 0x0, 0x7b, 0x1, 0x7a, 0x4, 0x79, 0x8, 0x12, 0x1d, 
0xea, 0x10, 0x42, 0x0, 0x0, 0x4f, 0x7e, 0x0, 0x7f, 0x2e, 0x7d, 0x0, 0x7b, 
0xea, 0x10, 0x42, 0x8, 0x0, 0x1, 0x7a, 0x4, 0x79, 0x40, 0x12, 0x1d, 0x4f, 
0xea, 0x10, 0x42, 0x10, 0x0, 0x90, 0x5, 0xc, 0xe0, 0xfe, 0x33, 0x95, 0xe0, 
0xea, 0x10, 0x42, 0x18, 0x0, 0x90, 0x9, 0x1b, 0xf0, 0xa3, 0xce, 0xf0, 0x90, 
0xea, 0x10, 0x42, 0x20, 0x0, 0x4, 0x71, 0xe0, 0xff, 0x33, 0x95, 0xe0, 0xfe, 
0xea, 0x10, 0x42, 0x28, 0x0, 0xd3, 0x90, 0x9, 0x1c, 0xe0, 0x9f, 0xee, 0x64, 
0xea, 0x10, 0x42, 0x30, 0x0, 0x80, 0xf8, 0x90, 0x9, 0x1b, 0xe0, 0x64, 0x80, 
0xea, 0x10, 0x42, 0x38, 0x0, 0x98, 0x40, 0x3, 0x2, 0x43, 0x94, 0x90, 0x9, 
0xea, 0x10, 0x42, 0x40, 0x0, 0x1f, 0x12, 0x1c, 0xe5, 0x0, 0x0, 0x0, 0x0, 
0xea, 0x10, 0x42, 0x48, 0x0, 0x90, 0x5, 0x46, 0xe0, 0xfe, 0x33, 0x95, 0xe0, 
0xea, 0x10, 0x42, 0x50, 0x0, 0x90, 0x9, 0x1d, 0xf0, 0xa3, 0xce, 0xf0, 0x90, 
0xea, 0x10, 0x42, 0x58, 0x0, 0x4, 0xbc, 0xe0, 0xff, 0x33, 0x95, 0xe0, 0xfe, 
0xea, 0x10, 0x42, 0x60, 0x0, 0xd3, 0x90, 0x9, 0x1e, 0xe0, 0x9f, 0xee, 0x64, 
0xea, 0x10, 0x42, 0x68, 0x0, 0x80, 0xf8, 0x90, 0x9, 0x1d, 0xe0, 0x64, 0x80, 
0xea, 0x10, 0x42, 0x70, 0x0, 0x98, 0x40, 0x3, 0x2, 0x43, 0x32, 0x90, 0x9, 
0xea, 0x10, 0x42, 0x78, 0x0, 0x1f, 0xe0, 0xf8, 0xa3, 0xe0, 0xf9, 0xa3, 0xe0, 
0xea, 0x10, 0x42, 0x80, 0x0, 0xfa, 0xa3, 0xe0, 0xfb, 0x90, 0x9, 0x1c, 0xe0, 
0xea, 0x10, 0x42, 0x88, 0x0, 0x25, 0xe0, 0xff, 0x90, 0x9, 0x1b, 0xe0, 0x33, 
0xea, 0x10, 0x42, 0x90, 0x0, 0xfe, 0x90, 0x9, 0x1d, 0xe0, 0xfc, 0xa3, 0xe0, 
0xea, 0x10, 0x42, 0x98, 0x0, 0x90, 0x1, 0xc, 0x75, 0xf0, 0x18, 0x12, 0x1d, 
0xea, 0x10, 0x42, 0xa0, 0x0, 0x16, 0xec, 0x75, 0xf0, 0x18, 0xa4, 0x25, 0x83, 
0xea, 0x10, 0x42, 0xa8, 0x0, 0xf5, 0x83, 0xe5, 0x82, 0x2f, 0xf5, 0x82, 0xe5, 
0xea, 0x10, 0x42, 0xb0, 0x0, 0x83, 0x3e, 0xf5, 0x83, 0xe0, 0xfe, 0xa3, 0xe0, 
0xea, 0x10, 0x42, 0xb8, 0x0, 0xff, 0xee, 0x33, 0x95, 0xe0, 0xfd, 0xfc, 0xeb, 
0xea, 0x10, 0x42, 0xc0, 0x0, 0x2f, 0xff, 0xea, 0x3e, 0xfe, 0xe9, 0x3d, 0xfd, 
0xea, 0x10, 0x42, 0xc8, 0x0, 0xe8, 0x3c, 0xfc, 0x90, 0x9, 0x1f, 0x12, 0x1c, 
0xea, 0x10, 0x42, 0xd0, 0x0, 0xd9, 0x90, 0x9, 0x1c, 0xe0, 0x25, 0xe0, 0xff, 
0xea, 0x10, 0x42, 0xd8, 0x0, 0x90, 0x9, 0x1b, 0xe0, 0x33, 0xfe, 0x90, 0x9, 
0xea, 0x10, 0x42, 0xe0, 0x0, 0x1d, 0xe0, 0xfc, 0xa3, 0xe0, 0xfd, 0x90, 0x1, 
0xea, 0x10, 0x42, 0xe8, 0x0, 0xc, 0x75, 0xf0, 0x18, 0x12, 0x1d, 0x16, 0xec, 
0xea, 0x10, 0x42, 0xf0, 0x0, 0x75, 0xf0, 0x18, 0xa4, 0x25, 0x83, 0xf5, 0x83, 
0xea, 0x10, 0x42, 0xf8, 0x0, 0xe5, 0x82, 0x2f, 0xf5, 0x82, 0xe5, 0x83, 0x3e, 
0xea, 0x10, 0x43, 0x0, 0x0, 0xf5, 0x83, 0xe0, 0xfa, 0xa3, 0xe0, 0xfb, 0xed, 
0xea, 0x10, 0x43, 0x8, 0x0, 0x25, 0xe0, 0xff, 0xec, 0x33, 0xfe, 0x74, 0x40, 
0xea, 0x10, 0x43, 0x10, 0x0, 0x2f, 0xf5, 0x82, 0x74, 0x4, 0x3e, 0xf5, 0x83, 
0xea, 0x10, 0x43, 0x18, 0x0, 0xea, 0x8b, 0xf0, 0x12, 0x1c, 0x8, 0x90, 0x9, 
0xea, 0x10, 0x43, 0x20, 0x0, 0x1e, 0xe0, 0x4, 0xf0, 0x60, 0x3, 0x2, 0x42, 
0xea, 0x10, 0x43, 0x28, 0x0, 0x57, 0x90, 0x9, 0x1d, 0xe0, 0x4, 0xf0, 0x2, 
0xea, 0x10, 0x43, 0x30, 0x0, 0x42, 0x57, 0x90, 0x9, 0x1f, 0xe0, 0xfc, 0xa3, 
0xea, 0x10, 0x43, 0x38, 0x0, 0xe0, 0xfd, 0xa3, 0xe0, 0xfe, 0xa3, 0xe0, 0xff, 
0xea, 0x10, 0x43, 0x40, 0x0, 0xc0, 0x7, 0x90, 0x4, 0xe0, 0xe0, 0xfb, 0x33, 
0xea, 0x10, 0x43, 0x48, 0x0, 0x95, 0xe0, 0xfa, 0xf9, 0xf8, 0xd0, 0x7, 0x12, 
0xea, 0x10, 0x43, 0x50, 0x0, 0x70, 0x18, 0x90, 0x9, 0x1f, 0x12, 0x1c, 0xd9, 
0xea, 0x10, 0x43, 0x58, 0x0, 0x90, 0x9, 0x1f, 0xa3, 0xa3, 0xe0, 0xfe, 0xa3, 
0xea, 0x10, 0x43, 0x60, 0x0, 0xe0, 0xfd, 0xac, 0x6, 0x90, 0x9, 0x1c, 0xe0, 
0xea, 0x10, 0x43, 0x68, 0x0, 0x25, 0xe0, 0xff, 0x90, 0x9, 0x1b, 0xe0, 0x33, 
0xea, 0x10, 0x43, 0x70, 0x0, 0xfe, 0x74, 0x8, 0x2f, 0xf5, 0x82, 0x74, 0x4, 
0xea, 0x10, 0x43, 0x78, 0x0, 0x3e, 0xf5, 0x83, 0xec, 0xf0, 0xa3, 0xed, 0xf0, 
0xea, 0x10, 0x43, 0x80, 0x0, 0x90, 0x9, 0x1c, 0xe0, 0x4, 0xf0, 0x60, 0x3, 
0xea, 0x10, 0x43, 0x88, 0x0, 0x2, 0x42, 0x1f, 0x90, 0x9, 0x1b, 0xe0, 0x4, 
0xea, 0x10, 0x43, 0x90, 0x0, 0xf0, 0x2, 0x42, 0x1f, 0x90, 0x5, 0x46, 0xe0, 
0xea, 0x10, 0x43, 0x98, 0x0, 0xfe, 0x33, 0x95, 0xe0, 0x90, 0x9, 0x1d, 0xf0, 
0xea, 0x10, 0x43, 0xa0, 0x0, 0xa3, 0xce, 0xf0, 0x90, 0x4, 0xbc, 0xe0, 0xff, 
0xea, 0x10, 0x43, 0xa8, 0x0, 0x33, 0x95, 0xe0, 0xfe, 0x90, 0x9, 0x1d, 0xe0, 
0xea, 0x10, 0x43, 0xb0, 0x0, 0xfc, 0xa3, 0xe0, 0xfd, 0xd3, 0x9f, 0xee, 0x64, 
0xea, 0x10, 0x43, 0xb8, 0x0, 0x80, 0xf8, 0xec, 0x64, 0x80, 0x98, 0x50, 0x3f, 
0xea, 0x10, 0x43, 0xc0, 0x0, 0xed, 0x25, 0xe0, 0xff, 0xec, 0x33, 0xfe, 0x74, 
0xea, 0x10, 0x43, 0xc8, 0x0, 0x40, 0x2f, 0xf5, 0x82, 0x74, 0x4, 0x3e, 0xf5, 
0xea, 0x10, 0x43, 0xd0, 0x0, 0x83, 0xc0, 0x83, 0xc0, 0x82, 0xe0, 0xfe, 0xa3, 
0xea, 0x10, 0x43, 0xd8, 0x0, 0xe0, 0xff, 0x90, 0x4, 0xc1, 0xe0, 0xfd, 0x33, 
0xea, 0x10, 0x43, 0xe0, 0x0, 0x95, 0xe0, 0xfc, 0x12, 0x1b, 0xd2, 0xd0, 0x82, 
0xea, 0x10, 0x43, 0xe8, 0x0, 0xd0, 0x83, 0xee, 0xf0, 0xa3, 0xef, 0xf0, 0x90, 
0xea, 0x10, 0x43, 0xf0, 0x0, 0x9, 0x1e, 0xe0, 0x4, 0xf0, 0x70, 0xac, 0x90, 
0xea, 0x10, 0x43, 0xf8, 0x0, 0x9, 0x1d, 0xe0, 0x4, 0xf0, 0x80, 0xa4, 0x22, 
0xea, 0x10, 0x44, 0x0, 0x0, 0x90, 0x9, 0x49, 0xec, 0xf0, 0xa3, 0xed, 0xf0, 
0xea, 0x10, 0x44, 0x8, 0x0, 0xab, 0x7, 0xaa, 0x6, 0xe4, 0x90, 0x9, 0x4f, 
0xea, 0x10, 0x44, 0x10, 0x0, 0xf0, 0xa3, 0xf0, 0xa3, 0xf0, 0xa3, 0xf0, 0x90, 
0xea, 0x10, 0x44, 0x18, 0x0, 0x9, 0x55, 0xf0, 0xa3, 0x4, 0xf0, 0x90, 0x9, 
0xea, 0x10, 0x44, 0x20, 0x0, 0x55, 0xe0, 0xfe, 0xa3, 0xe0, 0xff, 0xd3, 0x94, 
0xea, 0x10, 0x44, 0x28, 0x0, 0x2, 0xee, 0x64, 0x80, 0x94, 0x80, 0x40, 0x3, 
0xea, 0x10, 0x44, 0x30, 0x0, 0x2, 0x45, 0xad, 0xc3, 0xeb, 0x9f, 0xff, 0xea, 
0xea, 0x10, 0x44, 0x38, 0x0, 0x9e, 0x90, 0x9, 0x4b, 0xf0, 0xa3, 0xef, 0xf0, 
0xea, 0x10, 0x44, 0x40, 0x0, 0x90, 0x9, 0x56, 0xe0, 0x2b, 0xfe, 0x90, 0x9, 
0xea, 0x10, 0x44, 0x48, 0x0, 0x55, 0xe0, 0x3a, 0x90, 0x9, 0x4d, 0xf0, 0xa3, 
0xea, 0x10, 0x44, 0x50, 0x0, 0xce, 0xf0, 0x90, 0x5, 0x46, 0xe0, 0xff, 0x33, 
0xea, 0x10, 0x44, 0x58, 0x0, 0x95, 0xe0, 0xfe, 0x90, 0x9, 0x4b, 0xe0, 0xfc, 
0xea, 0x10, 0x44, 0x60, 0x0, 0xa3, 0xe0, 0xfd, 0xd3, 0x9f, 0xee, 0x64, 0x80, 
0xea, 0x10, 0x44, 0x68, 0x0, 0xf8, 0xec, 0x64, 0x80, 0x98, 0x40, 0x5e, 0x90, 
0xea, 0x10, 0x44, 0x70, 0x0, 0x9, 0x4a, 0xe0, 0x25, 0xe0, 0xff, 0x90, 0x9, 
0xea, 0x10, 0x44, 0x78, 0x0, 0x49, 0xe0, 0x33, 0xfe, 0x90, 0x1, 0xc, 0x75, 
0xea, 0x10, 0x44, 0x80, 0x0, 0xf0, 0x18, 0xed, 0x12, 0x1d, 0x16, 0xec, 0x75, 
0xea, 0x10, 0x44, 0x88, 0x0, 0xf0, 0x18, 0xa4, 0x25, 0x83, 0xf5, 0x83, 0xe5, 
0xea, 0x10, 0x44, 0x90, 0x0, 0x82, 0x2f, 0xf5, 0x82, 0xe5, 0x83, 0x3e, 0xf5, 
0xea, 0x10, 0x44, 0x98, 0x0, 0x83, 0xe0, 0xfc, 0xa3, 0xe0, 0xfd, 0x90, 0x1, 
0xea, 0x10, 0x44, 0xa0, 0x0, 0xc, 0x75, 0xf0, 0x18, 0xeb, 0x12, 0x1d, 0x16, 
0xea, 0x10, 0x44, 0xa8, 0x0, 0xea, 0x75, 0xf0, 0x18, 0xa4, 0x25, 0x83, 0xf5, 
0xea, 0x10, 0x44, 0xb0, 0x0, 0x83, 0xe5, 0x82, 0x2f, 0xf5, 0x82, 0xe5, 0x83, 
0xea, 0x10, 0x44, 0xb8, 0x0, 0x3e, 0xf5, 0x83, 0xe0, 0xfe, 0xa3, 0xe0, 0xc3, 
0xea, 0x10, 0x44, 0xc0, 0x0, 0x9d, 0xff, 0xee, 0x9c, 0x90, 0x9, 0x53, 0xf0, 
0xea, 0x10, 0x44, 0xc8, 0x0, 0xa3, 0xef, 0xf0, 0x80, 0x7, 0xe4, 0x90, 0x9, 
0xea, 0x10, 0x44, 0xd0, 0x0, 0x53, 0xf0, 0xa3, 0xf0, 0x90, 0x9, 0x4f, 0xe0, 
0xea, 0x10, 0x44, 0xd8, 0x0, 0xfe, 0xa3, 0xe0, 0xff, 0x90, 0x9, 0x53, 0xe0, 
0xea, 0x10, 0x44, 0xe0, 0x0, 0xfc, 0xa3, 0xe0, 0xfd, 0xd3, 0x9f, 0xee, 0x64, 
0xea, 0x10, 0x44, 0xe8, 0x0, 0x80, 0xf8, 0xec, 0x64, 0x80, 0x98, 0x40, 0x8, 
0xea, 0x10, 0x44, 0xf0, 0x0, 0x90, 0x9, 0x4f, 0xec, 0xf0, 0xa3, 0xed, 0xf0, 
0xea, 0x10, 0x44, 0xf8, 0x0, 0x90, 0x4, 0xbc, 0xe0, 0xff, 0x33, 0x95, 0xe0, 
0xea, 0x10, 0x45, 0x0, 0x0, 0xfe, 0x90, 0x9, 0x4d, 0xe0, 0xfc, 0xa3, 0xe0, 
0xea, 0x10, 0x45, 0x8, 0x0, 0xfd, 0xc3, 0x9f, 0xee, 0x64, 0x80, 0xf8, 0xec, 
0xea, 0x10, 0x45, 0x10, 0x0, 0x64, 0x80, 0x98, 0x50, 0x5e, 0x90, 0x9, 0x4a, 
0xea, 0x10, 0x45, 0x18, 0x0, 0xe0, 0x25, 0xe0, 0xff, 0x90, 0x9, 0x49, 0xe0, 
0xea, 0x10, 0x45, 0x20, 0x0, 0x33, 0xfe, 0x90, 0x1, 0xc, 0x75, 0xf0, 0x18, 
0xea, 0x10, 0x45, 0x28, 0x0, 0xed, 0x12, 0x1d, 0x16, 0xec, 0x75, 0xf0, 0x18, 
0xea, 0x10, 0x45, 0x30, 0x0, 0xa4, 0x25, 0x83, 0xf5, 0x83, 0xe5, 0x82, 0x2f, 
0xea, 0x10, 0x45, 0x38, 0x0, 0xf5, 0x82, 0xe5, 0x83, 0x3e, 0xf5, 0x83, 0xe0, 
0xea, 0x10, 0x45, 0x40, 0x0, 0xfc, 0xa3, 0xe0, 0xfd, 0x90, 0x1, 0xc, 0x75, 
0xea, 0x10, 0x45, 0x48, 0x0, 0xf0, 0x18, 0xeb, 0x12, 0x1d, 0x16, 0xea, 0x75, 
0xea, 0x10, 0x45, 0x50, 0x0, 0xf0, 0x18, 0xa4, 0x25, 0x83, 0xf5, 0x83, 0xe5, 
0xea, 0x10, 0x45, 0x58, 0x0, 0x82, 0x2f, 0xf5, 0x82, 0xe5, 0x83, 0x3e, 0xf5, 
0xea, 0x10, 0x45, 0x60, 0x0, 0x83, 0xe0, 0xfe, 0xa3, 0xe0, 0xc3, 0x9d, 0xff, 
0xea, 0x10, 0x45, 0x68, 0x0, 0xee, 0x9c, 0x90, 0x9, 0x53, 0xf0, 0xa3, 0xef, 
0xea, 0x10, 0x45, 0x70, 0x0, 0xf0, 0x80, 0x7, 0xe4, 0x90, 0x9, 0x53, 0xf0, 
0xea, 0x10, 0x45, 0x78, 0x0, 0xa3, 0xf0, 0x90, 0x9, 0x51, 0xe0, 0xfe, 0xa3, 
0xea, 0x10, 0x45, 0x80, 0x0, 0xe0, 0xff, 0xa3, 0xe0, 0xfc, 0xa3, 0xe0, 0xfd, 
0xea, 0x10, 0x45, 0x88, 0x0, 0xd3, 0x9f, 0xee, 0x64, 0x80, 0xf8, 0xec, 0x64, 
0xea, 0x10, 0x45, 0x90, 0x0, 0x80, 0x98, 0x40, 0x8, 0x90, 0x9, 0x51, 0xec, 
0xea, 0x10, 0x45, 0x98, 0x0, 0xf0, 0xa3, 0xed, 0xf0, 0x90, 0x9, 0x56, 0xe0, 
0xea, 0x10, 0x45, 0xa0, 0x0, 0x4, 0xf0, 0x70, 0x6, 0x90, 0x9, 0x55, 0xe0, 
0xea, 0x10, 0x45, 0xa8, 0x0, 0x4, 0xf0, 0x2, 0x44, 0x1e, 0x90, 0x5, 0x46, 
0xea, 0x10, 0x45, 0xb0, 0x0, 0xe0, 0xff, 0x33, 0x95, 0xe0, 0xfe, 0xd3, 0xeb, 
0xea, 0x10, 0x45, 0xb8, 0x0, 0x9f, 0xee, 0x64, 0x80, 0xf8, 0xea, 0x64, 0x80, 
0xea, 0x10, 0x45, 0xc0, 0x0, 0x98, 0x50, 0x5, 0x90, 0x9, 0x51, 0x80, 0x19, 
0xea, 0x10, 0x45, 0xc8, 0x0, 0x90, 0x4, 0xbc, 0xe0, 0xff, 0x33, 0x95, 0xe0, 
0xea, 0x10, 0x45, 0xd0, 0x0, 0xfe, 0xc3, 0xeb, 0x9f, 0xee, 0x64, 0x80, 0xf8, 
0xea, 0x10, 0x45, 0xd8, 0x0, 0xea, 0x64, 0x80, 0x98, 0x40, 0x9, 0x90, 0x9, 
0xea, 0x10, 0x45, 0xe0, 0x0, 0x4f, 0xe0, 0xfe, 0xa3, 0xe0, 0xff, 0x22, 0x90, 
0xea, 0x10, 0x45, 0xe8, 0x0, 0x9, 0x4f, 0xe0, 0xfc, 0xa3, 0xe0, 0xfd, 0xa3, 
0xea, 0x10, 0x45, 0xf0, 0x0, 0xe0, 0xfe, 0xa3, 0xe0, 0xff, 0xd3, 0x9d, 0xec, 
0xea, 0x10, 0x45, 0xf8, 0x0, 0x64, 0x80, 0xf8, 0xee, 0x64, 0x80, 0x98, 0x40, 
0xea, 0x10, 0x46, 0x0, 0x0, 0x1, 0x22, 0xaf, 0x5, 0xae, 0x4, 0x22, 0xe4, 
0xea, 0x10, 0x46, 0x8, 0x0, 0xfd, 0xfc, 0x90, 0x17, 0x9a, 0xe0, 0xff, 0xc3, 
0xea, 0x10, 0x46, 0x10, 0x0, 0xed, 0x9f, 0x74, 0x80, 0xf8, 0x6c, 0x98, 0x40, 
0xea, 0x10, 0x46, 0x18, 0x0, 0x3, 0x2, 0x48, 0xc, 0xed, 0x25, 0xe0, 0xff, 
0xea, 0x10, 0x46, 0x20, 0x0, 0xec, 0x33, 0xfe, 0x74, 0xd4, 0x2f, 0xf5, 0x82, 
0xea, 0x10, 0x46, 0x28, 0x0, 0x74, 0x4, 0x3e, 0xf5, 0x83, 0xe0, 0xfe, 0xa3, 
0xea, 0x10, 0x46, 0x30, 0x0, 0xe0, 0xff, 0x4e, 0x70, 0x3, 0x2, 0x48, 0x4, 
0xea, 0x10, 0x46, 0x38, 0x0, 0xef, 0x64, 0x1, 0x4e, 0x70, 0x3, 0x2, 0x48, 
0xea, 0x10, 0x46, 0x40, 0x0, 0x4, 0xe4, 0x90, 0x9, 0x37, 0xf0, 0xa3, 0xf0, 
0xea, 0x10, 0x46, 0x48, 0x0, 0x90, 0x9, 0x33, 0xf0, 0xa3, 0xf0, 0x90, 0x5, 
0xea, 0x10, 0x46, 0x50, 0x0, 0xe0, 0xe0, 0xfe, 0xa3, 0xe0, 0xff, 0x90, 0x9, 
0xea, 0x10, 0x46, 0x58, 0x0, 0x33, 0xe0, 0xfa, 0xa3, 0xe0, 0xfb, 0xc3, 0x9f, 
0xea, 0x10, 0x46, 0x60, 0x0, 0xee, 0x64, 0x80, 0xf8, 0xea, 0x64, 0x80, 0x98, 
0xea, 0x10, 0x46, 0x68, 0x0, 0x40, 0x3, 0x2, 0x47, 0xe5, 0xeb, 0x25, 0xe0, 
0xea, 0x10, 0x46, 0x70, 0x0, 0xff, 0xea, 0x33, 0xfe, 0x74, 0xe2, 0x2f, 0xf5, 
0xea, 0x10, 0x46, 0x78, 0x0, 0x82, 0x74, 0x4, 0x3e, 0xf5, 0x83, 0xe0, 0xfa, 
0xea, 0x10, 0x46, 0x80, 0x0, 0xa3, 0xe0, 0x4a, 0x70, 0x14, 0x74, 0xf8, 0x2f, 
0xea, 0x10, 0x46, 0x88, 0x0, 0xf5, 0x82, 0x74, 0x4, 0x3e, 0xf5, 0x83, 0xe0, 
0xea, 0x10, 0x46, 0x90, 0x0, 0xfe, 0xa3, 0xe0, 0x4e, 0x70, 0x3, 0x2, 0x47, 
0xea, 0x10, 0x46, 0x98, 0x0, 0xd1, 0xed, 0x25, 0xe0, 0xff, 0xec, 0x33, 0xfe, 
0xea, 0x10, 0x46, 0xa0, 0x0, 0x74, 0xb2, 0x2f, 0xf5, 0x82, 0x74, 0x5, 0x3e, 
0xea, 0x10, 0x46, 0xa8, 0x0, 0xf5, 0x83, 0xe0, 0xfa, 0xa3, 0xe0, 0xfb, 0x90, 
0xea, 0x10, 0x46, 0xb0, 0x0, 0x9, 0x34, 0xe0, 0x25, 0xe0, 0xff, 0x90, 0x9, 
0xea, 0x10, 0x46, 0xb8, 0x0, 0x33, 0xe0, 0x33, 0xfe, 0x74, 0xe2, 0x2f, 0xf5, 
0xea, 0x10, 0x46, 0xc0, 0x0, 0x82, 0x74, 0x4, 0x3e, 0xf5, 0x83, 0xe0, 0xfe, 
0xea, 0x10, 0x46, 0xc8, 0x0, 0xa3, 0xe0, 0xc3, 0x9b, 0xff, 0xee, 0x9a, 0x90, 
0xea, 0x10, 0x46, 0xd0, 0x0, 0x9, 0x35, 0xf0, 0xa3, 0xef, 0xf0, 0xed, 0x25, 
0xea, 0x10, 0x46, 0xd8, 0x0, 0xe0, 0xff, 0xec, 0x33, 0xfe, 0x74, 0xbe, 0x2f, 
0xea, 0x10, 0x46, 0xe0, 0x0, 0xf5, 0x82, 0x74, 0x5, 0x3e, 0xf5, 0x83, 0xe0, 
0xea, 0x10, 0x46, 0xe8, 0x0, 0xfa, 0xa3, 0xe0, 0xfb, 0x90, 0x9, 0x34, 0xe0, 
0xea, 0x10, 0x46, 0xf0, 0x0, 0x25, 0xe0, 0xff, 0x90, 0x9, 0x33, 0xe0, 0x33, 
0xea, 0x10, 0x46, 0xf8, 0x0, 0xfe, 0x74, 0xf8, 0x2f, 0xf5, 0x82, 0x74, 0x4, 
0xea, 0x10, 0x47, 0x0, 0x0, 0x3e, 0xf5, 0x83, 0xe0, 0xfe, 0xa3, 0xe0, 0xc3, 
0xea, 0x10, 0x47, 0x8, 0x0, 0x9b, 0xff, 0xee, 0x9a, 0xfe, 0x90, 0x9, 0x35, 
0xea, 0x10, 0x47, 0x10, 0x0, 0xe0, 0xfa, 0xa3, 0xe0, 0xfb, 0xc3, 0xea, 0x64, 
0xea, 0x10, 0x47, 0x18, 0x0, 0x80, 0x94, 0x80, 0x50, 0xd, 0xc3, 0xe4, 0x9b, 
0xea, 0x10, 0x47, 0x20, 0x0, 0xfb, 0xe4, 0x9a, 0x90, 0x9, 0x35, 0xf0, 0xa3, 
0xea, 0x10, 0x47, 0x28, 0x0, 0xeb, 0xf0, 0xc3, 0xee, 0x64, 0x80, 0x94, 0x80, 
0xea, 0x10, 0x47, 0x30, 0x0, 0x50, 0x7, 0xc3, 0xe4, 0x9f, 0xff, 0xe4, 0x9e, 
0xea, 0x10, 0x47, 0x38, 0x0, 0xfe, 0xc3, 0x90, 0x9, 0x36, 0xe0, 0x94, 0x2, 
0xea, 0x10, 0x47, 0x40, 0x0, 0x90, 0x9, 0x35, 0xe0, 0x64, 0x80, 0x94, 0x80, 
0xea, 0x10, 0x47, 0x48, 0x0, 0x40, 0x3, 0x2, 0x47, 0xd1, 0xc3, 0xef, 0x94, 
0xea, 0x10, 0x47, 0x50, 0x0, 0x2, 0xee, 0x64, 0x80, 0x94, 0x80, 0x50, 0x79, 
0xea, 0x10, 0x47, 0x58, 0x0, 0x90, 0x9, 0x34, 0xe0, 0x25, 0xe0, 0xff, 0x90, 
0xea, 0x10, 0x47, 0x60, 0x0, 0x9, 0x33, 0xe0, 0x33, 0xfe, 0x74, 0xe2, 0x2f, 
0xea, 0x10, 0x47, 0x68, 0x0, 0xf5, 0x82, 0x74, 0x4, 0x3e, 0xf5, 0x83, 0xe4, 
0xea, 0x10, 0x47, 0x70, 0x0, 0xf0, 0xa3, 0xf0, 0x74, 0xf8, 0x2f, 0xf5, 0x82, 
0xea, 0x10, 0x47, 0x78, 0x0, 0x74, 0x4, 0x3e, 0xf5, 0x83, 0xe4, 0xf0, 0xa3, 
0xea, 0x10, 0x47, 0x80, 0x0, 0xf0, 0xed, 0x25, 0xe0, 0xff, 0xec, 0x33, 0xfe, 
0xea, 0x10, 0x47, 0x88, 0x0, 0x74, 0xc2, 0x2f, 0xf5, 0x82, 0x74, 0x4, 0x3e, 
0xea, 0x10, 0x47, 0x90, 0x0, 0xf5, 0x83, 0x74, 0xff, 0xf5, 0xf0, 0x12, 0x1c, 
0xea, 0x10, 0x47, 0x98, 0x0, 0x8, 0x90, 0x9, 0x37, 0xe4, 0xf0, 0xa3, 0x4, 
0xea, 0x10, 0x47, 0xa0, 0x0, 0xf0, 0x74, 0xc2, 0x2f, 0xf5, 0x82, 0x74, 0x4, 
0xea, 0x10, 0x47, 0xa8, 0x0, 0x3e, 0xf5, 0x83, 0xe0, 0xfe, 0xa3, 0xe0, 0xd3, 
0xea, 0x10, 0x47, 0xb0, 0x0, 0x94, 0x0, 0xee, 0x64, 0x80, 0x94, 0x80, 0x50, 
0xea, 0x10, 0x47, 0xb8, 0x0, 0x2c, 0xed, 0x25, 0xe0, 0xff, 0xec, 0x33, 0xfe, 
0xea, 0x10, 0x47, 0xc0, 0x0, 0x74, 0xd4, 0x2f, 0xf5, 0x82, 0x74, 0x4, 0x3e, 
0xea, 0x10, 0x47, 0xc8, 0x0, 0xf5, 0x83, 0xe4, 0xf0, 0xa3, 0x4, 0xf0, 0x80, 
0xea, 0x10, 0x47, 0xd0, 0x0, 0x14, 0x90, 0x9, 0x34, 0xe0, 0x4, 0xf0, 0x60, 
0xea, 0x10, 0x47, 0xd8, 0x0, 0x3, 0x2, 0x46, 0x4e, 0x90, 0x9, 0x33, 0xe0, 
0xea, 0x10, 0x47, 0xe0, 0x0, 0x4, 0xf0, 0x2, 0x46, 0x4e, 0x90, 0x9, 0x37, 
0xea, 0x10, 0x47, 0xe8, 0x0, 0xe0, 0x70, 0x2, 0xa3, 0xe0, 0x70, 0x15, 0xed, 
0xea, 0x10, 0x47, 0xf0, 0x0, 0x25, 0xe0, 0xff, 0xec, 0x33, 0xfe, 0x74, 0xd4, 
0xea, 0x10, 0x47, 0xf8, 0x0, 0x2f, 0xf5, 0x82, 0x74, 0x4, 0x3e, 0xf5, 0x83, 
0xea, 0x10, 0x48, 0x0, 0x0, 0xe4, 0xf0, 0xa3, 0xf0, 0xd, 0xbd, 0x0, 0x1, 
0xea, 0x10, 0x48, 0x8, 0x0, 0xc, 0x2, 0x46, 0xa, 0x22, 0x90, 0x4, 0xe1, 
0xea, 0x10, 0x48, 0x10, 0x0, 0xe0, 0x60, 0x3, 0x2, 0x49, 0xab, 0x12, 0x52, 
0xea, 0x10, 0x48, 0x18, 0x0, 0xff, 0x12, 0x5f, 0x29, 0x12, 0x6a, 0xc7, 0x12, 
0xea, 0x10, 0x48, 0x20, 0x0, 0x46, 0x7, 0x12, 0x4e, 0x6e, 0xe4, 0xfd, 0xfc, 
0xea, 0x10, 0x48, 0x28, 0x0, 0x90, 0x17, 0x9a, 0xe0, 0xff, 0xc3, 0xed, 0x9f, 
0xea, 0x10, 0x48, 0x30, 0x0, 0x74, 0x80, 0xf8, 0x6c, 0x98, 0x40, 0x3, 0x2, 
0xea, 0x10, 0x48, 0x38, 0x0, 0x49, 0x41, 0xed, 0x25, 0xe0, 0xff, 0xec, 0x33, 
0xea, 0x10, 0x48, 0x40, 0x0, 0xfe, 0x74, 0xd4, 0x2f, 0xf5, 0x82, 0x74, 0x4, 
0xea, 0x10, 0x48, 0x48, 0x0, 0x3e, 0xf5, 0x83, 0xe0, 0xfe, 0xa3, 0xe0, 0x64, 
0xea, 0x10, 0x48, 0x50, 0x0, 0x1, 0x4e, 0x60, 0x3, 0x2, 0x49, 0x39, 0xe4, 
0xea, 0x10, 0x48, 0x58, 0x0, 0x90, 0x9, 0x31, 0xf0, 0xa3, 0xf0, 0x90, 0x17, 
0xea, 0x10, 0x48, 0x60, 0x0, 0x9a, 0xe0, 0xff, 0x90, 0x9, 0x31, 0xe0, 0xfa, 
0xea, 0x10, 0x48, 0x68, 0x0, 0xa3, 0xe0, 0xfb, 0xc3, 0x9f, 0x74, 0x80, 0xf8, 
0xea, 0x10, 0x48, 0x70, 0x0, 0xea, 0x64, 0x80, 0x98, 0x40, 0x3, 0x2, 0x49, 
0xea, 0x10, 0x48, 0x78, 0x0, 0x39, 0x74, 0xf2, 0x2b, 0xf5, 0x82, 0x74, 0x4, 
0xea, 0x10, 0x48, 0x80, 0x0, 0x3a, 0xf5, 0x83, 0xe0, 0x60, 0x3, 0x2, 0x49, 
0xea, 0x10, 0x48, 0x88, 0x0, 0x25, 0xed, 0x25, 0xe0, 0xff, 0xec, 0x33, 0xfe, 
0xea, 0x10, 0x48, 0x90, 0x0, 0x74, 0xb2, 0x2f, 0xf5, 0x82, 0x74, 0x5, 0x3e, 
0xea, 0x10, 0x48, 0x98, 0x0, 0xf5, 0x83, 0xe0, 0xfa, 0xa3, 0xe0, 0xfb, 0x90, 
0xea, 0x10, 0x48, 0xa0, 0x0, 0x9, 0x32, 0xe0, 0x25, 0xe0, 0xff, 0x90, 0x9, 
0xea, 0x10, 0x48, 0xa8, 0x0, 0x31, 0xe0, 0x33, 0xfe, 0x74, 0x87, 0x2f, 0xf5, 
0xea, 0x10, 0x48, 0xb0, 0x0, 0x82, 0x74, 0x5, 0x3e, 0xf5, 0x83, 0xea, 0xf0, 
0xea, 0x10, 0x48, 0xb8, 0x0, 0xa3, 0xeb, 0xf0, 0xed, 0x25, 0xe0, 0xff, 0xec, 
0xea, 0x10, 0x48, 0xc0, 0x0, 0x33, 0xfe, 0x74, 0xbe, 0x2f, 0xf5, 0x82, 0x74, 
0xea, 0x10, 0x48, 0xc8, 0x0, 0x5, 0x3e, 0xf5, 0x83, 0xe0, 0xfa, 0xa3, 0xe0, 
0xea, 0x10, 0x48, 0xd0, 0x0, 0xfb, 0x90, 0x9, 0x32, 0xe0, 0x25, 0xe0, 0xff, 
0xea, 0x10, 0x48, 0xd8, 0x0, 0x90, 0x9, 0x31, 0xe0, 0x33, 0xfe, 0x74, 0x93, 
0xea, 0x10, 0x48, 0xe0, 0x0, 0x2f, 0xf5, 0x82, 0x74, 0x5, 0x3e, 0xf5, 0x83, 
0xea, 0x10, 0x48, 0xe8, 0x0, 0xea, 0xf0, 0xa3, 0xeb, 0xf0, 0xed, 0x25, 0xe0, 
0xea, 0x10, 0x48, 0xf0, 0x0, 0xff, 0xec, 0x33, 0xfe, 0x74, 0xc2, 0x2f, 0xf5, 
0xea, 0x10, 0x48, 0xf8, 0x0, 0x82, 0x74, 0x4, 0x3e, 0xf5, 0x83, 0xe4, 0xf0, 
0xea, 0x10, 0x49, 0x0, 0x0, 0xa3, 0xf0, 0x74, 0xd4, 0x2f, 0xf5, 0x82, 0x74, 
0xea, 0x10, 0x49, 0x8, 0x0, 0x4, 0x3e, 0xf5, 0x83, 0xe4, 0xf0, 0xa3, 0xf0, 
0xea, 0x10, 0x49, 0x10, 0x0, 0x90, 0x9, 0x31, 0xe0, 0xfe, 0xa3, 0xe0, 0x24, 
0xea, 0x10, 0x49, 0x18, 0x0, 0xf2, 0xf5, 0x82, 0x74, 0x4, 0x3e, 0xf5, 0x83, 
0xea, 0x10, 0x49, 0x20, 0x0, 0x74, 0x2, 0xf0, 0x80, 0x14, 0x90, 0x9, 0x32, 
0xea, 0x10, 0x49, 0x28, 0x0, 0xe0, 0x4, 0xf0, 0x60, 0x3, 0x2, 0x48, 0x5e, 
0xea, 0x10, 0x49, 0x30, 0x0, 0x90, 0x9, 0x31, 0xe0, 0x4, 0xf0, 0x2, 0x48, 
0xea, 0x10, 0x49, 0x38, 0x0, 0x5e, 0xd, 0xbd, 0x0, 0x1, 0xc, 0x2, 0x48, 
0xea, 0x10, 0x49, 0x40, 0x0, 0x28, 0xe4, 0x90, 0x5, 0xe0, 0xf0, 0xa3, 0xf0, 
0xea, 0x10, 0x49, 0x48, 0x0, 0x90, 0x9, 0x31, 0xf0, 0xa3, 0xf0, 0x90, 0x17, 
0xea, 0x10, 0x49, 0x50, 0x0, 0x9a, 0xe0, 0xff, 0x90, 0x9, 0x31, 0xe0, 0xfc, 
0xea, 0x10, 0x49, 0x58, 0x0, 0xa3, 0xe0, 0xfd, 0xc3, 0x9f, 0x74, 0x80, 0xf8, 
0xea, 0x10, 0x49, 0x60, 0x0, 0xec, 0x64, 0x80, 0x98, 0x50, 0x2b, 0x74, 0xf2, 
0xea, 0x10, 0x49, 0x68, 0x0, 0x2d, 0xf5, 0x82, 0x74, 0x4, 0x3c, 0xf5, 0x83, 
0xea, 0x10, 0x49, 0x70, 0x0, 0xe0, 0x60, 0xe, 0x90, 0x5, 0xe1, 0xe0, 0x4, 
0xea, 0x10, 0x49, 0x78, 0x0, 0xf0, 0x70, 0x6, 0x90, 0x5, 0xe0, 0xe0, 0x4, 
0xea, 0x10, 0x49, 0x80, 0x0, 0xf0, 0x90, 0x9, 0x32, 0xe0, 0x4, 0xf0, 0x70, 
0xea, 0x10, 0x49, 0x88, 0x0, 0xc5, 0x90, 0x9, 0x31, 0xe0, 0x4, 0xf0, 0x80, 
0xea, 0x10, 0x49, 0x90, 0x0, 0xbd, 0x90, 0x17, 0x9a, 0xe0, 0xff, 0xc3, 0x90, 
0xea, 0x10, 0x49, 0x98, 0x0, 0x5, 0xe1, 0xe0, 0x9f, 0x74, 0x80, 0xf8, 0x90, 
0xea, 0x10, 0x49, 0xa0, 0x0, 0x5, 0xe0, 0xe0, 0x64, 0x80, 0x98, 0x40, 0x3, 
0xea, 0x10, 0x49, 0xa8, 0x0, 0x12, 0x70, 0xdc, 0x22, 0x90, 0x9, 0x56, 0xee, 
0xea, 0x10, 0x49, 0xb0, 0x0, 0xf0, 0xa3, 0xef, 0xf0, 0xab, 0x5, 0xaa, 0x4, 
0xea, 0x10, 0x49, 0xb8, 0x0, 0x90, 0x9, 0x98, 0x12, 0x1c, 0xe5, 0x0, 0x0, 
0xea, 0x10, 0x49, 0xc0, 0x0, 0x0, 0x0, 0x90, 0x9, 0x94, 0x12, 0x1c, 0xe5, 
0xea, 0x10, 0x49, 0xc8, 0x0, 0x0, 0x0, 0x0, 0x0, 0xaf, 0x3, 0x90, 0x9, 
0xea, 0x10, 0x49, 0xd0, 0x0, 0x58, 0xea, 0xf0, 0xa3, 0xef, 0xf0, 0xe4, 0x90, 
0xea, 0x10, 0x49, 0xd8, 0x0, 0x9, 0x5c, 0xf0, 0xa3, 0xf0, 0x90, 0x9, 0x57, 
0xea, 0x10, 0x49, 0xe0, 0x0, 0xe0, 0x24, 0xff, 0xfe, 0x90, 0x9, 0x56, 0xe0, 
0xea, 0x10, 0x49, 0xe8, 0x0, 0x34, 0xff, 0x90, 0x9, 0x5a, 0xf0, 0xa3, 0xce, 
0xea, 0x10, 0x49, 0xf0, 0x0, 0xf0, 0x90, 0x9, 0x57, 0xe0, 0x24, 0x1, 0xff, 
0xea, 0x10, 0x49, 0xf8, 0x0, 0x90, 0x9, 0x56, 0xe0, 0x34, 0x0, 0xfe, 0x90, 
0xea, 0x10, 0x4a, 0x0, 0x0, 0x9, 0x5a, 0xe0, 0xfc, 0xa3, 0xe0, 0xfd, 0xd3, 
0xea, 0x10, 0x4a, 0x8, 0x0, 0x9f, 0xee, 0x64, 0x80, 0xf8, 0xec, 0x64, 0x80, 
0xea, 0x10, 0x4a, 0x10, 0x0, 0x98, 0x40, 0x3, 0x2, 0x4b, 0x2f, 0x90, 0x9, 
0xea, 0x10, 0x4a, 0x18, 0x0, 0x5d, 0xe0, 0x4, 0xf0, 0x70, 0x6, 0x90, 0x9, 
0xea, 0x10, 0x4a, 0x20, 0x0, 0x5c, 0xe0, 0x4, 0xf0, 0x90, 0x5, 0x46, 0xe0, 
0xea, 0x10, 0x4a, 0x28, 0x0, 0xff, 0x33, 0x95, 0xe0, 0xfe, 0xc3, 0xed, 0x9f, 
0xea, 0x10, 0x4a, 0x30, 0x0, 0xee, 0x64, 0x80, 0xf8, 0xec, 0x64, 0x80, 0x98, 
0xea, 0x10, 0x4a, 0x38, 0x0, 0x50, 0x3, 0x2, 0x4b, 0x1b, 0x90, 0x4, 0xbc, 
0xea, 0x10, 0x4a, 0x40, 0x0, 0xe0, 0xff, 0x33, 0x95, 0xe0, 0xfe, 0xd3, 0xed, 
0xea, 0x10, 0x4a, 0x48, 0x0, 0x9f, 0xee, 0x64, 0x80, 0xf8, 0xec, 0x64, 0x80, 
0xea, 0x10, 0x4a, 0x50, 0x0, 0x98, 0x40, 0x3, 0x2, 0x4b, 0x1b, 0x90, 0x9, 
0xea, 0x10, 0x4a, 0x58, 0x0, 0x98, 0xe0, 0xf8, 0xa3, 0xe0, 0xf9, 0xa3, 0xe0, 
0xea, 0x10, 0x4a, 0x60, 0x0, 0xfa, 0xa3, 0xe0, 0xfb, 0xc0, 0x0, 0x90, 0x9, 
0xea, 0x10, 0x4a, 0x68, 0x0, 0x59, 0xe0, 0x25, 0xe0, 0xff, 0x90, 0x9, 0x58, 
0xea, 0x10, 0x4a, 0x70, 0x0, 0xe0, 0x33, 0xfe, 0x90, 0x9, 0x5a, 0xe0, 0xfc, 
0xea, 0x10, 0x4a, 0x78, 0x0, 0xa3, 0xe0, 0x90, 0x1, 0xc, 0x75, 0xf0, 0x18, 
0xea, 0x10, 0x4a, 0x80, 0x0, 0x12, 0x1d, 0x16, 0xec, 0x75, 0xf0, 0x18, 0xa4, 
0xea, 0x10, 0x4a, 0x88, 0x0, 0x25, 0x83, 0xf5, 0x83, 0xe5, 0x82, 0x2f, 0xf5, 
0xea, 0x10, 0x4a, 0x90, 0x0, 0x82, 0xe5, 0x83, 0x3e, 0xf5, 0x83, 0xe0, 0xfe, 
0xea, 0x10, 0x4a, 0x98, 0x0, 0xa3, 0xe0, 0xff, 0x90, 0x9, 0x5c, 0xe0, 0xfc, 
0xea, 0x10, 0x4a, 0xa0, 0x0, 0xa3, 0xe0, 0xfd, 0x12, 0x1b, 0xc0, 0xee, 0x33, 
0xea, 0x10, 0x4a, 0xa8, 0x0, 0x95, 0xe0, 0xfd, 0xfc, 0xd0, 0x0, 0xeb, 0x2f, 
0xea, 0x10, 0x4a, 0xb0, 0x0, 0xff, 0xea, 0x3e, 0xfe, 0xe9, 0x3d, 0xfd, 0xe8, 
0xea, 0x10, 0x4a, 0xb8, 0x0, 0x3c, 0xfc, 0x90, 0x9, 0x98, 0x12, 0x1c, 0xd9, 
0xea, 0x10, 0x4a, 0xc0, 0x0, 0x90, 0x9, 0x94, 0xe0, 0xf8, 0xa3, 0xe0, 0xf9, 
0xea, 0x10, 0x4a, 0xc8, 0x0, 0xa3, 0xe0, 0xfa, 0xa3, 0xe0, 0xfb, 0x90, 0x9, 
0xea, 0x10, 0x4a, 0xd0, 0x0, 0x59, 0xe0, 0x25, 0xe0, 0xff, 0x90, 0x9, 0x58, 
0xea, 0x10, 0x4a, 0xd8, 0x0, 0xe0, 0x33, 0xfe, 0x90, 0x9, 0x5a, 0xe0, 0xfc, 
0xea, 0x10, 0x4a, 0xe0, 0x0, 0xa3, 0xe0, 0x90, 0x1, 0xc, 0x75, 0xf0, 0x18, 
0xea, 0x10, 0x4a, 0xe8, 0x0, 0x12, 0x1d, 0x16, 0xec, 0x75, 0xf0, 0x18, 0xa4, 
0xea, 0x10, 0x4a, 0xf0, 0x0, 0x25, 0x83, 0xf5, 0x83, 0xe5, 0x82, 0x2f, 0xf5, 
0xea, 0x10, 0x4a, 0xf8, 0x0, 0x82, 0xe5, 0x83, 0x3e, 0xf5, 0x83, 0xe0, 0xfe, 
0xea, 0x10, 0x4b, 0x0, 0x0, 0xa3, 0xe0, 0xff, 0xee, 0x33, 0x95, 0xe0, 0xfd, 
0xea, 0x10, 0x4b, 0x8, 0x0, 0xfc, 0xeb, 0x2f, 0xff, 0xea, 0x3e, 0xfe, 0xe9, 
0xea, 0x10, 0x4b, 0x10, 0x0, 0x3d, 0xfd, 0xe8, 0x3c, 0xfc, 0x90, 0x9, 0x94, 
0xea, 0x10, 0x4b, 0x18, 0x0, 0x12, 0x1c, 0xd9, 0x90, 0x9, 0x5b, 0xe0, 0x4, 
0xea, 0x10, 0x4b, 0x20, 0x0, 0xf0, 0x60, 0x3, 0x2, 0x49, 0xf1, 0x90, 0x9, 
0xea, 0x10, 0x4b, 0x28, 0x0, 0x5a, 0xe0, 0x4, 0xf0, 0x2, 0x49, 0xf1, 0x90, 
0xea, 0x10, 0x4b, 0x30, 0x0, 0x9, 0x56, 0xa3, 0xe0, 0xff, 0x12, 0x58, 0x75, 
0xea, 0x10, 0x4b, 0x38, 0x0, 0x90, 0x9, 0x98, 0xa3, 0xa3, 0xe0, 0xfe, 0xa3, 
0xea, 0x10, 0x4b, 0x40, 0x0, 0xe0, 0xff, 0x22, 0x90, 0x4, 0xe0, 0xe0, 0xff, 
0xea, 0x10, 0x4b, 0x48, 0x0, 0x33, 0x95, 0xe0, 0xfe, 0xef, 0x24, 0xff, 0xff, 
0xea, 0x10, 0x4b, 0x50, 0x0, 0xee, 0x34, 0xff, 0xfe, 0xef, 0x78, 0x6, 0xc3, 
0xea, 0x10, 0x4b, 0x58, 0x0, 0x33, 0xce, 0x33, 0xce, 0xd8, 0xf9, 0xff, 0x90, 
0xea, 0x10, 0x4b, 0x60, 0x0, 0x9, 0x44, 0xee, 0xf0, 0xa3, 0xef, 0xf0, 0x90, 
0xea, 0x10, 0x4b, 0x68, 0x0, 0x4, 0xc1, 0xe0, 0xff, 0x33, 0x95, 0xe0, 0xfe, 
0xea, 0x10, 0x4b, 0x70, 0x0, 0xef, 0x24, 0xff, 0xff, 0xee, 0x34, 0xff, 0xfe, 
0xea, 0x10, 0x4b, 0x78, 0x0, 0xef, 0x78, 0x6, 0xc3, 0x33, 0xce, 0x33, 0xce, 
0xea, 0x10, 0x4b, 0x80, 0x0, 0xd8, 0xf9, 0xff, 0x90, 0x9, 0x46, 0xee, 0xf0, 
0xea, 0x10, 0x4b, 0x88, 0x0, 0xa3, 0xef, 0xf0, 0xae, 0x8, 0xaf, 0x9, 0xee, 
0xea, 0x10, 0x4b, 0x90, 0x0, 0x33, 0x95, 0xe0, 0xfd, 0xfc, 0x90, 0x9, 0x4a, 
0xea, 0x10, 0x4b, 0x98, 0x0, 0x12, 0x1c, 0xd9, 0xae, 0xa, 0xaf, 0xb, 0xee, 
0xea, 0x10, 0x4b, 0xa0, 0x0, 0x33, 0x95, 0xe0, 0xfd, 0xfc, 0x90, 0x9, 0x4e, 
0xea, 0x10, 0x4b, 0xa8, 0x0, 0x12, 0x1c, 0xd9, 0x90, 0x4, 0x27, 0xe0, 0x60, 
0xea, 0x10, 0x4b, 0xb0, 0x0, 0x5e, 0x90, 0x5, 0x26, 0xe0, 0xfe, 0xa3, 0xe0, 
0xea, 0x10, 0x4b, 0xb8, 0x0, 0xff, 0xee, 0x33, 0x95, 0xe0, 0xfd, 0xfc, 0x90, 
0xea, 0x10, 0x4b, 0xc0, 0x0, 0x9, 0x4a, 0xe0, 0xf8, 0xa3, 0xe0, 0xf9, 0xa3, 
0xea, 0x10, 0x4b, 0xc8, 0x0, 0xe0, 0xfa, 0xa3, 0xe0, 0xfb, 0x12, 0x1c, 0x53, 
0xea, 0x10, 0x4b, 0xd0, 0x0, 0x90, 0x9, 0x4a, 0x12, 0x1c, 0xd9, 0x90, 0x9, 
0xea, 0x10, 0x4b, 0xd8, 0x0, 0x4a, 0xe0, 0xfc, 0xa3, 0xe0, 0xfd, 0xa3, 0xe0, 
0xea, 0x10, 0x4b, 0xe0, 0x0, 0xfe, 0xa3, 0xe0, 0xff, 0xc0, 0x6, 0xc0, 0x7, 
0xea, 0x10, 0x4b, 0xe8, 0x0, 0x90, 0x9, 0x44, 0xe0, 0xfe, 0xa3, 0xe0, 0xfb, 
0xea, 0x10, 0x4b, 0xf0, 0x0, 0xaa, 0x6, 0xea, 0x33, 0x95, 0xe0, 0xf9, 0xf8, 
0xea, 0x10, 0x4b, 0xf8, 0x0, 0xd0, 0x7, 0xd0, 0x6, 0x12, 0x70, 0x18, 0x90, 
0xea, 0x10, 0x4c, 0x0, 0x0, 0x9, 0x4a, 0x12, 0x1c, 0xd9, 0x90, 0x5, 0x28, 
0xea, 0x10, 0x4c, 0x8, 0x0, 0xe0, 0xfe, 0xa3, 0xe0, 0xff, 0x80, 0x65, 0x90, 
0xea, 0x10, 0x4c, 0x10, 0x0, 0x17, 0xc0, 0xe0, 0x70, 0x3, 0x2, 0x4c, 0xc0, 
0xea, 0x10, 0x4c, 0x18, 0x0, 0x90, 0x17, 0xbc, 0xe0, 0xfe, 0xa3, 0xe0, 0xff, 
0xea, 0x10, 0x4c, 0x20, 0x0, 0xee, 0x33, 0x95, 0xe0, 0xfd, 0xfc, 0x90, 0x9, 
0xea, 0x10, 0x4c, 0x28, 0x0, 0x4a, 0xe0, 0xf8, 0xa3, 0xe0, 0xf9, 0xa3, 0xe0, 
0xea, 0x10, 0x4c, 0x30, 0x0, 0xfa, 0xa3, 0xe0, 0xfb, 0x12, 0x1c, 0x53, 0x90, 
0xea, 0x10, 0x4c, 0x38, 0x0, 0x9, 0x4a, 0x12, 0x1c, 0xd9, 0x90, 0x9, 0x4a, 
0xea, 0x10, 0x4c, 0x40, 0x0, 0xe0, 0xfc, 0xa3, 0xe0, 0xfd, 0xa3, 0xe0, 0xfe, 
0xea, 0x10, 0x4c, 0x48, 0x0, 0xa3, 0xe0, 0xff, 0xc0, 0x6, 0xc0, 0x7, 0x90, 
0xea, 0x10, 0x4c, 0x50, 0x0, 0x9, 0x44, 0xe0, 0xfe, 0xa3, 0xe0, 0xfb, 0xaa, 
0xea, 0x10, 0x4c, 0x58, 0x0, 0x6, 0xea, 0x33, 0x95, 0xe0, 0xf9, 0xf8, 0xd0, 
0xea, 0x10, 0x4c, 0x60, 0x0, 0x7, 0xd0, 0x6, 0x12, 0x70, 0x18, 0x90, 0x9, 
0xea, 0x10, 0x4c, 0x68, 0x0, 0x4a, 0x12, 0x1c, 0xd9, 0x90, 0x17, 0xbe, 0xe0, 
0xea, 0x10, 0x4c, 0x70, 0x0, 0xfe, 0xa3, 0xe0, 0xff, 0xee, 0x33, 0x95, 0xe0, 
0xea, 0x10, 0x4c, 0x78, 0x0, 0xfd, 0xfc, 0x90, 0x9, 0x4e, 0xe0, 0xf8, 0xa3, 
0xea, 0x10, 0x4c, 0x80, 0x0, 0xe0, 0xf9, 0xa3, 0xe0, 0xfa, 0xa3, 0xe0, 0xfb, 
0xea, 0x10, 0x4c, 0x88, 0x0, 0x12, 0x1c, 0x53, 0x90, 0x9, 0x4e, 0x12, 0x1c, 
0xea, 0x10, 0x4c, 0x90, 0x0, 0xd9, 0x90, 0x9, 0x4e, 0xe0, 0xfc, 0xa3, 0xe0, 
0xea, 0x10, 0x4c, 0x98, 0x0, 0xfd, 0xa3, 0xe0, 0xfe, 0xa3, 0xe0, 0xff, 0xc0, 
0xea, 0x10, 0x4c, 0xa0, 0x0, 0x6, 0xc0, 0x7, 0x90, 0x9, 0x46, 0xe0, 0xfe, 
0xea, 0x10, 0x4c, 0xa8, 0x0, 0xa3, 0xe0, 0xfb, 0xaa, 0x6, 0xea, 0x33, 0x95, 
0xea, 0x10, 0x4c, 0xb0, 0x0, 0xe0, 0xf9, 0xf8, 0xd0, 0x7, 0xd0, 0x6, 0x12, 
0xea, 0x10, 0x4c, 0xb8, 0x0, 0x70, 0x18, 0x90, 0x9, 0x4e, 0x12, 0x1c, 0xd9, 
0xea, 0x10, 0x4c, 0xc0, 0x0, 0x90, 0x9, 0x4a, 0xa3, 0xa3, 0xe0, 0xfe, 0xa3, 
0xea, 0x10, 0x4c, 0xc8, 0x0, 0xe0, 0x8e, 0x8, 0xf5, 0x9, 0xa3, 0xa3, 0xa3, 
0xea, 0x10, 0x4c, 0xd0, 0x0, 0xe0, 0xfe, 0xa3, 0xe0, 0x8e, 0xa, 0xf5, 0xb, 
0xea, 0x10, 0x4c, 0xd8, 0x0, 0x22, 0x90, 0x9, 0x56, 0xec, 0xf0, 0xa3, 0xed, 
0xea, 0x10, 0x4c, 0xe0, 0x0, 0xf0, 0xab, 0x7, 0xaa, 0x6, 0x90, 0x9, 0x98, 
0xea, 0x10, 0x4c, 0xe8, 0x0, 0x12, 0x1c, 0xe5, 0x0, 0x0, 0x0, 0x0, 0x90, 
0xea, 0x10, 0x4c, 0xf0, 0x0, 0x9, 0x94, 0x12, 0x1c, 0xe5, 0x0, 0x0, 0x0, 
0xea, 0x10, 0x4c, 0xf8, 0x0, 0x0, 0xaf, 0x3, 0x90, 0x9, 0x5a, 0xea, 0xf0, 
0xea, 0x10, 0x4d, 0x0, 0x0, 0xa3, 0xef, 0xf0, 0xe4, 0xa3, 0xf0, 0xa3, 0xf0, 
0xea, 0x10, 0x4d, 0x8, 0x0, 0x90, 0x9, 0x57, 0xe0, 0x24, 0xff, 0xfe, 0x90, 
0xea, 0x10, 0x4d, 0x10, 0x0, 0x9, 0x56, 0xe0, 0x34, 0xff, 0x90, 0x9, 0x58, 
0xea, 0x10, 0x4d, 0x18, 0x0, 0xf0, 0xa3, 0xce, 0xf0, 0x90, 0x9, 0x57, 0xe0, 
0xea, 0x10, 0x4d, 0x20, 0x0, 0x24, 0x1, 0xff, 0x90, 0x9, 0x56, 0xe0, 0x34, 
0xea, 0x10, 0x4d, 0x28, 0x0, 0x0, 0xfe, 0x90, 0x9, 0x58, 0xe0, 0xfc, 0xa3, 
0xea, 0x10, 0x4d, 0x30, 0x0, 0xe0, 0xfd, 0xd3, 0x9f, 0xee, 0x64, 0x80, 0xf8, 
0xea, 0x10, 0x4d, 0x38, 0x0, 0xec, 0x64, 0x80, 0x98, 0x40, 0x3, 0x2, 0x4e, 
0xea, 0x10, 0x4d, 0x40, 0x0, 0x5a, 0x90, 0x9, 0x5d, 0xe0, 0x4, 0xf0, 0x70, 
0xea, 0x10, 0x4d, 0x48, 0x0, 0x6, 0x90, 0x9, 0x5c, 0xe0, 0x4, 0xf0, 0x90, 
0xea, 0x10, 0x4d, 0x50, 0x0, 0x5, 0xc, 0xe0, 0xff, 0x33, 0x95, 0xe0, 0xfe, 
0xea, 0x10, 0x4d, 0x58, 0x0, 0xc3, 0xed, 0x9f, 0xee, 0x64, 0x80, 0xf8, 0xec, 
0xea, 0x10, 0x4d, 0x60, 0x0, 0x64, 0x80, 0x98, 0x50, 0x3, 0x2, 0x4e, 0x46, 
0xea, 0x10, 0x4d, 0x68, 0x0, 0x90, 0x4, 0x71, 0xe0, 0xff, 0x33, 0x95, 0xe0, 
0xea, 0x10, 0x4d, 0x70, 0x0, 0xfe, 0xd3, 0xed, 0x9f, 0xee, 0x64, 0x80, 0xf8, 
0xea, 0x10, 0x4d, 0x78, 0x0, 0xec, 0x64, 0x80, 0x98, 0x40, 0x3, 0x2, 0x4e, 
0xea, 0x10, 0x4d, 0x80, 0x0, 0x46, 0x90, 0x9, 0x98, 0xe0, 0xf8, 0xa3, 0xe0, 
0xea, 0x10, 0x4d, 0x88, 0x0, 0xf9, 0xa3, 0xe0, 0xfa, 0xa3, 0xe0, 0xfb, 0xc0, 
0xea, 0x10, 0x4d, 0x90, 0x0, 0x0, 0x90, 0x9, 0x59, 0xe0, 0x25, 0xe0, 0xff, 
0xea, 0x10, 0x4d, 0x98, 0x0, 0x90, 0x9, 0x58, 0xe0, 0x33, 0xfe, 0x90, 0x9, 
0xea, 0x10, 0x4d, 0xa0, 0x0, 0x5a, 0xe0, 0xfc, 0xa3, 0xe0, 0x90, 0x1, 0xc, 
0xea, 0x10, 0x4d, 0xa8, 0x0, 0x75, 0xf0, 0x18, 0x12, 0x1d, 0x16, 0xec, 0x75, 
0xea, 0x10, 0x4d, 0xb0, 0x0, 0xf0, 0x18, 0xa4, 0x25, 0x83, 0xf5, 0x83, 0xe5, 
0xea, 0x10, 0x4d, 0xb8, 0x0, 0x82, 0x2f, 0xf5, 0x82, 0xe5, 0x83, 0x3e, 0xf5, 
0xea, 0x10, 0x4d, 0xc0, 0x0, 0x83, 0xe0, 0xfe, 0xa3, 0xe0, 0xff, 0x90, 0x9, 
0xea, 0x10, 0x4d, 0xc8, 0x0, 0x5c, 0xe0, 0xfc, 0xa3, 0xe0, 0xfd, 0x12, 0x1b, 
0xea, 0x10, 0x4d, 0xd0, 0x0, 0xc0, 0xee, 0x33, 0x95, 0xe0, 0xfd, 0xfc, 0xd0, 
0xea, 0x10, 0x4d, 0xd8, 0x0, 0x0, 0xeb, 0x2f, 0xff, 0xea, 0x3e, 0xfe, 0xe9, 
0xea, 0x10, 0x4d, 0xe0, 0x0, 0x3d, 0xfd, 0xe8, 0x3c, 0xfc, 0x90, 0x9, 0x98, 
0xea, 0x10, 0x4d, 0xe8, 0x0, 0x12, 0x1c, 0xd9, 0x90, 0x9, 0x94, 0xe0, 0xf8, 
0xea, 0x10, 0x4d, 0xf0, 0x0, 0xa3, 0xe0, 0xf9, 0xa3, 0xe0, 0xfa, 0xa3, 0xe0, 
0xea, 0x10, 0x4d, 0xf8, 0x0, 0xfb, 0x90, 0x9, 0x59, 0xe0, 0x25, 0xe0, 0xff, 
0xea, 0x10, 0x4e, 0x0, 0x0, 0x90, 0x9, 0x58, 0xe0, 0x33, 0xfe, 0x90, 0x9, 
0xea, 0x10, 0x4e, 0x8, 0x0, 0x5a, 0xe0, 0xfc, 0xa3, 0xe0, 0x90, 0x1, 0xc, 
0xea, 0x10, 0x4e, 0x10, 0x0, 0x75, 0xf0, 0x18, 0x12, 0x1d, 0x16, 0xec, 0x75, 
0xea, 0x10, 0x4e, 0x18, 0x0, 0xf0, 0x18, 0xa4, 0x25, 0x83, 0xf5, 0x83, 0xe5, 
0xea, 0x10, 0x4e, 0x20, 0x0, 0x82, 0x2f, 0xf5, 0x82, 0xe5, 0x83, 0x3e, 0xf5, 
0xea, 0x10, 0x4e, 0x28, 0x0, 0x83, 0xe0, 0xfe, 0xa3, 0xe0, 0xff, 0xee, 0x33, 
0xea, 0x10, 0x4e, 0x30, 0x0, 0x95, 0xe0, 0xfd, 0xfc, 0xeb, 0x2f, 0xff, 0xea, 
0xea, 0x10, 0x4e, 0x38, 0x0, 0x3e, 0xfe, 0xe9, 0x3d, 0xfd, 0xe8, 0x3c, 0xfc, 
0xea, 0x10, 0x4e, 0x40, 0x0, 0x90, 0x9, 0x94, 0x12, 0x1c, 0xd9, 0x90, 0x9, 
0xea, 0x10, 0x4e, 0x48, 0x0, 0x59, 0xe0, 0x4, 0xf0, 0x60, 0x3, 0x2, 0x4d, 
0xea, 0x10, 0x4e, 0x50, 0x0, 0x1c, 0x90, 0x9, 0x58, 0xe0, 0x4, 0xf0, 0x2, 
0xea, 0x10, 0x4e, 0x58, 0x0, 0x4d, 0x1c, 0x90, 0x9, 0x56, 0xa3, 0xe0, 0xff, 
0xea, 0x10, 0x4e, 0x60, 0x0, 0x12, 0x58, 0x75, 0x90, 0x9, 0x98, 0xa3, 0xa3, 
0xea, 0x10, 0x4e, 0x68, 0x0, 0xe0, 0xfe, 0xa3, 0xe0, 0xff, 0x22, 0xe4, 0x90, 
0xea, 0x10, 0x4e, 0x70, 0x0, 0x9, 0x33, 0xf0, 0xa3, 0xf0, 0x90, 0x5, 0xe0, 
0xea, 0x10, 0x4e, 0x78, 0x0, 0xe0, 0xfe, 0xa3, 0xe0, 0xff, 0x90, 0x9, 0x33, 
0xea, 0x10, 0x4e, 0x80, 0x0, 0xe0, 0xfc, 0xa3, 0xe0, 0xfd, 0xc3, 0x9f, 0xee, 
0xea, 0x10, 0x4e, 0x88, 0x0, 0x64, 0x80, 0xf8, 0xec, 0x64, 0x80, 0x98, 0x40, 
0xea, 0x10, 0x4e, 0x90, 0x0, 0x3, 0x2, 0x4f, 0xff, 0xed, 0x25, 0xe0, 0xff, 
0xea, 0x10, 0x4e, 0x98, 0x0, 0xec, 0x33, 0xfe, 0x74, 0xe2, 0x2f, 0xf5, 0x82, 
0xea, 0x10, 0x4e, 0xa0, 0x0, 0x74, 0x4, 0x3e, 0xf5, 0x83, 0xe0, 0xfc, 0xa3, 
0xea, 0x10, 0x4e, 0xa8, 0x0, 0xe0, 0x4c, 0x70, 0x14, 0x74, 0xf8, 0x2f, 0xf5, 
0xea, 0x10, 0x4e, 0xb0, 0x0, 0x82, 0x74, 0x4, 0x3e, 0xf5, 0x83, 0xe0, 0xfe, 
0xea, 0x10, 0x4e, 0xb8, 0x0, 0xa3, 0xe0, 0x4e, 0x70, 0x3, 0x2, 0x4f, 0xee, 
0xea, 0x10, 0x4e, 0xc0, 0x0, 0xe4, 0xfd, 0xfc, 0x90, 0x17, 0x9a, 0xe0, 0xff, 
0xea, 0x10, 0x4e, 0xc8, 0x0, 0xc3, 0xed, 0x9f, 0x74, 0x80, 0xf8, 0x6c, 0x98, 
0xea, 0x10, 0x4e, 0xd0, 0x0, 0x40, 0x3, 0x2, 0x4f, 0xee, 0xed, 0x25, 0xe0, 
0xea, 0x10, 0x4e, 0xd8, 0x0, 0xff, 0xec, 0x33, 0xfe, 0x74, 0xd4, 0x2f, 0xf5, 
0xea, 0x10, 0x4e, 0xe0, 0x0, 0x82, 0x74, 0x4, 0x3e, 0xf5, 0x83, 0xe0, 0xfe, 
0xea, 0x10, 0x4e, 0xe8, 0x0, 0xa3, 0xe0, 0x4e, 0x60, 0x3, 0x2, 0x4f, 0xe6, 
0xea, 0x10, 0x4e, 0xf0, 0x0, 0x90, 0x9, 0x34, 0xe0, 0x25, 0xe0, 0xff, 0x90, 
0xea, 0x10, 0x4e, 0xf8, 0x0, 0x9, 0x33, 0xe0, 0x33, 0xfe, 0x74, 0xe2, 0x2f, 
0xea, 0x10, 0x4f, 0x0, 0x0, 0xf5, 0x82, 0x74, 0x4, 0x3e, 0xf5, 0x83, 0xe0, 
0xea, 0x10, 0x4f, 0x8, 0x0, 0xfa, 0xa3, 0xe0, 0xfb, 0xed, 0x25, 0xe0, 0xff, 
0xea, 0x10, 0x4f, 0x10, 0x0, 0xec, 0x33, 0xfe, 0x74, 0xb2, 0x2f, 0xf5, 0x82, 
0xea, 0x10, 0x4f, 0x18, 0x0, 0x74, 0x5, 0x3e, 0xf5, 0x83, 0xea, 0xf0, 0xa3, 
0xea, 0x10, 0x4f, 0x20, 0x0, 0xeb, 0xf0, 0x90, 0x9, 0x34, 0xe0, 0x25, 0xe0, 
0xea, 0x10, 0x4f, 0x28, 0x0, 0xff, 0x90, 0x9, 0x33, 0xe0, 0x33, 0xfe, 0x74, 
0xea, 0x10, 0x4f, 0x30, 0x0, 0xf8, 0x2f, 0xf5, 0x82, 0x74, 0x4, 0x3e, 0xf5, 
0xea, 0x10, 0x4f, 0x38, 0x0, 0x83, 0xe0, 0xfa, 0xa3, 0xe0, 0xfb, 0xed, 0x25, 
0xea, 0x10, 0x4f, 0x40, 0x0, 0xe0, 0xff, 0xec, 0x33, 0xfe, 0x74, 0xbe, 0x2f, 
0xea, 0x10, 0x4f, 0x48, 0x0, 0xf5, 0x82, 0x74, 0x5, 0x3e, 0xf5, 0x83, 0xea, 
0xea, 0x10, 0x4f, 0x50, 0x0, 0xf0, 0xa3, 0xeb, 0xf0, 0xc3, 0x90, 0x4, 0x6f, 
0xea, 0x10, 0x4f, 0x58, 0x0, 0xe0, 0x94, 0x1, 0x90, 0x4, 0x6e, 0xe0, 0x64, 
0xea, 0x10, 0x4f, 0x60, 0x0, 0x80, 0x94, 0x80, 0x50, 0x49, 0x90, 0x5, 0xe0, 
0xea, 0x10, 0x4f, 0x68, 0x0, 0xe0, 0x70, 0x4, 0xa3, 0xe0, 0x64, 0x1, 0x70, 
0xea, 0x10, 0x4f, 0x70, 0x0, 0x26, 0xed, 0x25, 0xe0, 0xff, 0xec, 0x33, 0xfe, 
0xea, 0x10, 0x4f, 0x78, 0x0, 0x74, 0xc2, 0x2f, 0xf5, 0x82, 0x74, 0x4, 0x3e, 
0xea, 0x10, 0x4f, 0x80, 0x0, 0xf5, 0x83, 0xe4, 0xf0, 0xa3, 0xf0, 0x74, 0xd4, 
0xea, 0x10, 0x4f, 0x88, 0x0, 0x2f, 0xf5, 0x82, 0x74, 0x4, 0x3e, 0xf5, 0x83, 
0xea, 0x10, 0x4f, 0x90, 0x0, 0xe4, 0xf0, 0xa3, 0x4, 0xf0, 0x80, 0x57, 0xed, 
0xea, 0x10, 0x4f, 0x98, 0x0, 0x25, 0xe0, 0xff, 0xec, 0x33, 0xfe, 0x74, 0xc2, 
0xea, 0x10, 0x4f, 0xa0, 0x0, 0x2f, 0xf5, 0x82, 0x74, 0x4, 0x3e, 0xf5, 0x83, 
0xea, 0x10, 0x4f, 0xa8, 0x0, 0xe4, 0xf0, 0xa3, 0x4, 0x80, 0x25, 0xd3, 0x90, 
0xea, 0x10, 0x4f, 0xb0, 0x0, 0x5, 0xe1, 0xe0, 0x94, 0x1, 0x90, 0x5, 0xe0, 
0xea, 0x10, 0x4f, 0xb8, 0x0, 0xe0, 0x64, 0x80, 0x94, 0x80, 0xed, 0x25, 0xe0, 
0xea, 0x10, 0x4f, 0xc0, 0x0, 0xff, 0xec, 0x33, 0xfe, 0x74, 0xc2, 0x2f, 0xf5, 
0xea, 0x10, 0x4f, 0xc8, 0x0, 0x82, 0x74, 0x4, 0x3e, 0xf5, 0x83, 0xe4, 0xf0, 
0xea, 0x10, 0x4f, 0xd0, 0x0, 0xa3, 0x74, 0x2, 0xf0, 0x74, 0xd4, 0x2f, 0xf5, 
0xea, 0x10, 0x4f, 0xd8, 0x0, 0x82, 0x74, 0x4, 0x3e, 0xf5, 0x83, 0xe4, 0xf0, 
0xea, 0x10, 0x4f, 0xe0, 0x0, 0xa3, 0x74, 0x2, 0xf0, 0x80, 0x8, 0xd, 0xbd, 
0xea, 0x10, 0x4f, 0xe8, 0x0, 0x0, 0x1, 0xc, 0x2, 0x4e, 0xc3, 0x90, 0x9, 
0xea, 0x10, 0x4f, 0xf0, 0x0, 0x34, 0xe0, 0x4, 0xf0, 0x70, 0x6, 0x90, 0x9, 
0xea, 0x10, 0x4f, 0xf8, 0x0, 0x33, 0xe0, 0x4, 0xf0, 0x2, 0x4e, 0x75, 0x22, 
0xea, 0x10, 0x50, 0x0, 0x0, 0x90, 0x17, 0x94, 0xe0, 0xb4, 0xff, 0x2, 0xe4, 
0xea, 0x10, 0x50, 0x8, 0x0, 0xf0, 0x90, 0x17, 0xa6, 0xe0, 0xf4, 0x70, 0x3, 
0xea, 0x10, 0x50, 0x10, 0x0, 0x2, 0x50, 0xaf, 0x90, 0x17, 0xba, 0xe0, 0x54, 
0xea, 0x10, 0x50, 0x18, 0x0, 0x1f, 0xff, 0x90, 0x17, 0xa4, 0xe0, 0x54, 0xe0, 
0xea, 0x10, 0x50, 0x20, 0x0, 0x4f, 0x90, 0x17, 0xf1, 0xf0, 0x90, 0x17, 0xa5, 
0xea, 0x10, 0x50, 0x28, 0x0, 0xe0, 0x54, 0x1f, 0x90, 0x17, 0xf0, 0xf0, 0x90, 
0xea, 0x10, 0x50, 0x30, 0x0, 0x17, 0xa6, 0xe0, 0x54, 0xf, 0x90, 0x17, 0xf2, 
0xea, 0x10, 0x50, 0x38, 0x0, 0xf0, 0x90, 0x17, 0x9f, 0xe0, 0x90, 0x17, 0xf3, 
0xea, 0x10, 0x50, 0x40, 0x0, 0xf0, 0x90, 0x17, 0x98, 0xe0, 0x90, 0x17, 0xf4, 
0xea, 0x10, 0x50, 0x48, 0x0, 0xf0, 0x90, 0x17, 0xa0, 0xe0, 0x90, 0x17, 0xf5, 
0xea, 0x10, 0x50, 0x50, 0x0, 0xf0, 0x90, 0x17, 0x99, 0xe0, 0x90, 0x17, 0xf6, 
0xea, 0x10, 0x50, 0x58, 0x0, 0xf0, 0x90, 0x17, 0xca, 0xe0, 0xff, 0xa3, 0xe0, 
0xea, 0x10, 0x50, 0x60, 0x0, 0xfd, 0xa3, 0xe0, 0xfb, 0xa3, 0xe0, 0x90, 0x9, 
0xea, 0x10, 0x50, 0x68, 0x0, 0xb, 0xf0, 0x90, 0x17, 0xce, 0xe0, 0x90, 0x9, 
0xea, 0x10, 0x50, 0x70, 0x0, 0xc, 0xf0, 0x90, 0x17, 0xcf, 0xe0, 0x90, 0x9, 
0xea, 0x10, 0x50, 0x78, 0x0, 0xd, 0xf0, 0x90, 0x17, 0xd0, 0xe0, 0x90, 0x9, 
0xea, 0x10, 0x50, 0x80, 0x0, 0xe, 0xf0, 0x90, 0x17, 0xd1, 0xe0, 0x90, 0x9, 
0xea, 0x10, 0x50, 0x88, 0x0, 0xf, 0xf0, 0x90, 0x17, 0xd2, 0xe0, 0x90, 0x9, 
0xea, 0x10, 0x50, 0x90, 0x0, 0x10, 0xf0, 0x90, 0x17, 0xd3, 0xe0, 0x90, 0x9, 
0xea, 0x10, 0x50, 0x98, 0x0, 0x11, 0xf0, 0x90, 0x17, 0xd4, 0xe0, 0x90, 0x9, 
0xea, 0x10, 0x50, 0xa0, 0x0, 0x12, 0xf0, 0x90, 0x17, 0xd5, 0xe0, 0x90, 0x9, 
0xea, 0x10, 0x50, 0xa8, 0x0, 0x13, 0xf0, 0x12, 0x51, 0x86, 0x80, 0x40, 0x90, 
0xea, 0x10, 0x50, 0xb0, 0x0, 0x17, 0xa4, 0x74, 0x80, 0xf0, 0xa3, 0x74, 0xf, 
0xea, 0x10, 0x50, 0xb8, 0x0, 0xf0, 0xa3, 0xf0, 0xe4, 0x90, 0x17, 0x9f, 0xf0, 
0xea, 0x10, 0x50, 0xc0, 0x0, 0x90, 0x17, 0x98, 0x74, 0x17, 0xf0, 0xe4, 0x90, 
0xea, 0x10, 0x50, 0xc8, 0x0, 0x17, 0xa0, 0xf0, 0x90, 0x17, 0x99, 0x74, 0xc, 
0xea, 0x10, 0x50, 0xd0, 0x0, 0xf0, 0x90, 0x17, 0xf1, 0x74, 0x80, 0xf0, 0x90, 
0xea, 0x10, 0x50, 0xd8, 0x0, 0x17, 0xf0, 0x74, 0xf, 0xf0, 0x90, 0x17, 0xf2, 
0xea, 0x10, 0x50, 0xe0, 0x0, 0xf0, 0xe4, 0xa3, 0xf0, 0xa3, 0x74, 0x17, 0xf0, 
0xea, 0x10, 0x50, 0xe8, 0x0, 0xe4, 0xa3, 0xf0, 0xa3, 0x74, 0xc, 0xf0, 0x90, 
0xea, 0x10, 0x50, 0xf0, 0x0, 0x17, 0x9f, 0xe0, 0xff, 0x90, 0x17, 0x98, 0xe0, 
0xea, 0x10, 0x50, 0xf8, 0x0, 0x2f, 0xff, 0xe4, 0x33, 0xfe, 0xd3, 0xef, 0x94, 
0xea, 0x10, 0x51, 0x0, 0x0, 0x17, 0xee, 0x64, 0x80, 0x94, 0x80, 0x40, 0xc, 
0xea, 0x10, 0x51, 0x8, 0x0, 0x90, 0x17, 0x9f, 0xe0, 0xff, 0x74, 0x17, 0x9f, 
0xea, 0x10, 0x51, 0x10, 0x0, 0x90, 0x17, 0x98, 0xf0, 0x90, 0x17, 0xa0, 0xe0, 
0xea, 0x10, 0x51, 0x18, 0x0, 0xff, 0x90, 0x17, 0x99, 0xe0, 0x2f, 0xff, 0xe4, 
0xea, 0x10, 0x51, 0x20, 0x0, 0x33, 0xfe, 0xd3, 0xef, 0x94, 0xc, 0xee, 0x64, 
0xea, 0x10, 0x51, 0x28, 0x0, 0x80, 0x94, 0x80, 0x40, 0xc, 0x90, 0x17, 0xa0, 
0xea, 0x10, 0x51, 0x30, 0x0, 0xe0, 0xff, 0x74, 0xc, 0x9f, 0x90, 0x17, 0x99, 
0xea, 0x10, 0x51, 0x38, 0x0, 0xf0, 0x90, 0x17, 0xf3, 0xe0, 0x90, 0x5, 0x46, 
0xea, 0x10, 0x51, 0x40, 0x0, 0xf0, 0x90, 0x17, 0xf5, 0xe0, 0x90, 0x5, 0xc, 
0xea, 0x10, 0x51, 0x48, 0x0, 0xf0, 0x90, 0x17, 0xf4, 0xe0, 0x90, 0x4, 0xe0, 
0xea, 0x10, 0x51, 0x50, 0x0, 0xf0, 0x90, 0x17, 0xf6, 0xe0, 0x90, 0x4, 0xc1, 
0xea, 0x10, 0x51, 0x58, 0x0, 0xf0, 0x90, 0x4, 0xe0, 0xe0, 0xff, 0x90, 0x5, 
0xea, 0x10, 0x51, 0x60, 0x0, 0x46, 0xe0, 0x2f, 0x14, 0xff, 0x90, 0x4, 0xbc, 
0xea, 0x10, 0x51, 0x68, 0x0, 0xf0, 0x90, 0x4, 0xc1, 0xe0, 0xfe, 0x90, 0x5, 
0xea, 0x10, 0x51, 0x70, 0x0, 0xc, 0xe0, 0x2e, 0x14, 0xfe, 0x90, 0x4, 0x71, 
0xea, 0x10, 0x51, 0x78, 0x0, 0xf0, 0xef, 0x4, 0x90, 0x4, 0xbd, 0xf0, 0xee, 
0xea, 0x10, 0x51, 0x80, 0x0, 0x4, 0x90, 0x4, 0xb6, 0xf0, 0x22, 0xef, 0x33, 
0xea, 0x10, 0x51, 0x88, 0x0, 0x95, 0xe0, 0xfe, 0xef, 0x78, 0x3, 0xc3, 0x33, 
0xea, 0x10, 0x51, 0x90, 0x0, 0xce, 0x33, 0xce, 0xd8, 0xf9, 0x24, 0x0, 0xff, 
0xea, 0x10, 0x51, 0x98, 0x0, 0xee, 0x34, 0x4, 0x90, 0x8, 0xad, 0xf0, 0xa3, 
0xea, 0x10, 0x51, 0xa0, 0x0, 0xef, 0xf0, 0xaf, 0x5, 0xef, 0x33, 0x95, 0xe0, 
0xea, 0x10, 0x51, 0xa8, 0x0, 0xfe, 0xef, 0x78, 0x3, 0xc3, 0x33, 0xce, 0x33, 
0xea, 0x10, 0x51, 0xb0, 0x0, 0xce, 0xd8, 0xf9, 0x24, 0x0, 0xff, 0xee, 0x34, 
0xea, 0x10, 0x51, 0xb8, 0x0, 0x4, 0x90, 0x8, 0xbc, 0xf0, 0xa3, 0xef, 0xf0, 
0xea, 0x10, 0x51, 0xc0, 0x0, 0xaf, 0x3, 0xef, 0x33, 0x95, 0xe0, 0xfe, 0xef, 
0xea, 0x10, 0x51, 0xc8, 0x0, 0x78, 0x3, 0xc3, 0x33, 0xce, 0x33, 0xce, 0xd8, 
0xea, 0x10, 0x51, 0xd0, 0x0, 0xf9, 0x24, 0x0, 0xff, 0xee, 0x34, 0x4, 0x90, 
0xea, 0x10, 0x51, 0xd8, 0x0, 0x8, 0x2d, 0xf0, 0xa3, 0xef, 0xf0, 0x90, 0x9, 
0xea, 0x10, 0x51, 0xe0, 0x0, 0xb, 0xe0, 0xff, 0x33, 0x95, 0xe0, 0xfe, 0xef, 
0xea, 0x10, 0x51, 0xe8, 0x0, 0x78, 0x3, 0xc3, 0x33, 0xce, 0x33, 0xce, 0xd8, 
0xea, 0x10, 0x51, 0xf0, 0x0, 0xf9, 0x24, 0x0, 0xff, 0xee, 0x34, 0x4, 0x90, 
0xea, 0x10, 0x51, 0xf8, 0x0, 0x8, 0xb3, 0xf0, 0xa3, 0xef, 0xf0, 0x90, 0x9, 
0xea, 0x10, 0x52, 0x0, 0x0, 0xc, 0xe0, 0xff, 0x33, 0x95, 0xe0, 0xfe, 0xef, 
0xea, 0x10, 0x52, 0x8, 0x0, 0x78, 0x3, 0xc3, 0x33, 0xce, 0x33, 0xce, 0xd8, 
0xea, 0x10, 0x52, 0x10, 0x0, 0xf9, 0x24, 0x0, 0xff, 0xee, 0x34, 0x4, 0x90, 
0xea, 0x10, 0x52, 0x18, 0x0, 0x8, 0xc1, 0xf0, 0xa3, 0xef, 0xf0, 0x90, 0x9, 
0xea, 0x10, 0x52, 0x20, 0x0, 0xd, 0xe0, 0xff, 0x33, 0x95, 0xe0, 0xfe, 0xef, 
0xea, 0x10, 0x52, 0x28, 0x0, 0x78, 0x3, 0xc3, 0x33, 0xce, 0x33, 0xce, 0xd8, 
0xea, 0x10, 0x52, 0x30, 0x0, 0xf9, 0x24, 0x0, 0xff, 0xee, 0x34, 0x4, 0x90, 
0xea, 0x10, 0x52, 0x38, 0x0, 0x8, 0x31, 0xf0, 0xa3, 0xef, 0xf0, 0x90, 0x9, 
0xea, 0x10, 0x52, 0x40, 0x0, 0xe, 0xe0, 0xff, 0x33, 0x95, 0xe0, 0xfe, 0xef, 
0xea, 0x10, 0x52, 0x48, 0x0, 0x78, 0x3, 0xc3, 0x33, 0xce, 0x33, 0xce, 0xd8, 
0xea, 0x10, 0x52, 0x50, 0x0, 0xf9, 0x24, 0x0, 0xff, 0xee, 0x34, 0x4, 0x90, 
0xea, 0x10, 0x52, 0x58, 0x0, 0x8, 0xb1, 0xf0, 0xa3, 0xef, 0xf0, 0x90, 0x9, 
0xea, 0x10, 0x52, 0x60, 0x0, 0xf, 0xe0, 0xff, 0x33, 0x95, 0xe0, 0xfe, 0xef, 
0xea, 0x10, 0x52, 0x68, 0x0, 0x78, 0x3, 0xc3, 0x33, 0xce, 0x33, 0xce, 0xd8, 
0xea, 0x10, 0x52, 0x70, 0x0, 0xf9, 0x24, 0x0, 0xff, 0xee, 0x34, 0x4, 0x90, 
0xea, 0x10, 0x52, 0x78, 0x0, 0x8, 0xbf, 0xf0, 0xa3, 0xef, 0xf0, 0x90, 0x9, 
0xea, 0x10, 0x52, 0x80, 0x0, 0x10, 0xe0, 0xff, 0x33, 0x95, 0xe0, 0xfe, 0xef, 
0xea, 0x10, 0x52, 0x88, 0x0, 0x78, 0x3, 0xc3, 0x33, 0xce, 0x33, 0xce, 0xd8, 
0xea, 0x10, 0x52, 0x90, 0x0, 0xf9, 0x24, 0x0, 0xff, 0xee, 0x34, 0x4, 0x90, 
0xea, 0x10, 0x52, 0x98, 0x0, 0x8, 0x2f, 0xf0, 0xa3, 0xef, 0xf0, 0x90, 0x9, 
0xea, 0x10, 0x52, 0xa0, 0x0, 0x11, 0xe0, 0xff, 0x33, 0x95, 0xe0, 0xfe, 0xef, 
0xea, 0x10, 0x52, 0xa8, 0x0, 0x78, 0x3, 0xc3, 0x33, 0xce, 0x33, 0xce, 0xd8, 
0xea, 0x10, 0x52, 0xb0, 0x0, 0xf9, 0x24, 0x0, 0xff, 0xee, 0x34, 0x4, 0x90, 
0xea, 0x10, 0x52, 0xb8, 0x0, 0x8, 0xb5, 0xf0, 0xa3, 0xef, 0xf0, 0x90, 0x9, 
0xea, 0x10, 0x52, 0xc0, 0x0, 0x12, 0xe0, 0xff, 0x33, 0x95, 0xe0, 0xfe, 0xef, 
0xea, 0x10, 0x52, 0xc8, 0x0, 0x78, 0x3, 0xc3, 0x33, 0xce, 0x33, 0xce, 0xd8, 
0xea, 0x10, 0x52, 0xd0, 0x0, 0xf9, 0x24, 0x0, 0xff, 0xee, 0x34, 0x4, 0x90, 
0xea, 0x10, 0x52, 0xd8, 0x0, 0x8, 0xc3, 0xf0, 0xa3, 0xef, 0xf0, 0x90, 0x9, 
0xea, 0x10, 0x52, 0xe0, 0x0, 0x13, 0xe0, 0xff, 0x33, 0x95, 0xe0, 0xfe, 0xef, 
0xea, 0x10, 0x52, 0xe8, 0x0, 0x78, 0x3, 0xc3, 0x33, 0xce, 0x33, 0xce, 0xd8, 
0xea, 0x10, 0x52, 0xf0, 0x0, 0xf9, 0x24, 0x0, 0xff, 0xee, 0x34, 0x4, 0x90, 
0xea, 0x10, 0x52, 0xf8, 0x0, 0x8, 0x33, 0xf0, 0xa3, 0xef, 0xf0, 0x22, 0xe4, 
0xea, 0x10, 0x53, 0x0, 0x0, 0xfd, 0xfc, 0xd3, 0x90, 0x5, 0xe1, 0xe0, 0x9d, 
0xea, 0x10, 0x53, 0x8, 0x0, 0xec, 0x64, 0x80, 0xf8, 0x90, 0x5, 0xe0, 0xe0, 
0xea, 0x10, 0x53, 0x10, 0x0, 0x64, 0x80, 0x98, 0x50, 0x3, 0x2, 0x54, 0x6d, 
0xea, 0x10, 0x53, 0x18, 0x0, 0xed, 0x25, 0xe0, 0xff, 0xec, 0x33, 0xfe, 0x74, 
0xea, 0x10, 0x53, 0x20, 0x0, 0xe2, 0x2f, 0xf5, 0x82, 0x74, 0x4, 0x3e, 0xf5, 
0xea, 0x10, 0x53, 0x28, 0x0, 0x83, 0xe0, 0xfa, 0xa3, 0xe0, 0x4a, 0x70, 0x14, 
0xea, 0x10, 0x53, 0x30, 0x0, 0x74, 0xf8, 0x2f, 0xf5, 0x82, 0x74, 0x4, 0x3e, 
0xea, 0x10, 0x53, 0x38, 0x0, 0xf5, 0x83, 0xe0, 0xfe, 0xa3, 0xe0, 0x4e, 0x70, 
0xea, 0x10, 0x53, 0x40, 0x0, 0x3, 0x2, 0x54, 0x65, 0xe4, 0x90, 0x9, 0x33, 
0xea, 0x10, 0x53, 0x48, 0x0, 0xf0, 0xa3, 0xf0, 0x90, 0x9, 0x33, 0xe0, 0xfe, 
0xea, 0x10, 0x53, 0x50, 0x0, 0xa3, 0xe0, 0xff, 0xc3, 0x94, 0x6, 0xee, 0x64, 
0xea, 0x10, 0x53, 0x58, 0x0, 0x80, 0x94, 0x80, 0x40, 0x3, 0x2, 0x54, 0x65, 
0xea, 0x10, 0x53, 0x60, 0x0, 0x74, 0xf2, 0x2f, 0xf5, 0x82, 0x74, 0x4, 0x3e, 
0xea, 0x10, 0x53, 0x68, 0x0, 0xf5, 0x83, 0xe0, 0x70, 0x3, 0x2, 0x54, 0x51, 
0xea, 0x10, 0x53, 0x70, 0x0, 0x90, 0x9, 0x34, 0xe0, 0x25, 0xe0, 0xff, 0x90, 
0xea, 0x10, 0x53, 0x78, 0x0, 0x9, 0x33, 0xe0, 0x33, 0xfe, 0x74, 0x87, 0x2f, 
0xea, 0x10, 0x53, 0x80, 0x0, 0xf5, 0x82, 0x74, 0x5, 0x3e, 0xf5, 0x83, 0xe0, 
0xea, 0x10, 0x53, 0x88, 0x0, 0xfa, 0xa3, 0xe0, 0xfb, 0xed, 0x25, 0xe0, 0xff, 
0xea, 0x10, 0x53, 0x90, 0x0, 0xec, 0x33, 0xfe, 0x74, 0xe2, 0x2f, 0xf5, 0x82, 
0xea, 0x10, 0x53, 0x98, 0x0, 0x74, 0x4, 0x3e, 0xf5, 0x83, 0xe0, 0xfe, 0xa3, 
0xea, 0x10, 0x53, 0xa0, 0x0, 0xe0, 0xc3, 0x9b, 0xff, 0xee, 0x9a, 0x90, 0x9, 
0xea, 0x10, 0x53, 0xa8, 0x0, 0x35, 0xf0, 0xa3, 0xef, 0xf0, 0x90, 0x9, 0x34, 
0xea, 0x10, 0x53, 0xb0, 0x0, 0xe0, 0x25, 0xe0, 0xff, 0x90, 0x9, 0x33, 0xe0, 
0xea, 0x10, 0x53, 0xb8, 0x0, 0x33, 0xfe, 0x74, 0x93, 0x2f, 0xf5, 0x82, 0x74, 
0xea, 0x10, 0x53, 0xc0, 0x0, 0x5, 0x3e, 0xf5, 0x83, 0xe0, 0xfa, 0xa3, 0xe0, 
0xea, 0x10, 0x53, 0xc8, 0x0, 0xfb, 0xed, 0x25, 0xe0, 0xff, 0xec, 0x33, 0xfe, 
0xea, 0x10, 0x53, 0xd0, 0x0, 0x74, 0xf8, 0x2f, 0xf5, 0x82, 0x74, 0x4, 0x3e, 
0xea, 0x10, 0x53, 0xd8, 0x0, 0xf5, 0x83, 0xe0, 0xfe, 0xa3, 0xe0, 0xc3, 0x9b, 
0xea, 0x10, 0x53, 0xe0, 0x0, 0xff, 0xee, 0x9a, 0xfe, 0x90, 0x9, 0x35, 0xe0, 
0xea, 0x10, 0x53, 0xe8, 0x0, 0xfa, 0xa3, 0xe0, 0xfb, 0xc3, 0xea, 0x64, 0x80, 
0xea, 0x10, 0x53, 0xf0, 0x0, 0x94, 0x80, 0x50, 0xd, 0xc3, 0xe4, 0x9b, 0xfb, 
0xea, 0x10, 0x53, 0xf8, 0x0, 0xe4, 0x9a, 0x90, 0x9, 0x35, 0xf0, 0xa3, 0xeb, 
0xea, 0x10, 0x54, 0x0, 0x0, 0xf0, 0xc3, 0xee, 0x64, 0x80, 0x94, 0x80, 0x50, 
0xea, 0x10, 0x54, 0x8, 0x0, 0x7, 0xc3, 0xe4, 0x9f, 0xff, 0xe4, 0x9e, 0xfe, 
0xea, 0x10, 0x54, 0x10, 0x0, 0xc3, 0x90, 0x9, 0x36, 0xe0, 0x94, 0x2, 0x90, 
0xea, 0x10, 0x54, 0x18, 0x0, 0x9, 0x35, 0xe0, 0x64, 0x80, 0x94, 0x80, 0x50, 
0xea, 0x10, 0x54, 0x20, 0x0, 0x30, 0xc3, 0xef, 0x94, 0x2, 0xee, 0x64, 0x80, 
0xea, 0x10, 0x54, 0x28, 0x0, 0x94, 0x80, 0x50, 0x25, 0xed, 0x25, 0xe0, 0xff, 
0xea, 0x10, 0x54, 0x30, 0x0, 0xec, 0x33, 0xfe, 0x74, 0xe2, 0x2f, 0xf5, 0x82, 
0xea, 0x10, 0x54, 0x38, 0x0, 0x74, 0x4, 0x3e, 0xf5, 0x83, 0xe4, 0xf0, 0xa3, 
0xea, 0x10, 0x54, 0x40, 0x0, 0xf0, 0x74, 0xf8, 0x2f, 0xf5, 0x82, 0x74, 0x4, 
0xea, 0x10, 0x54, 0x48, 0x0, 0x3e, 0xf5, 0x83, 0xe4, 0xf0, 0xa3, 0xf0, 0x80, 
0xea, 0x10, 0x54, 0x50, 0x0, 0x14, 0x90, 0x9, 0x34, 0xe0, 0x4, 0xf0, 0x60, 
0xea, 0x10, 0x54, 0x58, 0x0, 0x3, 0x2, 0x53, 0x4b, 0x90, 0x9, 0x33, 0xe0, 
0xea, 0x10, 0x54, 0x60, 0x0, 0x4, 0xf0, 0x2, 0x53, 0x4b, 0xd, 0xbd, 0x0, 
0xea, 0x10, 0x54, 0x68, 0x0, 0x1, 0xc, 0x2, 0x53, 0x2, 0x22, 0x90, 0x9, 
0xea, 0x10, 0x54, 0x70, 0x0, 0x4, 0x74, 0x1, 0xf0, 0xa3, 0x74, 0x8, 0xf0, 
0xea, 0x10, 0x54, 0x78, 0x0, 0xa3, 0x74, 0x23, 0xf0, 0x90, 0x8, 0x23, 0xe0, 
0xea, 0x10, 0x54, 0x80, 0x0, 0xfe, 0xa3, 0xe0, 0x8e, 0xf0, 0x12, 0x1d, 0x22, 
0xea, 0x10, 0x54, 0x88, 0x0, 0x54, 0xc8, 0xe, 0x23, 0x54, 0xef, 0xe, 0x24, 
0xea, 0x10, 0x54, 0x90, 0x0, 0x55, 0x13, 0xe, 0x25, 0x55, 0x34, 0xe, 0x30, 
0xea, 0x10, 0x54, 0x98, 0x0, 0x55, 0x5f, 0xe, 0x41, 0x54, 0xa4, 0xf, 0x5, 
0xea, 0x10, 0x54, 0xa0, 0x0, 0x0, 0x0, 0x55, 0x13, 0x12, 0x6d, 0x49, 0x90, 
0xea, 0x10, 0x54, 0xa8, 0x0, 0x9, 0x4, 0xe0, 0xfb, 0xa3, 0xe0, 0xfa, 0xa3, 
0xea, 0x10, 0x54, 0xb0, 0x0, 0xe0, 0xf9, 0x12, 0x1b, 0x46, 0xff, 0x90, 0x0, 
0xea, 0x10, 0x54, 0xb8, 0x0, 0x1, 0x12, 0x1b, 0x5f, 0xfd, 0x90, 0x9, 0xa, 
0xea, 0x10, 0x54, 0xc0, 0x0, 0x74, 0x1, 0xf0, 0xe4, 0xfb, 0x2, 0x55, 0xc8, 
0xea, 0x10, 0x54, 0xc8, 0x0, 0x12, 0x73, 0x5, 0x12, 0x72, 0x88, 0x90, 0x9, 
0xea, 0x10, 0x54, 0xd0, 0x0, 0x4, 0xe0, 0xfb, 0xa3, 0xe0, 0xfa, 0xa3, 0xe0, 
0xea, 0x10, 0x54, 0xd8, 0x0, 0xf9, 0x12, 0x1b, 0x46, 0xff, 0x90, 0x0, 0x1, 
0xea, 0x10, 0x54, 0xe0, 0x0, 0x12, 0x1b, 0x5f, 0xfd, 0x90, 0x9, 0xa, 0x74, 
0xea, 0x10, 0x54, 0xe8, 0x0, 0xa, 0xf0, 0x7b, 0xa0, 0x2, 0x55, 0xc8, 0x12, 
0xea, 0x10, 0x54, 0xf0, 0x0, 0x72, 0xcf, 0x90, 0x9, 0x4, 0xe0, 0xfb, 0xa3, 
0xea, 0x10, 0x54, 0xf8, 0x0, 0xe0, 0xfa, 0xa3, 0xe0, 0xf9, 0x12, 0x1b, 0x46, 
0xea, 0x10, 0x55, 0x0, 0x0, 0xff, 0x90, 0x0, 0x1, 0x12, 0x1b, 0x5f, 0xfd, 
0xea, 0x10, 0x55, 0x8, 0x0, 0x90, 0x9, 0xa, 0x74, 0xa, 0xf0, 0x7b, 0xa0, 
0xea, 0x10, 0x55, 0x10, 0x0, 0x2, 0x55, 0xc8, 0x90, 0x9, 0x4, 0xe0, 0xfb, 
0xea, 0x10, 0x55, 0x18, 0x0, 0xa3, 0xe0, 0xfa, 0xa3, 0xe0, 0xf9, 0x12, 0x1b, 
0xea, 0x10, 0x55, 0x20, 0x0, 0x46, 0xff, 0x90, 0x0, 0x1, 0x12, 0x1b, 0x5f, 
0xea, 0x10, 0x55, 0x28, 0x0, 0xfd, 0x90, 0x9, 0xa, 0x74, 0xa, 0xf0, 0x7b, 
0xea, 0x10, 0x55, 0x30, 0x0, 0xa0, 0x2, 0x55, 0xc8, 0x7d, 0x1, 0x7c, 0x0, 
0xea, 0x10, 0x55, 0x38, 0x0, 0x7f, 0x1, 0x7e, 0x0, 0x12, 0x60, 0x20, 0x90, 
0xea, 0x10, 0x55, 0x40, 0x0, 0x9, 0x4, 0xe0, 0xfb, 0xa3, 0xe0, 0xfa, 0xa3, 
0xea, 0x10, 0x55, 0x48, 0x0, 0xe0, 0xf9, 0x12, 0x1b, 0x46, 0xff, 0x90, 0x0, 
0xea, 0x10, 0x55, 0x50, 0x0, 0x1, 0x12, 0x1b, 0x5f, 0xfd, 0x90, 0x9, 0xa, 
0xea, 0x10, 0x55, 0x58, 0x0, 0x74, 0xb, 0xf0, 0x7b, 0xb0, 0x80, 0x69, 0x90, 
0xea, 0x10, 0x55, 0x60, 0x0, 0x8, 0x36, 0xe0, 0x70, 0x21, 0x90, 0x17, 0xa5, 
0xea, 0x10, 0x55, 0x68, 0x0, 0xe0, 0xff, 0xa3, 0xe0, 0xfd, 0x12, 0x62, 0xd7, 
0xea, 0x10, 0x55, 0x70, 0x0, 0x12, 0x73, 0x4d, 0x12, 0x73, 0x2a, 0x12, 0x50, 
0xea, 0x10, 0x55, 0x78, 0x0, 0x0, 0x12, 0x68, 0x93, 0x12, 0x72, 0xe4, 0xe4, 
0xea, 0x10, 0x55, 0x80, 0x0, 0x90, 0x8, 0x21, 0xf0, 0x80, 0x21, 0x90, 0x8, 
0xea, 0x10, 0x55, 0x88, 0x0, 0x36, 0xe0, 0xb4, 0x1, 0xb, 0xe4, 0xfd, 0xfc, 
0xea, 0x10, 0x55, 0x90, 0x0, 0x7f, 0x1, 0xfe, 0x12, 0x60, 0x20, 0x80, 0xf, 
0xea, 0x10, 0x55, 0x98, 0x0, 0x90, 0x8, 0x36, 0xe0, 0xb4, 0x2, 0x8, 0x75, 
0xea, 0x10, 0x55, 0xa0, 0x0, 0x86, 0x7f, 0x12, 0x73, 0x5, 0x80, 0xfe, 0x90, 
0xea, 0x10, 0x55, 0xa8, 0x0, 0x9, 0x4, 0xe0, 0xfb, 0xa3, 0xe0, 0xfa, 0xa3, 
0xea, 0x10, 0x55, 0xb0, 0x0, 0xe0, 0xf9, 0x12, 0x1b, 0x46, 0xff, 0x90, 0x0, 
0xea, 0x10, 0x55, 0xb8, 0x0, 0x1, 0x12, 0x1b, 0x5f, 0xfd, 0x90, 0x8, 0x36, 
0xea, 0x10, 0x55, 0xc0, 0x0, 0xe0, 0xfb, 0x90, 0x9, 0xa, 0x74, 0xb, 0xf0, 
0xea, 0x10, 0x55, 0xc8, 0x0, 0x12, 0x71, 0xd0, 0x7f, 0x1, 0x12, 0x0, 0xe, 
0xea, 0x10, 0x55, 0xd0, 0x0, 0x22, 0x7e, 0x0, 0x7f, 0x2e, 0x7d, 0x0, 0x7b, 
0xea, 0x10, 0x55, 0xd8, 0x0, 0x1, 0x7a, 0x4, 0x79, 0x40, 0x12, 0x1d, 0x4f, 
0xea, 0x10, 0x55, 0xe0, 0x0, 0x7e, 0x0, 0x7f, 0x18, 0x7d, 0x0, 0x7b, 0x1, 
0xea, 0x10, 0x55, 0xe8, 0x0, 0x7a, 0x4, 0x79, 0x8, 0x12, 0x1d, 0x4f, 0xe4, 
0xea, 0x10, 0x55, 0xf0, 0x0, 0x90, 0x8, 0x23, 0xf0, 0xa3, 0xf0, 0x90, 0x8, 
0xea, 0x10, 0x55, 0xf8, 0x0, 0x38, 0xf0, 0x90, 0x8, 0x21, 0xf0, 0x90, 0x8, 
0xea, 0x10, 0x56, 0x0, 0x0, 0x25, 0xf0, 0x90, 0x8, 0x26, 0xf0, 0x90, 0x8, 
0xea, 0x10, 0x56, 0x8, 0x0, 0x64, 0xf0, 0x90, 0x8, 0x66, 0xf0, 0x90, 0x4, 
0xea, 0x10, 0x56, 0x10, 0x0, 0x22, 0xf0, 0x90, 0x4, 0xbe, 0xf0, 0x90, 0x4, 
0xea, 0x10, 0x56, 0x18, 0x0, 0x20, 0xf0, 0x90, 0x8, 0xac, 0xf0, 0x90, 0x8, 
0xea, 0x10, 0x56, 0x20, 0x0, 0x1d, 0xf0, 0x90, 0x8, 0x19, 0xf0, 0xa3, 0x4, 
0xea, 0x10, 0x56, 0x28, 0x0, 0xf0, 0xa3, 0xe4, 0xf0, 0xa3, 0x4, 0xf0, 0x90, 
0xea, 0x10, 0x56, 0x30, 0x0, 0x8, 0xfc, 0xe5, 0x81, 0xf0, 0x90, 0x8, 0x39, 
0xea, 0x10, 0x56, 0x38, 0x0, 0x74, 0x1, 0xf0, 0x90, 0x8, 0xa7, 0xe4, 0xf0, 
0xea, 0x10, 0x56, 0x40, 0x0, 0xa3, 0x74, 0x2, 0xf0, 0xe4, 0xf5, 0xa8, 0xf5, 
0xea, 0x10, 0x56, 0x48, 0x0, 0x9a, 0xc2, 0xae, 0xc2, 0xbe, 0xc2, 0x95, 0xc2, 
0xea, 0x10, 0x56, 0x50, 0x0, 0x94, 0xd2, 0x91, 0xd2, 0x90, 0x90, 0x17, 0x98, 
0xea, 0x10, 0x56, 0x58, 0x0, 0x74, 0x17, 0xf0, 0xa3, 0x74, 0xc, 0xf0, 0xa3, 
0xea, 0x10, 0x56, 0x60, 0x0, 0x74, 0x5, 0xf0, 0xe4, 0x90, 0x17, 0x90, 0xf0, 
0xea, 0x10, 0x56, 0x68, 0x0, 0xa3, 0xf0, 0xa3, 0xf0, 0xa3, 0x74, 0xd, 0xf0, 
0xea, 0x10, 0x56, 0x70, 0x0, 0x90, 0x17, 0xa5, 0x74, 0x6, 0xf0, 0xa3, 0x74, 
0xea, 0x10, 0x56, 0x78, 0x0, 0xf, 0xf0, 0xe4, 0x90, 0x17, 0xa3, 0xf0, 0x90, 
0xea, 0x10, 0x56, 0x80, 0x0, 0x17, 0x9f, 0xf0, 0xa3, 0xf0, 0x90, 0x17, 0xa4, 
0xea, 0x10, 0x56, 0x88, 0x0, 0x74, 0x80, 0xf0, 0xe4, 0x90, 0x17, 0xb6, 0xf0, 
0xea, 0x10, 0x56, 0x90, 0x0, 0x90, 0x17, 0xae, 0x74, 0x2, 0xf0, 0xa3, 0x74, 
0xea, 0x10, 0x56, 0x98, 0x0, 0x30, 0xf0, 0xa3, 0x74, 0x2, 0xf0, 0xa3, 0x74, 
0xea, 0x10, 0x56, 0xa0, 0x0, 0x30, 0xf0, 0x90, 0x17, 0xac, 0x74, 0x1, 0xf0, 
0xea, 0x10, 0x56, 0xa8, 0x0, 0xa3, 0x74, 0x40, 0xf0, 0x12, 0x71, 0x18, 0x90, 
0xea, 0x10, 0x56, 0xb0, 0x0, 0x17, 0xff, 0xe0, 0xb4, 0x66, 0x1a, 0x90, 0x17, 
0xea, 0x10, 0x56, 0xb8, 0x0, 0xfb, 0xe0, 0xb4, 0x22, 0x13, 0x75, 0xa8, 0xa0, 
0xea, 0x10, 0x56, 0xc0, 0x0, 0x90, 0x8, 0x39, 0x74, 0x1, 0xf0, 0x90, 0x8, 
0xea, 0x10, 0x56, 0xc8, 0x0, 0xa7, 0xe4, 0xf0, 0xa3, 0x74, 0x2, 0xf0, 0x22, 
0xea, 0x10, 0x56, 0xd0, 0x0, 0xe4, 0x90, 0x8, 0x39, 0xf0, 0x90, 0x8, 0xa7, 
0xea, 0x10, 0x56, 0xd8, 0x0, 0xf0, 0xa3, 0xf0, 0x75, 0x8a, 0xc4, 0x75, 0x8c, 
0xea, 0x10, 0x56, 0xe0, 0x0, 0xf8, 0x75, 0x89, 0x1, 0x75, 0x88, 0x15, 0x75, 
0xea, 0x10, 0x56, 0xe8, 0x0, 0xa8, 0xa0, 0x12, 0x72, 0xcf, 0x12, 0x50, 0x0, 
0xea, 0x10, 0x56, 0xf0, 0x0, 0x90, 0x17, 0xa5, 0xe0, 0xff, 0xa3, 0xe0, 0xfd, 
0xea, 0x10, 0x56, 0xf8, 0x0, 0x12, 0x62, 0xd7, 0x12, 0x73, 0x4d, 0x12, 0x73, 
0xea, 0x10, 0x57, 0x0, 0x0, 0x2a, 0x90, 0x17, 0xa3, 0xe0, 0x70, 0x9, 0x12, 
0xea, 0x10, 0x57, 0x8, 0x0, 0x50, 0x0, 0x12, 0x68, 0x93, 0x2, 0x72, 0xe4, 
0xea, 0x10, 0x57, 0x10, 0x0, 0x90, 0x8, 0x39, 0x74, 0x1, 0xf0, 0x90, 0x8, 
0xea, 0x10, 0x57, 0x18, 0x0, 0xa7, 0xe4, 0xf0, 0xa3, 0x74, 0x2, 0xf0, 0x90, 
0xea, 0x10, 0x57, 0x20, 0x0, 0x8, 0x21, 0x14, 0xf0, 0x22, 0x90, 0x9, 0x44, 
0xea, 0x10, 0x57, 0x28, 0x0, 0xee, 0xf0, 0xa3, 0xef, 0xf0, 0xa3, 0xec, 0xf0, 
0xea, 0x10, 0x57, 0x30, 0x0, 0xa3, 0xed, 0xf0, 0x90, 0x4, 0xe0, 0xe0, 0xff, 
0xea, 0x10, 0x57, 0x38, 0x0, 0x33, 0x95, 0xe0, 0xfe, 0xef, 0x24, 0xff, 0xff, 
0xea, 0x10, 0x57, 0x40, 0x0, 0xee, 0x34, 0xff, 0xfe, 0xef, 0x78, 0x6, 0xc3, 
0xea, 0x10, 0x57, 0x48, 0x0, 0x33, 0xce, 0x33, 0xce, 0xd8, 0xf9, 0xff, 0x90, 
0xea, 0x10, 0x57, 0x50, 0x0, 0x9, 0x4e, 0xee, 0xf0, 0xa3, 0xef, 0xf0, 0x90, 
0xea, 0x10, 0x57, 0x58, 0x0, 0x4, 0xc1, 0xe0, 0xff, 0x33, 0x95, 0xe0, 0xfe, 
0xea, 0x10, 0x57, 0x60, 0x0, 0xef, 0x24, 0xff, 0xff, 0xee, 0x34, 0xff, 0xfe, 
0xea, 0x10, 0x57, 0x68, 0x0, 0xef, 0x78, 0x6, 0xc3, 0x33, 0xce, 0x33, 0xce, 
0xea, 0x10, 0x57, 0x70, 0x0, 0xd8, 0xf9, 0xff, 0x90, 0x9, 0x50, 0xee, 0xf0, 
0xea, 0x10, 0x57, 0x78, 0x0, 0xa3, 0xef, 0xf0, 0x90, 0x9, 0x44, 0xe0, 0xfe, 
0xea, 0x10, 0x57, 0x80, 0x0, 0xa3, 0xe0, 0xff, 0xee, 0x33, 0x95, 0xe0, 0xfd, 
0xea, 0x10, 0x57, 0x88, 0x0, 0xfc, 0x90, 0x9, 0x54, 0x12, 0x1c, 0xd9, 0x90, 
0xea, 0x10, 0x57, 0x90, 0x0, 0x9, 0x46, 0xe0, 0xfe, 0xa3, 0xe0, 0xff, 0xee, 
0xea, 0x10, 0x57, 0x98, 0x0, 0x33, 0x95, 0xe0, 0xfd, 0xfc, 0x90, 0x9, 0x58, 
0xea, 0x10, 0x57, 0xa0, 0x0, 0x12, 0x1c, 0xd9, 0x90, 0x4, 0x27, 0xe0, 0x60, 
0xea, 0x10, 0x57, 0xa8, 0x0, 0x2f, 0x90, 0x9, 0x54, 0xa3, 0xa3, 0xe0, 0xfe, 
0xea, 0x10, 0x57, 0xb0, 0x0, 0xa3, 0xe0, 0x90, 0x5, 0x26, 0x12, 0x72, 0x11, 
0xea, 0x10, 0x57, 0xb8, 0x0, 0xee, 0x33, 0x95, 0xe0, 0xfd, 0xfc, 0x90, 0x9, 
0xea, 0x10, 0x57, 0xc0, 0x0, 0x54, 0x12, 0x1c, 0xd9, 0x90, 0x9, 0x58, 0xa3, 
0xea, 0x10, 0x57, 0xc8, 0x0, 0xa3, 0xe0, 0xfe, 0xa3, 0xe0, 0xff, 0x90, 0x5, 
0xea, 0x10, 0x57, 0xd0, 0x0, 0x28, 0xe0, 0xfc, 0xa3, 0xe0, 0xfd, 0x80, 0x65, 
0xea, 0x10, 0x57, 0xd8, 0x0, 0x90, 0x17, 0xc0, 0xe0, 0x90, 0x9, 0x54, 0x60, 
0xea, 0x10, 0x57, 0xe0, 0x0, 0x32, 0xa3, 0xa3, 0xe0, 0xfe, 0xa3, 0xe0, 0xff, 
0xea, 0x10, 0x57, 0xe8, 0x0, 0x90, 0x17, 0xbc, 0xe0, 0xfc, 0xa3, 0xe0, 0xfd, 
0xea, 0x10, 0x57, 0xf0, 0x0, 0x12, 0x72, 0x17, 0xee, 0x33, 0x95, 0xe0, 0xfd, 
0xea, 0x10, 0x57, 0xf8, 0x0, 0xfc, 0x90, 0x9, 0x54, 0x12, 0x1c, 0xd9, 0x90, 
0xea, 0x10, 0x58, 0x0, 0x0, 0x9, 0x58, 0xa3, 0xa3, 0xe0, 0xfe, 0xa3, 0xe0, 
0xea, 0x10, 0x58, 0x8, 0x0, 0xff, 0x90, 0x17, 0xbe, 0xe0, 0xfc, 0xa3, 0xe0, 
0xea, 0x10, 0x58, 0x10, 0x0, 0xfd, 0x80, 0x2a, 0xa3, 0xa3, 0xe0, 0xfe, 0xa3, 
0xea, 0x10, 0x58, 0x18, 0x0, 0xe0, 0x90, 0x9, 0x4e, 0x12, 0x72, 0x11, 0xee, 
0xea, 0x10, 0x58, 0x20, 0x0, 0x33, 0x95, 0xe0, 0xfd, 0xfc, 0x90, 0x9, 0x54, 
0xea, 0x10, 0x58, 0x28, 0x0, 0x12, 0x1c, 0xd9, 0x90, 0x9, 0x58, 0xa3, 0xa3, 
0xea, 0x10, 0x58, 0x30, 0x0, 0xe0, 0xfe, 0xa3, 0xe0, 0xff, 0x90, 0x9, 0x50, 
0xea, 0x10, 0x58, 0x38, 0x0, 0xe0, 0xfc, 0xa3, 0xe0, 0xfd, 0x12, 0x72, 0x17, 
0xea, 0x10, 0x58, 0x40, 0x0, 0xee, 0x33, 0x95, 0xe0, 0xfd, 0xfc, 0x90, 0x9, 
0xea, 0x10, 0x58, 0x48, 0x0, 0x58, 0x12, 0x1c, 0xd9, 0x90, 0x9, 0x54, 0xa3, 
0xea, 0x10, 0x58, 0x50, 0x0, 0xa3, 0xe0, 0xff, 0xa3, 0xe0, 0xcf, 0x8f, 0xf0, 
0xea, 0x10, 0x58, 0x58, 0x0, 0x12, 0x1c, 0x34, 0x90, 0x9, 0x58, 0xa3, 0xa3, 
0xea, 0x10, 0x58, 0x60, 0x0, 0xe0, 0xf9, 0xa3, 0xe0, 0xff, 0x90, 0x9, 0x4b, 
0xea, 0x10, 0x58, 0x68, 0x0, 0xe0, 0xfb, 0xa3, 0xe0, 0xfa, 0xa3, 0xe0, 0xc9, 
0xea, 0x10, 0x58, 0x70, 0x0, 0x8f, 0xf0, 0x2, 0x1c, 0x34, 0x90, 0x9, 0x5e, 
0xea, 0x10, 0x58, 0x78, 0x0, 0xef, 0xf0, 0x90, 0x9, 0x98, 0xe0, 0xfc, 0xa3, 
0xea, 0x10, 0x58, 0x80, 0x0, 0xe0, 0xfd, 0xa3, 0xe0, 0xfe, 0xa3, 0xe0, 0xff, 
0xea, 0x10, 0x58, 0x88, 0x0, 0x78, 0x6, 0x12, 0x1c, 0xc6, 0x90, 0x9, 0x98, 
0xea, 0x10, 0x58, 0x90, 0x0, 0x12, 0x1c, 0xd9, 0x90, 0x9, 0x94, 0xe0, 0xfc, 
0xea, 0x10, 0x58, 0x98, 0x0, 0xa3, 0xa3, 0xa3, 0xec, 0x33, 0x50, 0x2c, 0xa3, 
0xea, 0x10, 0x58, 0xa0, 0x0, 0xe0, 0xfc, 0xa3, 0xe0, 0xfd, 0xa3, 0xe0, 0xfe, 
0xea, 0x10, 0x58, 0xa8, 0x0, 0xa3, 0xe0, 0xff, 0x12, 0x1c, 0xa2, 0x90, 0x9, 
0xea, 0x10, 0x58, 0xb0, 0x0, 0x98, 0x12, 0x1c, 0xd9, 0x90, 0x9, 0x94, 0xe0, 
0xea, 0x10, 0x58, 0xb8, 0x0, 0xfc, 0xa3, 0xe0, 0xfd, 0xa3, 0xe0, 0xfe, 0xa3, 
0xea, 0x10, 0x58, 0xc0, 0x0, 0xe0, 0xff, 0x12, 0x1c, 0xa2, 0x90, 0x9, 0x94, 
0xea, 0x10, 0x58, 0xc8, 0x0, 0x12, 0x1c, 0xd9, 0x90, 0x9, 0x98, 0xe0, 0xfc, 
0xea, 0x10, 0x58, 0xd0, 0x0, 0xa3, 0xe0, 0xfd, 0xa3, 0xe0, 0xfe, 0xa3, 0xe0, 
0xea, 0x10, 0x58, 0xd8, 0x0, 0xff, 0x90, 0x9, 0x94, 0xe0, 0xf8, 0xa3, 0xe0, 
0xea, 0x10, 0x58, 0xe0, 0x0, 0xf9, 0xa3, 0xe0, 0xfa, 0xa3, 0xe0, 0xfb, 0x12, 
0xea, 0x10, 0x58, 0xe8, 0x0, 0x70, 0x18, 0x90, 0x9, 0x98, 0x12, 0x1c, 0xd9, 
0xea, 0x10, 0x58, 0xf0, 0x0, 0x90, 0x9, 0x98, 0xe0, 0xfc, 0xa3, 0xe0, 0xfd, 
0xea, 0x10, 0x58, 0xf8, 0x0, 0xa3, 0xe0, 0xfe, 0xa3, 0xe0, 0xc3, 0x94, 0x40, 
0xea, 0x10, 0x59, 0x0, 0x0, 0xff, 0xee, 0x94, 0x0, 0xfe, 0xed, 0x94, 0x0, 
0xea, 0x10, 0x59, 0x8, 0x0, 0xfd, 0xec, 0x94, 0x0, 0xfc, 0x90, 0x9, 0x98, 
0xea, 0x10, 0x59, 0x10, 0x0, 0x12, 0x1c, 0xd9, 0x90, 0x9, 0x98, 0xe0, 0xfc, 
0xea, 0x10, 0x59, 0x18, 0x0, 0xa3, 0xe0, 0xfd, 0xa3, 0xe0, 0xfe, 0xa3, 0xe0, 
0xea, 0x10, 0x59, 0x20, 0x0, 0xc3, 0x94, 0x40, 0xff, 0xee, 0x94, 0x0, 0xfe, 
0xea, 0x10, 0x59, 0x28, 0x0, 0xed, 0x94, 0x0, 0xfd, 0xec, 0x94, 0x0, 0xfc, 
0xea, 0x10, 0x59, 0x30, 0x0, 0x90, 0x9, 0x98, 0x12, 0x1c, 0xd9, 0xe4, 0x7f, 
0xea, 0x10, 0x59, 0x38, 0x0, 0x1f, 0xfe, 0xfd, 0xfc, 0x90, 0x9, 0x98, 0xe0, 
0xea, 0x10, 0x59, 0x40, 0x0, 0xf8, 0xa3, 0xe0, 0xf9, 0xa3, 0xe0, 0xfa, 0xa3, 
0xea, 0x10, 0x59, 0x48, 0x0, 0xe0, 0xfb, 0xd3, 0x12, 0x1c, 0xb0, 0x40, 0xa, 
0xea, 0x10, 0x59, 0x50, 0x0, 0x90, 0x9, 0x98, 0x12, 0x1c, 0xe5, 0x0, 0x0, 
0xea, 0x10, 0x59, 0x58, 0x0, 0x0, 0x1f, 0x74, 0xff, 0x7f, 0xe1, 0xfe, 0xfd, 
0xea, 0x10, 0x59, 0x60, 0x0, 0xfc, 0x90, 0x9, 0x98, 0xe0, 0xf8, 0xa3, 0xe0, 
0xea, 0x10, 0x59, 0x68, 0x0, 0xf9, 0xa3, 0xe0, 0xfa, 0xa3, 0xe0, 0xfb, 0xc3, 
0xea, 0x10, 0x59, 0x70, 0x0, 0x12, 0x1c, 0xb0, 0x50, 0xa, 0x90, 0x9, 0x98, 
0xea, 0x10, 0x59, 0x78, 0x0, 0x12, 0x1c, 0xe5, 0xff, 0xff, 0xff, 0xe1, 0x90, 
0xea, 0x10, 0x59, 0x80, 0x0, 0x9, 0x98, 0xe0, 0xf8, 0xa3, 0xe0, 0xf9, 0xa3, 
0xea, 0x10, 0x59, 0x88, 0x0, 0xe0, 0xfa, 0xa3, 0xe0, 0xfb, 0x90, 0x9, 0x5e, 
0xea, 0x10, 0x59, 0x90, 0x0, 0xe0, 0x75, 0xf0, 0x40, 0xa4, 0xff, 0xae, 0xf0, 
0xea, 0x10, 0x59, 0x98, 0x0, 0xee, 0x33, 0x95, 0xe0, 0xfd, 0xfc, 0xeb, 0x2f, 
0xea, 0x10, 0x59, 0xa0, 0x0, 0xff, 0xea, 0x3e, 0xfe, 0xe9, 0x3d, 0xfd, 0xe8, 
0xea, 0x10, 0x59, 0xa8, 0x0, 0x3c, 0xfc, 0x90, 0x9, 0x98, 0x2, 0x1c, 0xd9, 
0xea, 0x10, 0x59, 0xb0, 0x0, 0xad, 0x7, 0xac, 0x6, 0x74, 0x65, 0x2d, 0xf5, 
0xea, 0x10, 0x59, 0xb8, 0x0, 0x82, 0x74, 0x5, 0x3c, 0xf5, 0x83, 0xe4, 0xf0, 
0xea, 0x10, 0x59, 0xc0, 0x0, 0x74, 0xa2, 0x2d, 0xf5, 0x82, 0x74, 0x3, 0x3c, 
0xea, 0x10, 0x59, 0xc8, 0x0, 0xf5, 0x83, 0xe4, 0xf0, 0xed, 0x25, 0xe0, 0xff, 
0xea, 0x10, 0x59, 0xd0, 0x0, 0xec, 0x33, 0xfe, 0x74, 0x4d, 0x2f, 0xf5, 0x82, 
0xea, 0x10, 0x59, 0xd8, 0x0, 0x74, 0x5, 0x3e, 0xf5, 0x83, 0xe4, 0xf0, 0xa3, 
0xea, 0x10, 0x59, 0xe0, 0x0, 0xf0, 0x74, 0x59, 0x2f, 0xf5, 0x82, 0x74, 0x5, 
0xea, 0x10, 0x59, 0xe8, 0x0, 0x3e, 0xf5, 0x83, 0xe4, 0xf0, 0xa3, 0xf0, 0x90, 
0xea, 0x10, 0x59, 0xf0, 0x0, 0x9, 0x33, 0xf0, 0xa3, 0xf0, 0x90, 0x9, 0x33, 
0xea, 0x10, 0x59, 0xf8, 0x0, 0xe0, 0xfe, 0xa3, 0xe0, 0xff, 0xc3, 0x94, 0x8, 
0xea, 0x10, 0x5a, 0x0, 0x0, 0xee, 0x64, 0x80, 0x94, 0x80, 0x50, 0x63, 0xef, 
0xea, 0x10, 0x5a, 0x8, 0x0, 0x25, 0xe0, 0xfb, 0xee, 0x33, 0xfa, 0xed, 0xc4, 
0xea, 0x10, 0x5a, 0x10, 0x0, 0xf8, 0x54, 0xf, 0xc8, 0x68, 0xff, 0xec, 0xc4, 
0xea, 0x10, 0x5a, 0x18, 0x0, 0x54, 0xf0, 0x48, 0xfe, 0x74, 0x42, 0x2f, 0xf5, 
0xea, 0x10, 0x5a, 0x20, 0x0, 0x82, 0x74, 0x3, 0x3e, 0xf5, 0x83, 0xe5, 0x82, 
0xea, 0x10, 0x5a, 0x28, 0x0, 0x2b, 0xf5, 0x82, 0xe5, 0x83, 0x3a, 0xf5, 0x83, 
0xea, 0x10, 0x5a, 0x30, 0x0, 0xe4, 0xf0, 0xa3, 0xf0, 0xed, 0xc4, 0xf8, 0x54, 
0xea, 0x10, 0x5a, 0x38, 0x0, 0xf, 0xc8, 0x68, 0xff, 0xec, 0xc4, 0x54, 0xf0, 
0xea, 0x10, 0x5a, 0x40, 0x0, 0x48, 0xfe, 0x74, 0xa8, 0x2f, 0xf5, 0x82, 0x74, 
0xea, 0x10, 0x5a, 0x48, 0x0, 0x3, 0x3e, 0xf5, 0x83, 0xe5, 0x82, 0x2b, 0xf5, 
0xea, 0x10, 0x5a, 0x50, 0x0, 0x82, 0xe5, 0x83, 0x3a, 0xf5, 0x83, 0xe4, 0xf0, 
0xea, 0x10, 0x5a, 0x58, 0x0, 0xa3, 0xf0, 0x90, 0x9, 0x34, 0xe0, 0x4, 0xf0, 
0xea, 0x10, 0x5a, 0x60, 0x0, 0x70, 0x93, 0x90, 0x9, 0x33, 0xe0, 0x4, 0xf0, 
0xea, 0x10, 0x5a, 0x68, 0x0, 0x80, 0x8b, 0xed, 0x25, 0xe0, 0xff, 0xec, 0x33, 
0xea, 0x10, 0x5a, 0x70, 0x0, 0xfe, 0x74, 0x87, 0x2f, 0xf5, 0x82, 0x74, 0x5, 
0xea, 0x10, 0x5a, 0x78, 0x0, 0x3e, 0xf5, 0x83, 0xe4, 0xf0, 0xa3, 0xf0, 0x74, 
0xea, 0x10, 0x5a, 0x80, 0x0, 0x93, 0x2f, 0xf5, 0x82, 0x74, 0x5, 0x3e, 0xf5, 
0xea, 0x10, 0x5a, 0x88, 0x0, 0x83, 0xe4, 0xf0, 0xa3, 0xf0, 0x74, 0x4d, 0x2f, 
0xea, 0x10, 0x5a, 0x90, 0x0, 0xf5, 0x82, 0x74, 0x5, 0x3e, 0xf5, 0x83, 0xe4, 
0xea, 0x10, 0x5a, 0x98, 0x0, 0xf0, 0xa3, 0xf0, 0x74, 0x59, 0x2f, 0xf5, 0x82, 
0xea, 0x10, 0x5a, 0xa0, 0x0, 0x74, 0x5, 0x3e, 0xf5, 0x83, 0xe4, 0xf0, 0xa3, 
0xea, 0x10, 0x5a, 0xa8, 0x0, 0xf0, 0x74, 0xd, 0x2f, 0xf5, 0x82, 0x74, 0x5, 
0xea, 0x10, 0x5a, 0xb0, 0x0, 0x3e, 0xf5, 0x83, 0xe4, 0xf0, 0xa3, 0xf0, 0x74, 
0xea, 0x10, 0x5a, 0xb8, 0x0, 0x1a, 0x2f, 0xf5, 0x82, 0x74, 0x5, 0x3e, 0xf5, 
0xea, 0x10, 0x5a, 0xc0, 0x0, 0x83, 0xe4, 0xf0, 0xa3, 0xf0, 0x74, 0xf2, 0x2d, 
0xea, 0x10, 0x5a, 0xc8, 0x0, 0xf5, 0x82, 0x74, 0x4, 0x3c, 0xf5, 0x83, 0xe4, 
0xea, 0x10, 0x5a, 0xd0, 0x0, 0xf0, 0x74, 0xce, 0x2d, 0xf5, 0x82, 0x74, 0x4, 
0xea, 0x10, 0x5a, 0xd8, 0x0, 0x3c, 0xf5, 0x83, 0x74, 0x2, 0xf0, 0x2, 0x73, 
0xea, 0x10, 0x5a, 0xe0, 0x0, 0x5, 0x90, 0x9, 0x37, 0xee, 0xf0, 0xa3, 0xef, 
0xea, 0x10, 0x5a, 0xe8, 0x0, 0xf0, 0xa3, 0xed, 0xf0, 0xa3, 0xea, 0xf0, 0xa3, 
0xea, 0x10, 0x5a, 0xf0, 0x0, 0xeb, 0xf0, 0x90, 0x9, 0x4a, 0x74, 0x1, 0xf0, 
0xea, 0x10, 0x5a, 0xf8, 0x0, 0xa3, 0x74, 0x9, 0xf0, 0xa3, 0x74, 0x46, 0xf0, 
0xea, 0x10, 0x5b, 0x0, 0x0, 0xa3, 0x74, 0x1, 0xf0, 0xa3, 0x74, 0x9, 0xf0, 
0xea, 0x10, 0x5b, 0x8, 0x0, 0xa3, 0x74, 0x48, 0xf0, 0x90, 0x9, 0x40, 0x74, 
0xea, 0x10, 0x5b, 0x10, 0x0, 0x1, 0xf0, 0xa3, 0x74, 0x9, 0xf0, 0xa3, 0x74, 
0xea, 0x10, 0x5b, 0x18, 0x0, 0x3a, 0xf0, 0xa3, 0x74, 0x1, 0xf0, 0xa3, 0x74, 
0xea, 0x10, 0x5b, 0x20, 0x0, 0x9, 0xf0, 0xa3, 0x74, 0x3c, 0xf0, 0xe4, 0xff, 
0xea, 0x10, 0x5b, 0x28, 0x0, 0xfe, 0x90, 0x9, 0x40, 0xe0, 0xfb, 0xa3, 0xe0, 
0xea, 0x10, 0x5b, 0x30, 0x0, 0xfa, 0xa3, 0xe0, 0xf9, 0x8f, 0x82, 0x8e, 0x83, 
0xea, 0x10, 0x5b, 0x38, 0x0, 0x12, 0x1b, 0x5f, 0xfd, 0x90, 0x9, 0x4a, 0xe0, 
0xea, 0x10, 0x5b, 0x40, 0x0, 0xfb, 0xa3, 0xe0, 0xfa, 0xa3, 0xe0, 0xf9, 0x8f, 
0xea, 0x10, 0x5b, 0x48, 0x0, 0x82, 0x8e, 0x83, 0xed, 0x12, 0x1b, 0x9e, 0x90, 
0xea, 0x10, 0x5b, 0x50, 0x0, 0x9, 0x43, 0xe0, 0xfb, 0xa3, 0xe0, 0xfa, 0xa3, 
0xea, 0x10, 0x5b, 0x58, 0x0, 0xe0, 0xf9, 0x8f, 0x82, 0x8e, 0x83, 0x12, 0x1b, 
0xea, 0x10, 0x5b, 0x60, 0x0, 0x5f, 0xfd, 0x90, 0x9, 0x4d, 0xe0, 0xfb, 0xa3, 
0xea, 0x10, 0x5b, 0x68, 0x0, 0xe0, 0xfa, 0xa3, 0xe0, 0xf9, 0x8f, 0x82, 0x8e, 
0xea, 0x10, 0x5b, 0x70, 0x0, 0x83, 0xed, 0x12, 0x1b, 0x9e, 0xf, 0xbf, 0x0, 
0xea, 0x10, 0x5b, 0x78, 0x0, 0x1, 0xe, 0xef, 0x64, 0x2, 0x4e, 0x70, 0xa9, 
0xea, 0x10, 0x5b, 0x80, 0x0, 0x90, 0x9, 0x47, 0xe0, 0xff, 0x90, 0x4, 0x70, 
0xea, 0x10, 0x5b, 0x88, 0x0, 0xe0, 0xfe, 0x4, 0xf0, 0x74, 0x74, 0x2e, 0xf5, 
0xea, 0x10, 0x5b, 0x90, 0x0, 0x82, 0xe4, 0x34, 0x4, 0xf5, 0x83, 0xef, 0xf0, 
0xea, 0x10, 0x5b, 0x98, 0x0, 0x90, 0x9, 0x46, 0xe0, 0xff, 0x90, 0x4, 0x70, 
0xea, 0x10, 0x5b, 0xa0, 0x0, 0xe0, 0xfe, 0x4, 0xf0, 0x74, 0x74, 0x2e, 0xf5, 
0xea, 0x10, 0x5b, 0xa8, 0x0, 0x82, 0xe4, 0x34, 0x4, 0xf5, 0x83, 0xef, 0xf0, 
0xea, 0x10, 0x5b, 0xb0, 0x0, 0x90, 0x9, 0x49, 0xe0, 0xff, 0x90, 0x4, 0x70, 
0xea, 0x10, 0x5b, 0xb8, 0x0, 0xe0, 0xfe, 0x4, 0xf0, 0x74, 0x74, 0x2e, 0xf5, 
0xea, 0x10, 0x5b, 0xc0, 0x0, 0x82, 0xe4, 0x34, 0x4, 0xf5, 0x83, 0xef, 0xf0, 
0xea, 0x10, 0x5b, 0xc8, 0x0, 0x90, 0x9, 0x48, 0xe0, 0xff, 0x90, 0x4, 0x70, 
0xea, 0x10, 0x5b, 0xd0, 0x0, 0xe0, 0xfe, 0x4, 0xf0, 0x74, 0x74, 0x2e, 0xf5, 
0xea, 0x10, 0x5b, 0xd8, 0x0, 0x82, 0xe4, 0x34, 0x4, 0xf5, 0x83, 0xef, 0xf0, 
0xea, 0x10, 0x5b, 0xe0, 0x0, 0x90, 0x9, 0x37, 0xa3, 0xe0, 0xc4, 0x54, 0xf0, 
0xea, 0x10, 0x5b, 0xe8, 0x0, 0xff, 0xa3, 0xe0, 0x4f, 0xff, 0x90, 0x4, 0x70, 
0xea, 0x10, 0x5b, 0xf0, 0x0, 0xe0, 0xfe, 0x4, 0xf0, 0x74, 0x74, 0x2e, 0xf5, 
0xea, 0x10, 0x5b, 0xf8, 0x0, 0x82, 0xe4, 0x34, 0x4, 0xf5, 0x83, 0xef, 0xf0, 
0xea, 0x10, 0x5c, 0x0, 0x0, 0x22, 0xe4, 0x90, 0x9, 0x31, 0xf0, 0x90, 0x9, 
0xea, 0x10, 0x5c, 0x8, 0x0, 0x31, 0xe0, 0xfb, 0xc3, 0x94, 0x6, 0x40, 0x3, 
0xea, 0x10, 0x5c, 0x10, 0x0, 0x2, 0x5d, 0x1c, 0x90, 0x9, 0x3c, 0x12, 0x1c, 
0xea, 0x10, 0x5c, 0x18, 0x0, 0xe5, 0x0, 0x0, 0x0, 0x0, 0x90, 0x9, 0x40, 
0xea, 0x10, 0x5c, 0x20, 0x0, 0x12, 0x1c, 0xe5, 0x0, 0x0, 0x0, 0x0, 0x90, 
0xea, 0x10, 0x5c, 0x28, 0x0, 0x9, 0x44, 0x12, 0x1c, 0xe5, 0x0, 0x0, 0x0, 
0xea, 0x10, 0x5c, 0x30, 0x0, 0x0, 0x90, 0x9, 0x48, 0x12, 0x1c, 0xe5, 0x0, 
0xea, 0x10, 0x5c, 0x38, 0x0, 0x0, 0x0, 0x0, 0x74, 0xf2, 0x2b, 0xf5, 0x82, 
0xea, 0x10, 0x5c, 0x40, 0x0, 0xe4, 0x34, 0x4, 0xf5, 0x83, 0xe0, 0xff, 0x70, 
0xea, 0x10, 0x5c, 0x48, 0x0, 0x3, 0x2, 0x5d, 0x13, 0xef, 0x64, 0x4, 0x70, 
0xea, 0x10, 0x5c, 0x50, 0x0, 0x3, 0x2, 0x5d, 0x13, 0xef, 0x64, 0x8, 0x70, 
0xea, 0x10, 0x5c, 0x58, 0x0, 0x3, 0x2, 0x5d, 0x13, 0x90, 0x9, 0x31, 0xe0, 
0xea, 0x10, 0x5c, 0x60, 0x0, 0xff, 0x25, 0xe0, 0x24, 0x87, 0xf5, 0x82, 0xe4, 
0xea, 0x10, 0x5c, 0x68, 0x0, 0x34, 0x5, 0xf5, 0x83, 0xe0, 0xfc, 0xa3, 0xe0, 
0xea, 0x10, 0x5c, 0x70, 0x0, 0xfd, 0x4c, 0x70, 0x16, 0xef, 0x25, 0xe0, 0x24, 
0xea, 0x10, 0x5c, 0x78, 0x0, 0x93, 0xf5, 0x82, 0xe4, 0x34, 0x5, 0xf5, 0x83, 
0xea, 0x10, 0x5c, 0x80, 0x0, 0xe0, 0xfe, 0xa3, 0xe0, 0x4e, 0x70, 0x3, 0x2, 
0xea, 0x10, 0x5c, 0x88, 0x0, 0x5d, 0x13, 0x90, 0x9, 0x31, 0xe0, 0xff, 0xae, 
0xea, 0x10, 0x5c, 0x90, 0x0, 0x5, 0x90, 0x9, 0x3a, 0xee, 0xf0, 0xef, 0x25, 
0xea, 0x10, 0x5c, 0x98, 0x0, 0xe0, 0x24, 0x93, 0xf5, 0x82, 0xe4, 0x34, 0x5, 
0xea, 0x10, 0x5c, 0xa0, 0x0, 0xf5, 0x83, 0xa3, 0xe0, 0x90, 0x9, 0x3b, 0xf0, 
0xea, 0x10, 0x5c, 0xa8, 0x0, 0xbe, 0x1, 0x26, 0xe0, 0xb4, 0x1, 0x22, 0x90, 
0xea, 0x10, 0x5c, 0xb0, 0x0, 0x1, 0x26, 0xe0, 0xfe, 0xa3, 0xe0, 0xff, 0xd3, 
0xea, 0x10, 0x5c, 0xb8, 0x0, 0x90, 0x1, 0xd, 0xe0, 0x9f, 0xee, 0x64, 0x80, 
0xea, 0x10, 0x5c, 0xc0, 0x0, 0xf8, 0x90, 0x1, 0xc, 0xe0, 0x64, 0x80, 0x98, 
0xea, 0x10, 0x5c, 0xc8, 0x0, 0x40, 0x7, 0xe4, 0x90, 0x9, 0x3a, 0xf0, 0xa3, 
0xea, 0x10, 0x5c, 0xd0, 0x0, 0xf0, 0x90, 0x9, 0x31, 0xe0, 0x75, 0xf0, 0x2, 
0xea, 0x10, 0x5c, 0xd8, 0x0, 0xa4, 0xff, 0xae, 0xf0, 0x24, 0xd, 0xf9, 0x74, 
0xea, 0x10, 0x5c, 0xe0, 0x0, 0x5, 0x3e, 0xfa, 0x7b, 0x1, 0xc0, 0x3, 0xc0, 
0xea, 0x10, 0x5c, 0xe8, 0x0, 0x2, 0xc0, 0x1, 0x74, 0x1a, 0x2f, 0xf9, 0x74, 
0xea, 0x10, 0x5c, 0xf0, 0x0, 0x5, 0x3e, 0xfa, 0x90, 0x9, 0x53, 0xeb, 0xf0, 
0xea, 0x10, 0x5c, 0xf8, 0x0, 0xa3, 0xea, 0xf0, 0xa3, 0xe9, 0xf0, 0x90, 0x9, 
0xea, 0x10, 0x5d, 0x0, 0x0, 0x3a, 0xe0, 0xff, 0x7e, 0x0, 0xa3, 0xe0, 0xfd, 
0xea, 0x10, 0x5d, 0x8, 0x0, 0x7c, 0x0, 0xd0, 0x1, 0xd0, 0x2, 0xd0, 0x3, 
0xea, 0x10, 0x5d, 0x10, 0x0, 0x12, 0x6e, 0xa9, 0x90, 0x9, 0x31, 0xe0, 0x4, 
0xea, 0x10, 0x5d, 0x18, 0x0, 0xf0, 0x2, 0x5c, 0x6, 0x22, 0x42, 0x8, 0x1f, 
0xea, 0x10, 0x5d, 0x20, 0x0, 0x0, 0x0, 0x41, 0x8, 0x1d, 0x0, 0x42, 0x8, 
0xea, 0x10, 0x5d, 0x28, 0x0, 0x19, 0x0, 0x0, 0x42, 0x8, 0x1b, 0x0, 0x0, 
0xea, 0x10, 0x5d, 0x30, 0x0, 0x42, 0x5, 0x26, 0x4, 0x0, 0x42, 0x5, 0x28, 
0xea, 0x10, 0x5d, 0x38, 0x0, 0x3, 0x0, 0x41, 0x4, 0x27, 0x0, 0x41, 0x4, 
0xea, 0x10, 0x5d, 0x40, 0x0, 0xbe, 0x0, 0x41, 0x4, 0xbb, 0x0, 0x41, 0x5, 
0xea, 0x10, 0x5d, 0x48, 0x0, 0xb1, 0x0, 0x41, 0x4, 0x22, 0x0, 0x2, 0x8, 
0xea, 0x10, 0x5d, 0x50, 0x0, 0x0, 0x0, 0x2, 0xa, 0x0, 0x0, 0x42, 0x5, 
0xea, 0x10, 0x5d, 0x58, 0x0, 0xde, 0x0, 0x0, 0x41, 0x5, 0x9, 0x0, 0x44, 
0xea, 0x10, 0x5d, 0x60, 0x0, 0x4, 0xb7, 0x0, 0x0, 0x0, 0x0, 0x44, 0x4, 
0xea, 0x10, 0x5d, 0x68, 0x0, 0x23, 0x0, 0x0, 0x0, 0x0, 0x42, 0x5, 0xa, 
0xea, 0x10, 0x5d, 0x70, 0x0, 0x0, 0x0, 0x41, 0x5, 0x19, 0x0, 0x41, 0x4, 
0xea, 0x10, 0x5d, 0x78, 0x0, 0xe1, 0x0, 0x42, 0x5, 0x85, 0x0, 0x0, 0x42, 
0xea, 0x10, 0x5d, 0x80, 0x0, 0x4, 0xbf, 0x0, 0x0, 0x42, 0x3, 0x34, 0x0, 
0xea, 0x10, 0x5d, 0x88, 0x0, 0x0, 0x41, 0x5, 0x6b, 0x0, 0x41, 0x5, 0x8, 
0xea, 0x10, 0x5d, 0x90, 0x0, 0x0, 0x41, 0x4, 0x21, 0x0, 0x42, 0x5, 0xe2, 
0xea, 0x10, 0x5d, 0x98, 0x0, 0x0, 0x0, 0x42, 0x4, 0x72, 0x0, 0x0, 0x42, 
0xea, 0x10, 0x5d, 0xa0, 0x0, 0x5, 0x4b, 0x0, 0xc, 0x42, 0x8, 0xa7, 0x0, 
0xea, 0x10, 0x5d, 0xa8, 0x0, 0x0, 0x41, 0x8, 0xac, 0x0, 0x41, 0x8, 0x5e, 
0xea, 0x10, 0x5d, 0xb0, 0x0, 0x0, 0x41, 0x8, 0x62, 0x0, 0x42, 0x8, 0xc7, 
0xea, 0x10, 0x5d, 0xb8, 0x0, 0x0, 0x0, 0x42, 0x8, 0xb7, 0x0, 0x0, 0x41, 
0xea, 0x10, 0x5d, 0xc0, 0x0, 0x8, 0x39, 0x0, 0x41, 0x8, 0x35, 0x12, 0x42, 
0xea, 0x10, 0x5d, 0xc8, 0x0, 0x8, 0xad, 0x0, 0x1, 0x42, 0x8, 0xb3, 0x0, 
0xea, 0x10, 0x5d, 0xd0, 0x0, 0x1, 0x42, 0x8, 0xb1, 0x0, 0x1, 0x42, 0x8, 
0xea, 0x10, 0x5d, 0xd8, 0x0, 0xb5, 0x0, 0x1, 0x42, 0x8, 0xbc, 0x0, 0x1, 
0xea, 0x10, 0x5d, 0xe0, 0x0, 0x42, 0x8, 0xc1, 0x0, 0x1, 0x42, 0x8, 0xbf, 
0xea, 0x10, 0x5d, 0xe8, 0x0, 0x0, 0x1, 0x42, 0x8, 0xc3, 0x0, 0x1, 0x42, 
0xea, 0x10, 0x5d, 0xf0, 0x0, 0x8, 0x2d, 0x0, 0x1, 0x42, 0x8, 0x31, 0x0, 
0xea, 0x10, 0x5d, 0xf8, 0x0, 0x1, 0x42, 0x8, 0x2f, 0x0, 0x1, 0x42, 0x8, 
0xea, 0x10, 0x5e, 0x0, 0x0, 0x33, 0x0, 0x1, 0x41, 0x8, 0xbb, 0x0, 0x41, 
0xea, 0x10, 0x5e, 0x8, 0x0, 0x8, 0x63, 0x0, 0x41, 0x8, 0x65, 0x0, 0x41, 
0xea, 0x10, 0x5e, 0x10, 0x0, 0x8, 0xce, 0x0, 0x41, 0x8, 0xcf, 0x0, 0x41, 
0xea, 0x10, 0x5e, 0x18, 0x0, 0x8, 0xc9, 0x0, 0x41, 0x8, 0x22, 0x0, 0x41, 
0xea, 0x10, 0x5e, 0x20, 0x0, 0x8, 0x2c, 0x0, 0x0, 0xa9, 0x7, 0x90, 0x9, 
0xea, 0x10, 0x5e, 0x28, 0x0, 0x44, 0x74, 0x8, 0xf0, 0xe4, 0x90, 0x9, 0x46, 
0xea, 0x10, 0x5e, 0x30, 0x0, 0xf0, 0xa3, 0xf0, 0xa3, 0xf0, 0xa3, 0xf0, 0xf5, 
0xea, 0x10, 0x5e, 0x38, 0x0, 0x8, 0xf5, 0x9, 0xf5, 0xa, 0xf5, 0xb, 0x74, 
0xea, 0x10, 0x5e, 0x40, 0x0, 0x65, 0x29, 0xf5, 0x82, 0xe4, 0x34, 0x5, 0xf5, 
0xea, 0x10, 0x5e, 0x48, 0x0, 0x83, 0xe0, 0x70, 0x10, 0x74, 0xa2, 0x29, 0xf5, 
0xea, 0x10, 0x5e, 0x50, 0x0, 0x82, 0xe4, 0x34, 0x3, 0xf5, 0x83, 0xe0, 0x70, 
0xea, 0x10, 0x5e, 0x58, 0x0, 0x3, 0x2, 0x5f, 0x28, 0x74, 0x65, 0x29, 0xf5, 
0xea, 0x10, 0x5e, 0x60, 0x0, 0x82, 0xe4, 0x34, 0x5, 0xf5, 0x83, 0xe0, 0x70, 
0xea, 0x10, 0x5e, 0x68, 0x0, 0xf, 0x74, 0xa2, 0x29, 0xf5, 0x82, 0xe4, 0x34, 
0xea, 0x10, 0x5e, 0x70, 0x0, 0x3, 0xf5, 0x83, 0xe0, 0x90, 0x9, 0x44, 0xf0, 
0xea, 0x10, 0x5e, 0x78, 0x0, 0x90, 0x9, 0x44, 0xe0, 0xd3, 0x9d, 0xec, 0x64, 
0xea, 0x10, 0x5e, 0x80, 0x0, 0x80, 0xf8, 0x74, 0x80, 0x98, 0x40, 0x2, 0xed, 
0xea, 0x10, 0x5e, 0x88, 0x0, 0xf0, 0x74, 0xa2, 0x29, 0xf5, 0x82, 0xe4, 0x34, 
0xea, 0x10, 0x5e, 0x90, 0x0, 0x3, 0xf5, 0x83, 0xe0, 0x90, 0x9, 0x45, 0xf0, 
0xea, 0x10, 0x5e, 0x98, 0x0, 0xe4, 0xfd, 0xfc, 0x90, 0x9, 0x44, 0xe0, 0xff, 
0xea, 0x10, 0x5e, 0xa0, 0x0, 0xc3, 0xed, 0x9f, 0x74, 0x80, 0xf8, 0x6c, 0x98, 
0xea, 0x10, 0x5e, 0xa8, 0x0, 0x50, 0x74, 0xa3, 0xe0, 0x24, 0x7, 0xf0, 0xe0, 
0xea, 0x10, 0x5e, 0xb0, 0x0, 0x54, 0x7, 0xf0, 0xe0, 0xfb, 0xff, 0x33, 0x95, 
0xea, 0x10, 0x5e, 0xb8, 0x0, 0xe0, 0xfe, 0xef, 0x25, 0xe0, 0xff, 0xee, 0x33, 
0xea, 0x10, 0x5e, 0xc0, 0x0, 0xfe, 0xe9, 0xc4, 0x54, 0xf0, 0x24, 0x42, 0xf5, 
0xea, 0x10, 0x5e, 0xc8, 0x0, 0x82, 0xe4, 0x34, 0x3, 0xf5, 0x83, 0xe5, 0x82, 
0xea, 0x10, 0x5e, 0xd0, 0x0, 0x2f, 0xf5, 0x82, 0xe5, 0x83, 0x3e, 0xf5, 0x83, 
0xea, 0x10, 0x5e, 0xd8, 0x0, 0xe0, 0xfe, 0xa3, 0xe0, 0x25, 0x9, 0xf5, 0x9, 
0xea, 0x10, 0x5e, 0xe0, 0x0, 0xee, 0x35, 0x8, 0xf5, 0x8, 0xeb, 0xff, 0x33, 
0xea, 0x10, 0x5e, 0xe8, 0x0, 0x95, 0xe0, 0xfe, 0xef, 0x25, 0xe0, 0xff, 0xee, 
0xea, 0x10, 0x5e, 0xf0, 0x0, 0x33, 0xfe, 0xe9, 0xc4, 0x54, 0xf0, 0x24, 0xa8, 
0xea, 0x10, 0x5e, 0xf8, 0x0, 0xf5, 0x82, 0xe4, 0x34, 0x3, 0xf5, 0x83, 0xe5, 
0xea, 0x10, 0x5f, 0x0, 0x0, 0x82, 0x2f, 0xf5, 0x82, 0xe5, 0x83, 0x3e, 0xf5, 
0xea, 0x10, 0x5f, 0x8, 0x0, 0x83, 0xe0, 0xfe, 0xa3, 0xe0, 0x25, 0xb, 0xf5, 
0xea, 0x10, 0x5f, 0x10, 0x0, 0xb, 0xee, 0x35, 0xa, 0xf5, 0xa, 0xd, 0xbd, 
0xea, 0x10, 0x5f, 0x18, 0x0, 0x0, 0x1, 0xc, 0x2, 0x5e, 0x9b, 0x90, 0x9, 
0xea, 0x10, 0x5f, 0x20, 0x0, 0x44, 0xe0, 0xff, 0x7e, 0x0, 0x12, 0x6a, 0x51, 
0xea, 0x10, 0x5f, 0x28, 0x0, 0x22, 0x90, 0x17, 0xb8, 0xe0, 0xff, 0xa3, 0xe0, 
0xea, 0x10, 0x5f, 0x30, 0x0, 0x90, 0x9, 0x33, 0xcf, 0xf0, 0xa3, 0xef, 0xf0, 
0xea, 0x10, 0x5f, 0x38, 0x0, 0x90, 0x17, 0xc8, 0xe0, 0xff, 0xa3, 0xe0, 0x90, 
0xea, 0x10, 0x5f, 0x40, 0x0, 0x9, 0x35, 0xcf, 0xf0, 0xa3, 0xef, 0xf0, 0xe4, 
0xea, 0x10, 0x5f, 0x48, 0x0, 0xfd, 0xfc, 0xd3, 0x90, 0x5, 0xe1, 0xe0, 0x9d, 
0xea, 0x10, 0x5f, 0x50, 0x0, 0xec, 0x64, 0x80, 0xf8, 0x90, 0x5, 0xe0, 0xe0, 
0xea, 0x10, 0x5f, 0x58, 0x0, 0x64, 0x80, 0x98, 0x50, 0x3, 0x2, 0x60, 0x1f, 
0xea, 0x10, 0x5f, 0x60, 0x0, 0x90, 0x4, 0x6e, 0xe0, 0x70, 0x2, 0xa3, 0xe0, 
0xea, 0x10, 0x5f, 0x68, 0x0, 0x70, 0x4e, 0xed, 0x25, 0xe0, 0xff, 0xec, 0x33, 
0xea, 0x10, 0x5f, 0x70, 0x0, 0xfe, 0x74, 0x36, 0x2f, 0xf5, 0x82, 0x74, 0x3, 
0xea, 0x10, 0x5f, 0x78, 0x0, 0x3e, 0xf5, 0x83, 0xe0, 0xfe, 0xa3, 0xe0, 0xff, 
0xea, 0x10, 0x5f, 0x80, 0x0, 0x90, 0x9, 0x33, 0xe0, 0xfa, 0xa3, 0xe0, 0xfb, 
0xea, 0x10, 0x5f, 0x88, 0x0, 0xc3, 0xef, 0x9b, 0xea, 0x64, 0x80, 0xf8, 0xee, 
0xea, 0x10, 0x5f, 0x90, 0x0, 0x64, 0x80, 0x98, 0x50, 0x23, 0xed, 0x25, 0xe0, 
0xea, 0x10, 0x5f, 0x98, 0x0, 0xff, 0xec, 0x33, 0xfe, 0x74, 0xe2, 0x2f, 0xf5, 
0xea, 0x10, 0x5f, 0xa0, 0x0, 0x82, 0x74, 0x4, 0x3e, 0xf5, 0x83, 0xe4, 0xf0, 
0xea, 0x10, 0x5f, 0xa8, 0x0, 0xa3, 0xf0, 0x74, 0xf8, 0x2f, 0xf5, 0x82, 0x74, 
0xea, 0x10, 0x5f, 0xb0, 0x0, 0x4, 0x3e, 0xf5, 0x83, 0xe4, 0xf0, 0xa3, 0xf0, 
0xea, 0x10, 0x5f, 0xb8, 0x0, 0xd3, 0x90, 0x4, 0x6f, 0xe0, 0x94, 0x0, 0x90, 
0xea, 0x10, 0x5f, 0xc0, 0x0, 0x4, 0x6e, 0xe0, 0x64, 0x80, 0x94, 0x80, 0x40, 
0xea, 0x10, 0x5f, 0xc8, 0x0, 0x4e, 0xed, 0x25, 0xe0, 0xff, 0xec, 0x33, 0xfe, 
0xea, 0x10, 0x5f, 0xd0, 0x0, 0x74, 0x36, 0x2f, 0xf5, 0x82, 0x74, 0x3, 0x3e, 
0xea, 0x10, 0x5f, 0xd8, 0x0, 0xf5, 0x83, 0xe0, 0xfe, 0xa3, 0xe0, 0xff, 0x90, 
0xea, 0x10, 0x5f, 0xe0, 0x0, 0x9, 0x35, 0xe0, 0xfa, 0xa3, 0xe0, 0xfb, 0xc3, 
0xea, 0x10, 0x5f, 0xe8, 0x0, 0xef, 0x9b, 0xea, 0x64, 0x80, 0xf8, 0xee, 0x64, 
0xea, 0x10, 0x5f, 0xf0, 0x0, 0x80, 0x98, 0x50, 0x23, 0xed, 0x25, 0xe0, 0xff, 
0xea, 0x10, 0x5f, 0xf8, 0x0, 0xec, 0x33, 0xfe, 0x74, 0xe2, 0x2f, 0xf5, 0x82, 
0xea, 0x10, 0x60, 0x0, 0x0, 0x74, 0x4, 0x3e, 0xf5, 0x83, 0xe4, 0xf0, 0xa3, 
0xea, 0x10, 0x60, 0x8, 0x0, 0xf0, 0x74, 0xf8, 0x2f, 0xf5, 0x82, 0x74, 0x4, 
0xea, 0x10, 0x60, 0x10, 0x0, 0x3e, 0xf5, 0x83, 0xe4, 0xf0, 0xa3, 0xf0, 0xd, 
0xea, 0x10, 0x60, 0x18, 0x0, 0xbd, 0x0, 0x1, 0xc, 0x2, 0x5f, 0x4a, 0x22, 
0xea, 0x10, 0x60, 0x20, 0x0, 0x90, 0x9, 0x10, 0xee, 0xf0, 0xa3, 0xef, 0xf0, 
0xea, 0x10, 0x60, 0x28, 0x0, 0xa3, 0xec, 0xf0, 0xa3, 0xed, 0xf0, 0x90, 0x17, 
0xea, 0x10, 0x60, 0x30, 0x0, 0xf3, 0xe0, 0x90, 0xa0, 0x2, 0xf0, 0x90, 0x17, 
0xea, 0x10, 0x60, 0x38, 0x0, 0xf4, 0xe0, 0x90, 0xa0, 0x3, 0xf0, 0x90, 0x17, 
0xea, 0x10, 0x60, 0x40, 0x0, 0xf5, 0xe0, 0x90, 0xa0, 0x4, 0xf0, 0x90, 0x17, 
0xea, 0x10, 0x60, 0x48, 0x0, 0xf6, 0xe0, 0x90, 0xa0, 0x5, 0xf0, 0x90, 0xa0, 
0xea, 0x10, 0x60, 0x50, 0x0, 0x11, 0xe0, 0xff, 0x90, 0x9, 0x1a, 0xf0, 0x90, 
0xea, 0x10, 0x60, 0x58, 0x0, 0x17, 0xf1, 0xe0, 0x90, 0xa0, 0xf, 0xf0, 0xef, 
0xea, 0x10, 0x60, 0x60, 0x0, 0x54, 0xf0, 0xff, 0x90, 0xa0, 0x11, 0xf0, 0x90, 
0xea, 0x10, 0x60, 0x68, 0x0, 0x17, 0xf2, 0xe0, 0x4f, 0x90, 0xa0, 0x11, 0xf0, 
0xea, 0x10, 0x60, 0x70, 0x0, 0x90, 0xa0, 0x10, 0x74, 0xff, 0xf0, 0x90, 0xa0, 
0xea, 0x10, 0x60, 0x78, 0x0, 0x0, 0x74, 0x28, 0xf0, 0x90, 0x9, 0x12, 0xe0, 
0xea, 0x10, 0x60, 0x80, 0x0, 0x70, 0x2, 0xa3, 0xe0, 0x60, 0xa, 0x90, 0x9, 
0xea, 0x10, 0x60, 0x88, 0x0, 0x1a, 0xe0, 0x44, 0x10, 0x90, 0xa0, 0x11, 0xf0, 
0xea, 0x10, 0x60, 0x90, 0x0, 0x90, 0xa0, 0x0, 0xe0, 0x44, 0x21, 0xf0, 0x44, 
0xea, 0x10, 0x60, 0x98, 0x0, 0x23, 0xf0, 0x12, 0x73, 0x5, 0x90, 0x8, 0xa7, 
0xea, 0x10, 0x60, 0xa0, 0x0, 0xe0, 0x70, 0x2, 0xa3, 0xe0, 0x70, 0x6, 0x12, 
0xea, 0x10, 0x60, 0xa8, 0x0, 0x41, 0xf2, 0x12, 0x1e, 0x9e, 0x90, 0xa0, 0x10, 
0xea, 0x10, 0x60, 0xb0, 0x0, 0xe0, 0x20, 0xe0, 0x5, 0x12, 0x73, 0x5, 0x80, 
0xea, 0x10, 0x60, 0xb8, 0x0, 0xf4, 0x12, 0x73, 0x5, 0x90, 0xa0, 0x0, 0x74, 
0xea, 0x10, 0x60, 0xc0, 0x0, 0x21, 0xf0, 0x14, 0xf0, 0x90, 0xa0, 0x10, 0x74, 
0xea, 0x10, 0x60, 0xc8, 0x0, 0xff, 0xf0, 0x90, 0x9, 0x10, 0xe0, 0x70, 0x2, 
0xea, 0x10, 0x60, 0xd0, 0x0, 0xa3, 0xe0, 0x60, 0x13, 0x78, 0xc, 0x7c, 0x1, 
0xea, 0x10, 0x60, 0xd8, 0x0, 0x7d, 0x1, 0x7b, 0x1, 0x7a, 0x13, 0x79, 0x3c, 
0xea, 0x10, 0x60, 0xe0, 0x0, 0x7e, 0x2, 0x7f, 0x28, 0x12, 0x1b, 0x20, 0x90, 
0xea, 0x10, 0x60, 0xe8, 0x0, 0x9, 0x12, 0xe0, 0x70, 0x2, 0xa3, 0xe0, 0x60, 
0xea, 0x10, 0x60, 0xf0, 0x0, 0x9, 0x90, 0x9, 0x1a, 0xe0, 0x90, 0xa0, 0x11, 
0xea, 0x10, 0x60, 0xf8, 0x0, 0xf0, 0x22, 0x90, 0x8, 0xa7, 0xe0, 0x70, 0x4, 
0xea, 0x10, 0x61, 0x0, 0x0, 0xa3, 0xe0, 0x64, 0x1, 0x70, 0x3, 0x12, 0x41, 
0xea, 0x10, 0x61, 0x8, 0x0, 0xf2, 0x22, 0x90, 0x9, 0x35, 0xec, 0xf0, 0xa3, 
0xea, 0x10, 0x61, 0x10, 0x0, 0xed, 0xf0, 0xa3, 0xea, 0xf0, 0xa3, 0xeb, 0xf0, 
0xea, 0x10, 0x61, 0x18, 0x0, 0xa9, 0x7, 0xe4, 0xa3, 0xf0, 0xa3, 0xf0, 0xa3, 
0xea, 0x10, 0x61, 0x20, 0x0, 0xf0, 0xa3, 0xf0, 0xa3, 0xf0, 0xa3, 0xf0, 0xa3, 
0xea, 0x10, 0x61, 0x28, 0x0, 0xf0, 0xa3, 0xf0, 0xa3, 0xf0, 0xa3, 0xf0, 0x74, 
0xea, 0x10, 0x61, 0x30, 0x0, 0xa2, 0x29, 0xf5, 0x82, 0xe4, 0x34, 0x3, 0xf5, 
0xea, 0x10, 0x61, 0x38, 0x0, 0x83, 0xe0, 0x54, 0x7, 0xfd, 0x74, 0x65, 0x29, 
0xea, 0x10, 0x61, 0x40, 0x0, 0xf5, 0x82, 0xe4, 0x34, 0x5, 0xf5, 0x83, 0xe0, 
0xea, 0x10, 0x61, 0x48, 0x0, 0x70, 0xf, 0x74, 0xa2, 0x29, 0xf5, 0x82, 0xe4, 
0xea, 0x10, 0x61, 0x50, 0x0, 0x34, 0x3, 0xf5, 0x83, 0xe0, 0x70, 0x2, 0x80, 
0xea, 0x10, 0x61, 0x58, 0x0, 0x0, 0x90, 0x9, 0x35, 0xe0, 0xfe, 0xa3, 0xe0, 
0xea, 0x10, 0x61, 0x60, 0x0, 0xff, 0xa3, 0xe0, 0xfb, 0xa3, 0xe0, 0x90, 0x9, 
0xea, 0x10, 0x61, 0x68, 0x0, 0x41, 0xcb, 0xf0, 0xa3, 0xeb, 0xf0, 0xaa, 0x6, 
0xea, 0x10, 0x61, 0x70, 0x0, 0xab, 0x7, 0xed, 0xff, 0x33, 0x95, 0xe0, 0xfe, 
0xea, 0x10, 0x61, 0x78, 0x0, 0xef, 0x25, 0xe0, 0xff, 0xee, 0x33, 0xfe, 0xe9, 
0xea, 0x10, 0x61, 0x80, 0x0, 0xc4, 0x54, 0xf0, 0x24, 0x42, 0xf5, 0x82, 0xe4, 
0xea, 0x10, 0x61, 0x88, 0x0, 0x34, 0x3, 0xf5, 0x83, 0xe5, 0x82, 0x2f, 0xf5, 
0xea, 0x10, 0x61, 0x90, 0x0, 0x82, 0xe5, 0x83, 0x3e, 0xf5, 0x83, 0xea, 0xf0, 
0xea, 0x10, 0x61, 0x98, 0x0, 0xa3, 0xeb, 0xf0, 0x90, 0x9, 0x41, 0xe0, 0xfa, 
0xea, 0x10, 0x61, 0xa0, 0x0, 0xa3, 0xe0, 0xfb, 0xed, 0xff, 0x33, 0x95, 0xe0, 
0xea, 0x10, 0x61, 0xa8, 0x0, 0xfe, 0xef, 0x25, 0xe0, 0xff, 0xee, 0x33, 0xfe, 
0xea, 0x10, 0x61, 0xb0, 0x0, 0xe9, 0xc4, 0x54, 0xf0, 0x24, 0xa8, 0xf5, 0x82, 
0xea, 0x10, 0x61, 0xb8, 0x0, 0xe4, 0x34, 0x3, 0xf5, 0x83, 0xe5, 0x82, 0x2f, 
0xea, 0x10, 0x61, 0xc0, 0x0, 0xf5, 0x82, 0xe5, 0x83, 0x3e, 0xf5, 0x83, 0xea, 
0xea, 0x10, 0x61, 0xc8, 0x0, 0xf0, 0xa3, 0xeb, 0xf0, 0xd, 0xc3, 0xed, 0x64, 
0xea, 0x10, 0x61, 0xd0, 0x0, 0x80, 0x94, 0x88, 0x40, 0xd, 0x74, 0x65, 0x29, 
0xea, 0x10, 0x61, 0xd8, 0x0, 0xf5, 0x82, 0xe4, 0x34, 0x5, 0xf5, 0x83, 0x74, 
0xea, 0x10, 0x61, 0xe0, 0x0, 0x1, 0xf0, 0xed, 0x54, 0x7, 0xff, 0x74, 0xa2, 
0xea, 0x10, 0x61, 0xe8, 0x0, 0x29, 0xf5, 0x82, 0xe4, 0x34, 0x3, 0xf5, 0x83, 
0xea, 0x10, 0x61, 0xf0, 0x0, 0xef, 0xf0, 0x22, 0x90, 0x8, 0xa7, 0xe0, 0x70, 
0xea, 0x10, 0x61, 0xf8, 0x0, 0x4, 0xa3, 0xe0, 0x64, 0x5, 0x70, 0x2, 0xff, 
0xea, 0x10, 0x62, 0x0, 0x0, 0x22, 0x90, 0x8, 0x65, 0xef, 0xf0, 0x90, 0x8, 
0xea, 0x10, 0x62, 0x8, 0x0, 0x63, 0xe0, 0xff, 0xb4, 0xc, 0xb, 0x90, 0x8, 
0xea, 0x10, 0x62, 0x10, 0x0, 0x65, 0xe0, 0x64, 0x22, 0x70, 0x3, 0x2, 0x62, 
0xea, 0x10, 0x62, 0x18, 0x0, 0xa8, 0xef, 0xb4, 0xc, 0xb, 0x90, 0x8, 0x65, 
0xea, 0x10, 0x62, 0x20, 0x0, 0xe0, 0x64, 0x19, 0x70, 0x3, 0x2, 0x62, 0xa8, 
0xea, 0x10, 0x62, 0x28, 0x0, 0x90, 0x8, 0x63, 0xe0, 0xb4, 0xc, 0x8, 0x90, 
0xea, 0x10, 0x62, 0x30, 0x0, 0x8, 0x65, 0xe0, 0x64, 0x21, 0x60, 0x71, 0x90, 
0xea, 0x10, 0x62, 0x38, 0x0, 0x8, 0x63, 0xe0, 0xff, 0xb4, 0xc, 0x8, 0x90, 
0xea, 0x10, 0x62, 0x40, 0x0, 0x8, 0x65, 0xe0, 0x64, 0x20, 0x60, 0x61, 0xef, 
0xea, 0x10, 0x62, 0x48, 0x0, 0xb4, 0xe, 0x8, 0x90, 0x8, 0x65, 0xe0, 0x64, 
0xea, 0x10, 0x62, 0x50, 0x0, 0x11, 0x60, 0x55, 0x90, 0x8, 0x63, 0xe0, 0xb4, 
0xea, 0x10, 0x62, 0x58, 0x0, 0xe, 0x8, 0x90, 0x8, 0x65, 0xe0, 0x64, 0x13, 
0xea, 0x10, 0x62, 0x60, 0x0, 0x60, 0x46, 0x90, 0x8, 0x63, 0xe0, 0xff, 0xb4, 
0xea, 0x10, 0x62, 0x68, 0x0, 0xe, 0x8, 0x90, 0x8, 0x65, 0xe0, 0x64, 0x1, 
0xea, 0x10, 0x62, 0x70, 0x0, 0x60, 0x36, 0xef, 0xb4, 0xe, 0x8, 0x90, 0x8, 
0xea, 0x10, 0x62, 0x78, 0x0, 0x65, 0xe0, 0x64, 0x5, 0x60, 0x2a, 0x90, 0x8, 
0xea, 0x10, 0x62, 0x80, 0x0, 0x63, 0xe0, 0xb4, 0xe, 0x8, 0x90, 0x8, 0x65, 
0xea, 0x10, 0x62, 0x88, 0x0, 0xe0, 0x64, 0x6, 0x60, 0x1b, 0x90, 0x8, 0x63, 
0xea, 0x10, 0x62, 0x90, 0x0, 0xe0, 0xff, 0xb4, 0xe, 0x8, 0x90, 0x8, 0x65, 
0xea, 0x10, 0x62, 0x98, 0x0, 0xe0, 0x64, 0x7, 0x60, 0xb, 0xef, 0xb4, 0xe, 
0xea, 0x10, 0x62, 0xa0, 0x0, 0x2b, 0x90, 0x8, 0x65, 0xe0, 0xb4, 0x3, 0x24, 
0xea, 0x10, 0x62, 0xa8, 0x0, 0x90, 0x8, 0x63, 0xe0, 0x90, 0x8, 0x28, 0xf0, 
0xea, 0x10, 0x62, 0xb0, 0x0, 0x90, 0x8, 0x65, 0xe0, 0xff, 0x90, 0x8, 0x29, 
0xea, 0x10, 0x62, 0xb8, 0x0, 0xf0, 0x90, 0x8, 0xc9, 0x74, 0x2, 0xf0, 0x90, 
0xea, 0x10, 0x62, 0xc0, 0x0, 0x8, 0x2c, 0x14, 0xf0, 0x90, 0x8, 0x63, 0xef, 
0xea, 0x10, 0x62, 0xc8, 0x0, 0xf0, 0x7f, 0x1, 0x22, 0x90, 0x8, 0x65, 0xe0, 
0xea, 0x10, 0x62, 0xd0, 0x0, 0x90, 0x8, 0x63, 0xf0, 0x7f, 0x0, 0x22, 0xac, 
0xea, 0x10, 0x62, 0xd8, 0x0, 0x7, 0x90, 0x17, 0xba, 0xe0, 0x54, 0x1f, 0xff, 
0xea, 0x10, 0x62, 0xe0, 0x0, 0x90, 0x17, 0xa4, 0xe0, 0x54, 0xe0, 0x4f, 0x90, 
0xea, 0x10, 0x62, 0xe8, 0x0, 0x17, 0xf1, 0xf0, 0xec, 0x54, 0x1f, 0x90, 0x17, 
0xea, 0x10, 0x62, 0xf0, 0x0, 0xf0, 0xf0, 0xed, 0x54, 0xf, 0x90, 0x17, 0xf2, 
0xea, 0x10, 0x62, 0xf8, 0x0, 0xf0, 0x90, 0xa0, 0x0, 0xe0, 0x44, 0xa0, 0xf0, 
0xea, 0x10, 0x63, 0x0, 0x0, 0xe4, 0x90, 0xa0, 0xf, 0xf0, 0x90, 0xa0, 0x9, 
0xea, 0x10, 0x63, 0x8, 0x0, 0xf0, 0xff, 0xef, 0xb4, 0xf, 0x6, 0x90, 0xa0, 
0xea, 0x10, 0x63, 0x10, 0x0, 0x9, 0x74, 0x20, 0xf0, 0x0, 0xf, 0xef, 0xb4, 
0xea, 0x10, 0x63, 0x18, 0x0, 0x1f, 0xf0, 0x7e, 0x1f, 0x90, 0xa0, 0xf, 0xee, 
0xea, 0x10, 0x63, 0x20, 0x0, 0xf0, 0xe4, 0xff, 0x0, 0xf, 0xef, 0xb4, 0x20, 
0xea, 0x10, 0x63, 0x28, 0x0, 0xfa, 0xde, 0xf1, 0xe4, 0x90, 0xa0, 0xf, 0xf0, 
0xea, 0x10, 0x63, 0x30, 0x0, 0xff, 0x0, 0xf, 0xef, 0xb4, 0x1f, 0xfa, 0x90, 
0xea, 0x10, 0x63, 0x38, 0x0, 0xa0, 0x0, 0x74, 0x20, 0xf0, 0x90, 0x17, 0xf0, 
0xea, 0x10, 0x63, 0x40, 0x0, 0xe0, 0x90, 0xa0, 0x1, 0xf0, 0x90, 0x17, 0x9f, 
0xea, 0x10, 0x63, 0x48, 0x0, 0xe0, 0x90, 0xa0, 0x2, 0xf0, 0x90, 0x17, 0x98, 
0xea, 0x10, 0x63, 0x50, 0x0, 0xe0, 0x90, 0xa0, 0x3, 0xf0, 0x90, 0x17, 0xa0, 
0xea, 0x10, 0x63, 0x58, 0x0, 0xe0, 0x90, 0xa0, 0x4, 0xf0, 0x90, 0x17, 0x99, 
0xea, 0x10, 0x63, 0x60, 0x0, 0xe0, 0x90, 0xa0, 0x5, 0xf0, 0x90, 0x17, 0xb6, 
0xea, 0x10, 0x63, 0x68, 0x0, 0xe0, 0x90, 0xa0, 0x6, 0x70, 0x5, 0x74, 0x2, 
0xea, 0x10, 0x63, 0x70, 0x0, 0xf0, 0x80, 0x3, 0x74, 0x1, 0xf0, 0x90, 0xa0, 
0xea, 0x10, 0x63, 0x78, 0x0, 0x7, 0x74, 0x6, 0xf0, 0xa3, 0x74, 0xff, 0xf0, 
0xea, 0x10, 0x63, 0x80, 0x0, 0xa3, 0x74, 0x3f, 0xf0, 0xa3, 0x74, 0x9b, 0xf0, 
0xea, 0x10, 0x63, 0x88, 0x0, 0xa3, 0x74, 0x60, 0xf0, 0xe4, 0xa3, 0xf0, 0xa3, 
0xea, 0x10, 0x63, 0x90, 0x0, 0xf0, 0xa3, 0xf0, 0x90, 0x17, 0xf1, 0xe0, 0x90, 
0xea, 0x10, 0x63, 0x98, 0x0, 0xa0, 0xf, 0xf0, 0xa3, 0x74, 0xff, 0xf0, 0x90, 
0xea, 0x10, 0x63, 0xa0, 0x0, 0x17, 0xf2, 0xe0, 0x90, 0xa0, 0x11, 0xf0, 0xe4, 
0xea, 0x10, 0x63, 0xa8, 0x0, 0xa3, 0xf0, 0xa3, 0xf0, 0x90, 0xa0, 0x0, 0xe0, 
0xea, 0x10, 0x63, 0xb0, 0x0, 0x44, 0xa0, 0xf0, 0xe4, 0x90, 0x5, 0x6c, 0xf0, 
0xea, 0x10, 0x63, 0xb8, 0x0, 0x22, 0x90, 0x9, 0x3f, 0xee, 0xf0, 0xa3, 0xef, 
0xea, 0x10, 0x63, 0xc0, 0x0, 0xf0, 0xe4, 0xfd, 0xfc, 0xd3, 0x90, 0x9, 0x40, 
0xea, 0x10, 0x63, 0xc8, 0x0, 0xe0, 0x9d, 0xec, 0x64, 0x80, 0xf8, 0x90, 0x9, 
0xea, 0x10, 0x63, 0xd0, 0x0, 0x3f, 0xe0, 0x64, 0x80, 0x98, 0x50, 0x3, 0x2, 
0xea, 0x10, 0x63, 0xd8, 0x0, 0x64, 0x94, 0x74, 0xf2, 0x2d, 0xf5, 0x82, 0x74, 
0xea, 0x10, 0x63, 0xe0, 0x0, 0x4, 0x3c, 0xf5, 0x83, 0xe0, 0xff, 0x70, 0x3, 
0xea, 0x10, 0x63, 0xe8, 0x0, 0x2, 0x64, 0x8c, 0xef, 0x64, 0x8, 0x70, 0x3, 
0xea, 0x10, 0x63, 0xf0, 0x0, 0x2, 0x64, 0x8c, 0x90, 0x9, 0x40, 0xe0, 0x25, 
0xea, 0x10, 0x63, 0xf8, 0x0, 0xe0, 0xff, 0x90, 0x9, 0x3f, 0xe0, 0x33, 0xfe, 
0xea, 0x10, 0x64, 0x0, 0x0, 0x74, 0xa5, 0x2f, 0xf5, 0x82, 0x74, 0x5, 0x3e, 
0xea, 0x10, 0x64, 0x8, 0x0, 0xf5, 0x83, 0xe0, 0xfa, 0xa3, 0xe0, 0xfb, 0xed, 
0xea, 0x10, 0x64, 0x10, 0x0, 0x25, 0xe0, 0xff, 0xec, 0x33, 0xfe, 0x74, 0xa5, 
0xea, 0x10, 0x64, 0x18, 0x0, 0x2f, 0xf5, 0x82, 0x74, 0x5, 0x3e, 0xf5, 0x83, 
0xea, 0x10, 0x64, 0x20, 0x0, 0xe0, 0xfe, 0xa3, 0xe0, 0x6b, 0x70, 0x2, 0xee, 
0xea, 0x10, 0x64, 0x28, 0x0, 0x6a, 0x70, 0x61, 0x90, 0x9, 0x40, 0xe0, 0x25, 
0xea, 0x10, 0x64, 0x30, 0x0, 0xe0, 0xff, 0x90, 0x9, 0x3f, 0xe0, 0x33, 0xfe, 
0xea, 0x10, 0x64, 0x38, 0x0, 0x74, 0xce, 0x2f, 0xf5, 0x82, 0x74, 0x5, 0x3e, 
0xea, 0x10, 0x64, 0x40, 0x0, 0xf5, 0x83, 0xe0, 0xfa, 0xa3, 0xe0, 0xfb, 0xed, 
0xea, 0x10, 0x64, 0x48, 0x0, 0x25, 0xe0, 0xff, 0xec, 0x33, 0xfe, 0x74, 0xce, 
0xea, 0x10, 0x64, 0x50, 0x0, 0x2f, 0xf5, 0x82, 0x74, 0x5, 0x3e, 0xf5, 0x83, 
0xea, 0x10, 0x64, 0x58, 0x0, 0xe0, 0xfe, 0xa3, 0xe0, 0xc3, 0x9b, 0xea, 0x64, 
0xea, 0x10, 0x64, 0x60, 0x0, 0x80, 0xf8, 0xee, 0x64, 0x80, 0x98, 0x40, 0x7, 
0xea, 0x10, 0x64, 0x68, 0x0, 0xed, 0x25, 0xe0, 0xff, 0xec, 0x80, 0xb, 0x90, 
0xea, 0x10, 0x64, 0x70, 0x0, 0x9, 0x40, 0xe0, 0x25, 0xe0, 0xff, 0x90, 0x9, 
0xea, 0x10, 0x64, 0x78, 0x0, 0x3f, 0xe0, 0x33, 0xfe, 0x74, 0xa5, 0x2f, 0xf5, 
0xea, 0x10, 0x64, 0x80, 0x0, 0x82, 0x74, 0x5, 0x3e, 0xf5, 0x83, 0x74, 0xff, 
0xea, 0x10, 0x64, 0x88, 0x0, 0xf0, 0xa3, 0xf0, 0x22, 0xd, 0xbd, 0x0, 0x1, 
0xea, 0x10, 0x64, 0x90, 0x0, 0xc, 0x2, 0x63, 0xc4, 0x22, 0x90, 0x9, 0x7, 
0xea, 0x10, 0x64, 0x98, 0x0, 0xee, 0xf0, 0xa3, 0xef, 0xf0, 0xa3, 0xea, 0xf0, 
0xea, 0x10, 0x64, 0xa0, 0x0, 0xa3, 0xeb, 0xf0, 0x90, 0xa0, 0x7, 0xe0, 0x90, 
0xea, 0x10, 0x64, 0xa8, 0x0, 0x9, 0xb, 0xf0, 0xe4, 0x90, 0xa0, 0x7, 0xf0, 
0xea, 0x10, 0x64, 0xb0, 0x0, 0x90, 0x9, 0x7, 0xe0, 0xff, 0xa3, 0xe0, 0x90, 
0xea, 0x10, 0x64, 0xb8, 0x0, 0x9, 0x10, 0xcf, 0xf0, 0xa3, 0xef, 0xf0, 0xaf, 
0xea, 0x10, 0x64, 0xc0, 0x0, 0x5, 0x90, 0x9, 0xc, 0xec, 0xf0, 0xa3, 0xef, 
0xea, 0x10, 0x64, 0xc8, 0x0, 0xf0, 0xe4, 0xa3, 0xf0, 0xa3, 0xf0, 0x90, 0x9, 
0xea, 0x10, 0x64, 0xd0, 0x0, 0x9, 0xe0, 0xfe, 0xa3, 0xe0, 0xff, 0xc3, 0x90, 
0xea, 0x10, 0x64, 0xd8, 0x0, 0x9, 0xf, 0xe0, 0x9f, 0x90, 0x9, 0xe, 0xe0, 
0xea, 0x10, 0x64, 0xe0, 0x0, 0x9e, 0x40, 0x3, 0x2, 0x65, 0x68, 0x90, 0x9, 
0xea, 0x10, 0x64, 0xe8, 0x0, 0x10, 0xe0, 0xfc, 0xa3, 0xe0, 0xfd, 0xec, 0xfb, 
0xea, 0x10, 0x64, 0xf0, 0x0, 0xae, 0x5, 0x75, 0xe8, 0xaa, 0x75, 0xe8, 0x55, 
0xea, 0x10, 0x64, 0xf8, 0x0, 0x90, 0xa0, 0x1e, 0xeb, 0xf0, 0x90, 0xa0, 0x1d, 
0xea, 0x10, 0x65, 0x0, 0x0, 0xf0, 0x90, 0xa0, 0x22, 0xf0, 0x90, 0x9, 0xc, 
0xea, 0x10, 0x65, 0x8, 0x0, 0xe4, 0x75, 0xf0, 0x1, 0x12, 0x1c, 0x1e, 0x85, 
0xea, 0x10, 0x65, 0x10, 0x0, 0xf0, 0x82, 0xf5, 0x83, 0xe0, 0x90, 0xa0, 0x20, 
0xea, 0x10, 0x65, 0x18, 0x0, 0xf0, 0xa3, 0xee, 0xf0, 0x75, 0xe8, 0xaa, 0x75, 
0xea, 0x10, 0x65, 0x20, 0x0, 0xe8, 0x55, 0xa3, 0xe0, 0xfe, 0x4, 0x90, 0xa0, 
0xea, 0x10, 0x65, 0x28, 0x0, 0x1e, 0xf0, 0x90, 0xa0, 0x1d, 0xee, 0xf0, 0xeb, 
0xea, 0x10, 0x65, 0x30, 0x0, 0xc3, 0x94, 0x78, 0x50, 0xb, 0x75, 0xe8, 0xaa, 
0xea, 0x10, 0x65, 0x38, 0x0, 0x75, 0xe8, 0x55, 0x74, 0x4, 0x12, 0x6f, 0xd4, 
0xea, 0x10, 0x65, 0x40, 0x0, 0x90, 0x9, 0x11, 0xe0, 0x4, 0xf0, 0x70, 0x6, 
0xea, 0x10, 0x65, 0x48, 0x0, 0x90, 0x9, 0x10, 0xe0, 0x4, 0xf0, 0x12, 0x72, 
0xea, 0x10, 0x65, 0x50, 0x0, 0xa2, 0x12, 0x73, 0x5, 0x90, 0x9, 0xf, 0xe0, 
0xea, 0x10, 0x65, 0x58, 0x0, 0x4, 0xf0, 0x60, 0x3, 0x2, 0x64, 0xce, 0x90, 
0xea, 0x10, 0x65, 0x60, 0x0, 0x9, 0xe, 0xe0, 0x4, 0xf0, 0x2, 0x64, 0xce, 
0xea, 0x10, 0x65, 0x68, 0x0, 0x90, 0x9, 0xb, 0xe0, 0x90, 0xa0, 0x7, 0xf0, 
0xea, 0x10, 0x65, 0x70, 0x0, 0x22, 0x90, 0x9, 0x7, 0xee, 0xf0, 0xa3, 0xef, 
0xea, 0x10, 0x65, 0x78, 0x0, 0xf0, 0xa3, 0xea, 0xf0, 0xa3, 0xeb, 0xf0, 0x90, 
0xea, 0x10, 0x65, 0x80, 0x0, 0xa0, 0x7, 0xe0, 0x90, 0x9, 0xb, 0xf0, 0xe4, 
0xea, 0x10, 0x65, 0x88, 0x0, 0x90, 0xa0, 0x7, 0xf0, 0x90, 0x9, 0x7, 0xe0, 
0xea, 0x10, 0x65, 0x90, 0x0, 0xff, 0xa3, 0xe0, 0x90, 0x9, 0x12, 0xcf, 0xf0, 
0xea, 0x10, 0x65, 0x98, 0x0, 0xa3, 0xef, 0xf0, 0xaf, 0x5, 0x90, 0x9, 0xe, 
0xea, 0x10, 0x65, 0xa0, 0x0, 0xec, 0xf0, 0xa3, 0xef, 0xf0, 0xe4, 0xa3, 0xf0, 
0xea, 0x10, 0x65, 0xa8, 0x0, 0xa3, 0xf0, 0x90, 0x9, 0x9, 0xe0, 0xfe, 0xa3, 
0xea, 0x10, 0x65, 0xb0, 0x0, 0xe0, 0xff, 0xc3, 0x90, 0x9, 0x11, 0xe0, 0x9f, 
0xea, 0x10, 0x65, 0xb8, 0x0, 0x90, 0x9, 0x10, 0xe0, 0x9e, 0x50, 0x79, 0x90, 
0xea, 0x10, 0x65, 0xc0, 0x0, 0x9, 0x12, 0xe0, 0xfc, 0xa3, 0xe0, 0xfd, 0xec, 
0xea, 0x10, 0x65, 0xc8, 0x0, 0x90, 0x9, 0xc, 0xf0, 0xaf, 0x5, 0xed, 0xa3, 
0xea, 0x10, 0x65, 0xd0, 0x0, 0xf0, 0x75, 0xe8, 0xaa, 0x75, 0xe8, 0x55, 0x90, 
0xea, 0x10, 0x65, 0xd8, 0x0, 0x9, 0xc, 0xe0, 0x90, 0xa0, 0x1e, 0xf0, 0x90, 
0xea, 0x10, 0x65, 0xe0, 0x0, 0xa0, 0x1d, 0xf0, 0x90, 0xa0, 0x22, 0xf0, 0x90, 
0xea, 0x10, 0x65, 0xe8, 0x0, 0xa0, 0x21, 0xef, 0xf0, 0x75, 0xe8, 0xaa, 0x75, 
0xea, 0x10, 0x65, 0xf0, 0x0, 0xe8, 0x55, 0x74, 0x1, 0x12, 0x6f, 0xd4, 0x75, 
0xea, 0x10, 0x65, 0xf8, 0x0, 0xe8, 0xaa, 0x75, 0xe8, 0x55, 0x90, 0xa0, 0x20, 
0xea, 0x10, 0x66, 0x0, 0x0, 0xe0, 0xff, 0x90, 0x9, 0xe, 0xe4, 0x75, 0xf0, 
0xea, 0x10, 0x66, 0x8, 0x0, 0x1, 0x12, 0x1c, 0x1e, 0x85, 0xf0, 0x82, 0xf5, 
0xea, 0x10, 0x66, 0x10, 0x0, 0x83, 0xef, 0xf0, 0x90, 0x9, 0x13, 0xe0, 0x4, 
0xea, 0x10, 0x66, 0x18, 0x0, 0xf0, 0x70, 0x6, 0x90, 0x9, 0x12, 0xe0, 0x4, 
0xea, 0x10, 0x66, 0x20, 0x0, 0xf0, 0x12, 0x73, 0x5, 0x90, 0x9, 0x11, 0xe0, 
0xea, 0x10, 0x66, 0x28, 0x0, 0x4, 0xf0, 0x60, 0x3, 0x2, 0x65, 0xaa, 0x90, 
0xea, 0x10, 0x66, 0x30, 0x0, 0x9, 0x10, 0xe0, 0x4, 0xf0, 0x2, 0x65, 0xaa, 
0xea, 0x10, 0x66, 0x38, 0x0, 0x12, 0x72, 0xa2, 0x90, 0x9, 0xb, 0xe0, 0x90, 
0xea, 0x10, 0x66, 0x40, 0x0, 0xa0, 0x7, 0xf0, 0x22, 0x12, 0x3b, 0x47, 0x12, 
0xea, 0x10, 0x66, 0x48, 0x0, 0x73, 0x5, 0x90, 0x8, 0x26, 0xe0, 0x64, 0x1, 
0xea, 0x10, 0x66, 0x50, 0x0, 0x60, 0x3, 0x2, 0x66, 0xf8, 0x12, 0x73, 0x56, 
0xea, 0x10, 0x66, 0x58, 0x0, 0xe4, 0x90, 0x8, 0x26, 0xf0, 0x90, 0x8, 0x25, 
0xea, 0x10, 0x66, 0x60, 0x0, 0x4, 0xf0, 0x90, 0x8, 0x27, 0xe5, 0x87, 0xf0, 
0xea, 0x10, 0x66, 0x68, 0x0, 0x90, 0xa0, 0x0, 0xe0, 0x90, 0x8, 0xb9, 0xf0, 
0xea, 0x10, 0x66, 0x70, 0x0, 0x90, 0xa0, 0x6, 0xe0, 0x90, 0x8, 0xbe, 0xf0, 
0xea, 0x10, 0x66, 0x78, 0x0, 0x90, 0xa0, 0x8, 0xe0, 0x90, 0x8, 0xc5, 0xf0, 
0xea, 0x10, 0x66, 0x80, 0x0, 0x90, 0xa0, 0x9, 0xe0, 0x90, 0x8, 0xc6, 0xf0, 
0xea, 0x10, 0x66, 0x88, 0x0, 0x90, 0xa0, 0x11, 0xe0, 0x90, 0x8, 0xba, 0xf0, 
0xea, 0x10, 0x66, 0x90, 0x0, 0x90, 0xa0, 0x1c, 0xe0, 0xff, 0x90, 0x8, 0xca, 
0xea, 0x10, 0x66, 0x98, 0x0, 0xf0, 0x90, 0xa0, 0x0, 0x74, 0x20, 0xf0, 0x90, 
0xea, 0x10, 0x66, 0xa0, 0x0, 0xa0, 0x6, 0x74, 0x2, 0xf0, 0xe4, 0x90, 0xa0, 
0xea, 0x10, 0x66, 0xa8, 0x0, 0x8, 0xf0, 0x90, 0xa0, 0x9, 0xf0, 0x90, 0xa0, 
0xea, 0x10, 0x66, 0xb0, 0x0, 0x11, 0xf0, 0xef, 0x54, 0x7f, 0x90, 0xa0, 0x1c, 
0xea, 0x10, 0x66, 0xb8, 0x0, 0xf0, 0x75, 0x87, 0x2, 0x12, 0x73, 0x2a, 0x90, 
0xea, 0x10, 0x66, 0xc0, 0x0, 0x8, 0x27, 0xe0, 0xf5, 0x87, 0x90, 0x8, 0xb9, 
0xea, 0x10, 0x66, 0xc8, 0x0, 0xe0, 0x90, 0xa0, 0x0, 0xf0, 0x90, 0x8, 0xbe, 
0xea, 0x10, 0x66, 0xd0, 0x0, 0xe0, 0x90, 0xa0, 0x6, 0xf0, 0x90, 0x8, 0xc5, 
0xea, 0x10, 0x66, 0xd8, 0x0, 0xe0, 0x90, 0xa0, 0x8, 0xf0, 0x90, 0x8, 0xc6, 
0xea, 0x10, 0x66, 0xe0, 0x0, 0xe0, 0x90, 0xa0, 0x9, 0xf0, 0x90, 0x8, 0xba, 
0xea, 0x10, 0x66, 0xe8, 0x0, 0xe0, 0x90, 0xa0, 0x11, 0xf0, 0x90, 0x8, 0xca, 
0xea, 0x10, 0x66, 0xf0, 0x0, 0xe0, 0x90, 0xa0, 0x1c, 0xf0, 0x12, 0x55, 0xd1, 
0xea, 0x10, 0x66, 0xf8, 0x0, 0x90, 0x8, 0x64, 0xe0, 0xb4, 0x1, 0x5, 0xe4, 
0xea, 0x10, 0x67, 0x0, 0x0, 0xf0, 0x12, 0x73, 0x65, 0x90, 0x8, 0x66, 0xe0, 
0xea, 0x10, 0x67, 0x8, 0x0, 0xb4, 0x1, 0x5, 0xe4, 0xf0, 0x12, 0x73, 0x5e, 
0xea, 0x10, 0x67, 0x10, 0x0, 0x22, 0x90, 0x4, 0xe0, 0xe0, 0xff, 0x33, 0x95, 
0xea, 0x10, 0x67, 0x18, 0x0, 0xe0, 0xfe, 0xef, 0x24, 0xff, 0xff, 0xee, 0x34, 
0xea, 0x10, 0x67, 0x20, 0x0, 0xff, 0xfe, 0xef, 0x78, 0x6, 0xc3, 0x33, 0xce, 
0xea, 0x10, 0x67, 0x28, 0x0, 0x33, 0xce, 0xd8, 0xf9, 0xff, 0x90, 0x9, 0x44, 
0xea, 0x10, 0x67, 0x30, 0x0, 0xee, 0xf0, 0xfc, 0xa3, 0xef, 0xf0, 0xfd, 0x90, 
0xea, 0x10, 0x67, 0x38, 0x0, 0x4, 0xc1, 0xe0, 0xff, 0x33, 0x95, 0xe0, 0xfe, 
0xea, 0x10, 0x67, 0x40, 0x0, 0xef, 0x24, 0xff, 0xff, 0xee, 0x34, 0xff, 0xfe, 
0xea, 0x10, 0x67, 0x48, 0x0, 0xef, 0x78, 0x6, 0xc3, 0x33, 0xce, 0x33, 0xce, 
0xea, 0x10, 0x67, 0x50, 0x0, 0xd8, 0xf9, 0xff, 0x90, 0x9, 0x46, 0xee, 0xf0, 
0xea, 0x10, 0x67, 0x58, 0x0, 0xa3, 0xef, 0xf0, 0x90, 0x9, 0x4a, 0xe5, 0x8, 
0xea, 0x10, 0x67, 0x60, 0x0, 0xf0, 0xa3, 0xe5, 0x9, 0xf0, 0xab, 0xb, 0xaa, 
0xea, 0x10, 0x67, 0x68, 0x0, 0xa, 0xff, 0xae, 0x8, 0x12, 0x72, 0x17, 0x90, 
0xea, 0x10, 0x67, 0x70, 0x0, 0x9, 0x4a, 0xee, 0xf0, 0xa3, 0xef, 0xf0, 0xaf, 
0xea, 0x10, 0x67, 0x78, 0x0, 0x3, 0xae, 0x2, 0x90, 0x9, 0x46, 0x12, 0x72, 
0xea, 0x10, 0x67, 0x80, 0x0, 0x12, 0xaa, 0x6, 0xab, 0x7, 0x90, 0x17, 0x9b, 
0xea, 0x10, 0x67, 0x88, 0x0, 0xe0, 0x90, 0x9, 0x4a, 0x60, 0x16, 0xe0, 0xfe, 
0xea, 0x10, 0x67, 0x90, 0x0, 0xa3, 0xe0, 0xff, 0xc3, 0x90, 0x9, 0x45, 0xe0, 
0xea, 0x10, 0x67, 0x98, 0x0, 0x9f, 0xff, 0x90, 0x9, 0x44, 0xe0, 0x9e, 0x90, 
0xea, 0x10, 0x67, 0xa0, 0x0, 0x9, 0x4a, 0x80, 0x8, 0xe0, 0xff, 0xa3, 0xe0, 
0xea, 0x10, 0x67, 0xa8, 0x0, 0x90, 0x9, 0x4a, 0xcf, 0xf0, 0xa3, 0xef, 0xf0, 
0xea, 0x10, 0x67, 0xb0, 0x0, 0x90, 0x17, 0x9c, 0xe0, 0x60, 0xf, 0xc3, 0x90, 
0xea, 0x10, 0x67, 0xb8, 0x0, 0x9, 0x47, 0xe0, 0x9b, 0xfb, 0x90, 0x9, 0x46, 
0xea, 0x10, 0x67, 0xc0, 0x0, 0xe0, 0x9a, 0xfa, 0x80, 0x0, 0x90, 0x9, 0x4a, 
0xea, 0x10, 0x67, 0xc8, 0x0, 0xe0, 0xf5, 0x8, 0xa3, 0xe0, 0xf5, 0x9, 0x8a, 
0xea, 0x10, 0x67, 0xd0, 0x0, 0xa, 0x8b, 0xb, 0x22, 0x90, 0x9, 0x12, 0xee, 
0xea, 0x10, 0x67, 0xd8, 0x0, 0xf0, 0xa3, 0xef, 0xf0, 0x90, 0x5, 0x46, 0xe0, 
0xea, 0x10, 0x67, 0xe0, 0x0, 0xfe, 0x33, 0x95, 0xe0, 0x90, 0x9, 0x14, 0xf0, 
0xea, 0x10, 0x67, 0xe8, 0x0, 0xa3, 0xce, 0xf0, 0x90, 0x4, 0xbc, 0xe0, 0xff, 
0xea, 0x10, 0x67, 0xf0, 0x0, 0x33, 0x95, 0xe0, 0xfe, 0x90, 0x9, 0x14, 0xe0, 
0xea, 0x10, 0x67, 0xf8, 0x0, 0xfc, 0xa3, 0xe0, 0xfd, 0xd3, 0x9f, 0xee, 0x64, 
0xea, 0x10, 0x68, 0x0, 0x0, 0x80, 0xf8, 0xec, 0x64, 0x80, 0x98, 0x40, 0x3, 
0xea, 0x10, 0x68, 0x8, 0x0, 0x2, 0x68, 0x92, 0x90, 0x9, 0x13, 0xe0, 0x25, 
0xea, 0x10, 0x68, 0x10, 0x0, 0xe0, 0xff, 0x90, 0x9, 0x12, 0xe0, 0x33, 0xfe, 
0xea, 0x10, 0x68, 0x18, 0x0, 0x90, 0x11, 0x14, 0x75, 0xf0, 0x18, 0xed, 0x12, 
0xea, 0x10, 0x68, 0x20, 0x0, 0x1d, 0x16, 0xec, 0x75, 0xf0, 0x18, 0xa4, 0x25, 
0xea, 0x10, 0x68, 0x28, 0x0, 0x83, 0xf5, 0x83, 0xe5, 0x82, 0x2f, 0xf5, 0x82, 
0xea, 0x10, 0x68, 0x30, 0x0, 0xe5, 0x83, 0x3e, 0xf5, 0x83, 0xc0, 0x83, 0xc0, 
0xea, 0x10, 0x68, 0x38, 0x0, 0x82, 0xe0, 0xfc, 0xa3, 0xe0, 0xfd, 0x90, 0x9, 
0xea, 0x10, 0x68, 0x40, 0x0, 0x14, 0xe0, 0xfa, 0xa3, 0xe0, 0x90, 0x1, 0xc, 
0xea, 0x10, 0x68, 0x48, 0x0, 0x75, 0xf0, 0x18, 0x12, 0x1d, 0x16, 0xea, 0x75, 
0xea, 0x10, 0x68, 0x50, 0x0, 0xf0, 0x18, 0xa4, 0x25, 0x83, 0xf5, 0x83, 0xe5, 
0xea, 0x10, 0x68, 0x58, 0x0, 0x82, 0x2f, 0xf5, 0x82, 0xe5, 0x83, 0x3e, 0xf5, 
0xea, 0x10, 0x68, 0x60, 0x0, 0x83, 0xe0, 0xfe, 0xa3, 0xe0, 0x78, 0x3, 0xce, 
0xea, 0x10, 0x68, 0x68, 0x0, 0xa2, 0xe7, 0x13, 0xce, 0x13, 0xd8, 0xf8, 0xff, 
0xea, 0x10, 0x68, 0x70, 0x0, 0xc3, 0xed, 0x9f, 0xff, 0xec, 0x9e, 0xd0, 0x82, 
0xea, 0x10, 0x68, 0x78, 0x0, 0xd0, 0x83, 0xf0, 0xa3, 0xef, 0xf0, 0x90, 0x9, 
0xea, 0x10, 0x68, 0x80, 0x0, 0x15, 0xe0, 0x4, 0xf0, 0x60, 0x3, 0x2, 0x67, 
0xea, 0x10, 0x68, 0x88, 0x0, 0xeb, 0x90, 0x9, 0x14, 0xe0, 0x4, 0xf0, 0x2, 
0xea, 0x10, 0x68, 0x90, 0x0, 0x67, 0xeb, 0x22, 0x7e, 0x1, 0x7f, 0x14, 0x7d, 
0xea, 0x10, 0x68, 0x98, 0x0, 0xff, 0x7b, 0x1, 0x7a, 0x10, 0x79, 0x0, 0x12, 
0xea, 0x10, 0x68, 0xa0, 0x0, 0x1d, 0x4f, 0x7d, 0x1, 0x7c, 0x0, 0x7f, 0x1, 
0xea, 0x10, 0x68, 0xa8, 0x0, 0x7e, 0x0, 0x12, 0x60, 0x20, 0xe4, 0x90, 0x9, 
0xea, 0x10, 0x68, 0xb0, 0x0, 0xe, 0xf0, 0xa3, 0xf0, 0xe4, 0xfd, 0xfc, 0x7f, 
0xea, 0x10, 0x68, 0xb8, 0x0, 0x1, 0xfe, 0x12, 0x60, 0x20, 0x12, 0x70, 0x5c, 
0xea, 0x10, 0x68, 0xc0, 0x0, 0x90, 0x9, 0xf, 0xe0, 0x4, 0xf0, 0x70, 0x6, 
0xea, 0x10, 0x68, 0xc8, 0x0, 0x90, 0x9, 0xe, 0xe0, 0x4, 0xf0, 0xc3, 0x90, 
0xea, 0x10, 0x68, 0xd0, 0x0, 0x9, 0xf, 0xe0, 0x94, 0x20, 0x90, 0x9, 0xe, 
0xea, 0x10, 0x68, 0xd8, 0x0, 0xe0, 0x64, 0x80, 0x94, 0x80, 0x40, 0xd5, 0x7e, 
0xea, 0x10, 0x68, 0xe0, 0x0, 0x2, 0x7f, 0x28, 0x7d, 0x0, 0x7b, 0x1, 0x7a, 
0xea, 0x10, 0x68, 0xe8, 0x0, 0x1, 0x79, 0xc, 0x12, 0x1d, 0x4f, 0x90, 0x5, 
0xea, 0x10, 0x68, 0xf0, 0x0, 0xc, 0xe0, 0xfe, 0x33, 0x95, 0xe0, 0x90, 0x9, 
0xea, 0x10, 0x68, 0xf8, 0x0, 0xa, 0xf0, 0xa3, 0xce, 0xf0, 0x90, 0x4, 0x71, 
0xea, 0x10, 0x69, 0x0, 0x0, 0xe0, 0xfd, 0x33, 0x95, 0xe0, 0xfc, 0x90, 0x9, 
0xea, 0x10, 0x69, 0x8, 0x0, 0xa, 0xe0, 0xfe, 0xa3, 0xe0, 0xff, 0xd3, 0x9d, 
0xea, 0x10, 0x69, 0x10, 0x0, 0xec, 0x64, 0x80, 0xf8, 0xee, 0x64, 0x80, 0x98, 
0xea, 0x10, 0x69, 0x18, 0x0, 0x50, 0x33, 0x12, 0x10, 0x2b, 0xac, 0x6, 0xad, 
0xea, 0x10, 0x69, 0x20, 0x0, 0x7, 0x90, 0x9, 0xb, 0xe0, 0x25, 0xe0, 0xff, 
0xea, 0x10, 0x69, 0x28, 0x0, 0x90, 0x9, 0xa, 0xe0, 0x33, 0xfe, 0x74, 0x2a, 
0xea, 0x10, 0x69, 0x30, 0x0, 0x2f, 0xf5, 0x82, 0x74, 0x5, 0x3e, 0xf5, 0x83, 
0xea, 0x10, 0x69, 0x38, 0x0, 0xec, 0xf0, 0xa3, 0xed, 0xf0, 0x90, 0x9, 0xb, 
0xea, 0x10, 0x69, 0x40, 0x0, 0xe0, 0x4, 0xf0, 0x70, 0xb8, 0x90, 0x9, 0xa, 
0xea, 0x10, 0x69, 0x48, 0x0, 0xe0, 0x4, 0xf0, 0x80, 0xb0, 0x22, 0x78, 0x7f, 
0xea, 0x10, 0x69, 0x50, 0x0, 0xe4, 0xf6, 0xd8, 0xfd, 0x75, 0x81, 0xb, 0x2, 
0xea, 0x10, 0x69, 0x58, 0x0, 0x69, 0x95, 0x2, 0x0, 0x3, 0xe4, 0x93, 0xa3, 
0xea, 0x10, 0x69, 0x60, 0x0, 0xf8, 0xe4, 0x93, 0xa3, 0x40, 0x3, 0xf6, 0x80, 
0xea, 0x10, 0x69, 0x68, 0x0, 0x1, 0xf2, 0x8, 0xdf, 0xf4, 0x80, 0x29, 0xe4, 
0xea, 0x10, 0x69, 0x70, 0x0, 0x93, 0xa3, 0xf8, 0x54, 0x7, 0x24, 0xc, 0xc8, 
0xea, 0x10, 0x69, 0x78, 0x0, 0xc3, 0x33, 0xc4, 0x54, 0xf, 0x44, 0x20, 0xc8, 
0xea, 0x10, 0x69, 0x80, 0x0, 0x83, 0x40, 0x4, 0xf4, 0x56, 0x80, 0x1, 0x46, 
0xea, 0x10, 0x69, 0x88, 0x0, 0xf6, 0xdf, 0xe4, 0x80, 0xb, 0x1, 0x2, 0x4, 
0xea, 0x10, 0x69, 0x90, 0x0, 0x8, 0x10, 0x20, 0x40, 0x80, 0x90, 0x5d, 0x1d, 
0xea, 0x10, 0x69, 0x98, 0x0, 0xe4, 0x7e, 0x1, 0x93, 0x60, 0xbc, 0xa3, 0xff, 
0xea, 0x10, 0x69, 0xa0, 0x0, 0x54, 0x3f, 0x30, 0xe5, 0x9, 0x54, 0x1f, 0xfe, 
0xea, 0x10, 0x69, 0xa8, 0x0, 0xe4, 0x93, 0xa3, 0x60, 0x1, 0xe, 0xcf, 0x54, 
0xea, 0x10, 0x69, 0xb0, 0x0, 0xc0, 0x25, 0xe0, 0x60, 0xa8, 0x40, 0xb8, 0xe4, 
0xea, 0x10, 0x69, 0xb8, 0x0, 0x93, 0xa3, 0xfa, 0xe4, 0x93, 0xa3, 0xf8, 0xe4, 
0xea, 0x10, 0x69, 0xc0, 0x0, 0x93, 0xa3, 0xc8, 0xc5, 0x82, 0xc8, 0xca, 0xc5, 
0xea, 0x10, 0x69, 0xc8, 0x0, 0x83, 0xca, 0xf0, 0xa3, 0xc8, 0xc5, 0x82, 0xc8, 
0xea, 0x10, 0x69, 0xd0, 0x0, 0xca, 0xc5, 0x83, 0xca, 0xdf, 0xe9, 0xde, 0xe7, 
0xea, 0x10, 0x69, 0xd8, 0x0, 0x80, 0xbe, 0xe4, 0x90, 0x4, 0x20, 0xf0, 0x90, 
0xea, 0x10, 0x69, 0xe0, 0x0, 0x8, 0xa7, 0xe0, 0x70, 0x2, 0xa3, 0xe0, 0x70, 
0xea, 0x10, 0x69, 0xe8, 0x0, 0x5f, 0x90, 0x5, 0xf0, 0x74, 0x1c, 0xf0, 0xe4, 
0xea, 0x10, 0x69, 0xf0, 0x0, 0x90, 0x9, 0x31, 0xf0, 0xa3, 0xf0, 0xff, 0x90, 
0xea, 0x10, 0x69, 0xf8, 0x0, 0x5, 0xf0, 0xe0, 0xfe, 0xef, 0xc3, 0x9e, 0x50, 
0xea, 0x10, 0x6a, 0x0, 0x0, 0x1c, 0x74, 0x74, 0x2f, 0xf5, 0x82, 0xe4, 0x34, 
0xea, 0x10, 0x6a, 0x8, 0x0, 0x4, 0xf5, 0x83, 0xe0, 0xfd, 0x90, 0x9, 0x32, 
0xea, 0x10, 0x6a, 0x10, 0x0, 0xe0, 0x2d, 0xf0, 0x90, 0x9, 0x31, 0xe0, 0x34, 
0xea, 0x10, 0x6a, 0x18, 0x0, 0x0, 0xf0, 0xf, 0x80, 0xda, 0x12, 0x73, 0x5, 
0xea, 0x10, 0x6a, 0x20, 0x0, 0x90, 0x9, 0x31, 0xe0, 0xfe, 0xa3, 0xe0, 0xfd, 
0xea, 0x10, 0x6a, 0x28, 0x0, 0x90, 0x5, 0xf0, 0xe0, 0xfc, 0x24, 0x74, 0xf5, 
0xea, 0x10, 0x6a, 0x30, 0x0, 0x82, 0xe4, 0x34, 0x4, 0xf5, 0x83, 0xed, 0xf0, 
0xea, 0x10, 0x6a, 0x38, 0x0, 0xee, 0xff, 0x74, 0x75, 0x2c, 0xf5, 0x82, 0xe4, 
0xea, 0x10, 0x6a, 0x40, 0x0, 0x34, 0x4, 0xf5, 0x83, 0xef, 0xf0, 0x80, 0x6, 
0xea, 0x10, 0x6a, 0x48, 0x0, 0x90, 0x5, 0xf0, 0x74, 0x40, 0xf0, 0xc2, 0x91, 
0xea, 0x10, 0x6a, 0x50, 0x0, 0x22, 0xab, 0x7, 0xaa, 0x6, 0xeb, 0x64, 0x4, 
0xea, 0x10, 0x6a, 0x58, 0x0, 0x4a, 0x70, 0x22, 0xe5, 0x9, 0xae, 0x8, 0x78, 
0xea, 0x10, 0x6a, 0x60, 0x0, 0x2, 0xce, 0xa2, 0xe7, 0x13, 0xce, 0x13, 0xd8, 
0xea, 0x10, 0x6a, 0x68, 0x0, 0xf8, 0xf5, 0x9, 0x8e, 0x8, 0xe5, 0xb, 0xae, 
0xea, 0x10, 0x6a, 0x70, 0x0, 0xa, 0x78, 0x2, 0xce, 0xa2, 0xe7, 0x13, 0xce, 
0xea, 0x10, 0x6a, 0x78, 0x0, 0x13, 0xd8, 0xf8, 0x80, 0x26, 0xeb, 0x64, 0x8, 
0xea, 0x10, 0x6a, 0x80, 0x0, 0x4a, 0x70, 0x25, 0xe5, 0x9, 0xae, 0x8, 0x78, 
0xea, 0x10, 0x6a, 0x88, 0x0, 0x3, 0xce, 0xa2, 0xe7, 0x13, 0xce, 0x13, 0xd8, 
0xea, 0x10, 0x6a, 0x90, 0x0, 0xf8, 0xf5, 0x9, 0x8e, 0x8, 0xe5, 0xb, 0xae, 
0xea, 0x10, 0x6a, 0x98, 0x0, 0xa, 0x78, 0x3, 0xce, 0xa2, 0xe7, 0x13, 0xce, 
0xea, 0x10, 0x6a, 0xa0, 0x0, 0x13, 0xd8, 0xf8, 0xf5, 0xb, 0x8e, 0xa, 0x22, 
0xea, 0x10, 0x6a, 0xa8, 0x0, 0xae, 0x8, 0xaf, 0x9, 0xad, 0x3, 0xac, 0x2, 
0xea, 0x10, 0x6a, 0xb0, 0x0, 0x12, 0x1b, 0xd2, 0x8e, 0x8, 0x8f, 0x9, 0xae, 
0xea, 0x10, 0x6a, 0xb8, 0x0, 0xa, 0xaf, 0xb, 0xac, 0x2, 0xad, 0x3, 0x12, 
0xea, 0x10, 0x6a, 0xc0, 0x0, 0x1b, 0xd2, 0x8e, 0xa, 0x8f, 0xb, 0x22, 0xe4, 
0xea, 0x10, 0x6a, 0xc8, 0x0, 0xfd, 0xfc, 0x90, 0x17, 0x9a, 0xe0, 0xff, 0xc3, 
0xea, 0x10, 0x6a, 0xd0, 0x0, 0xed, 0x9f, 0x74, 0x80, 0xf8, 0x6c, 0x98, 0x50, 
0xea, 0x10, 0x6a, 0xd8, 0x0, 0x60, 0xed, 0x25, 0xe0, 0xff, 0xec, 0x33, 0xfe, 
0xea, 0x10, 0x6a, 0xe0, 0x0, 0x74, 0xd4, 0x2f, 0xf5, 0x82, 0x74, 0x4, 0x3e, 
0xea, 0x10, 0x6a, 0xe8, 0x0, 0xf5, 0x83, 0xe0, 0xfe, 0xa3, 0xe0, 0x64, 0x1, 
0xea, 0x10, 0x6a, 0xf0, 0x0, 0x4e, 0x70, 0x3f, 0xed, 0x25, 0xe0, 0xff, 0xec, 
0xea, 0x10, 0x6a, 0xf8, 0x0, 0x33, 0xfe, 0x74, 0xb2, 0x2f, 0xf5, 0x82, 0x74, 
0xea, 0x10, 0x6b, 0x0, 0x0, 0x5, 0x3e, 0xf5, 0x83, 0xe4, 0xf0, 0xa3, 0xf0, 
0xea, 0x10, 0x6b, 0x8, 0x0, 0x74, 0xbe, 0x2f, 0xf5, 0x82, 0x74, 0x5, 0x3e, 
0xea, 0x10, 0x6b, 0x10, 0x0, 0xf5, 0x83, 0xe4, 0xf0, 0xa3, 0xf0, 0x74, 0xc2, 
0xea, 0x10, 0x6b, 0x18, 0x0, 0x2f, 0xf5, 0x82, 0x74, 0x4, 0x3e, 0xf5, 0x83, 
0xea, 0x10, 0x6b, 0x20, 0x0, 0xe4, 0xf0, 0xa3, 0xf0, 0x74, 0xd4, 0x2f, 0xf5, 
0xea, 0x10, 0x6b, 0x28, 0x0, 0x82, 0x74, 0x4, 0x3e, 0xf5, 0x83, 0xe4, 0xf0, 
0xea, 0x10, 0x6b, 0x30, 0x0, 0xa3, 0xf0, 0xd, 0xbd, 0x0, 0x1, 0xc, 0x80, 
0xea, 0x10, 0x6b, 0x38, 0x0, 0x91, 0x22, 0x90, 0x8, 0xef, 0xef, 0xf0, 0x70, 
0xea, 0x10, 0x6b, 0x40, 0x0, 0x6, 0xa3, 0x74, 0xff, 0xf0, 0x80, 0x5, 0xe4, 
0xea, 0x10, 0x6b, 0x48, 0x0, 0x90, 0x8, 0xf0, 0xf0, 0xe4, 0x90, 0xa0, 0x14, 
0xea, 0x10, 0x6b, 0x50, 0x0, 0xf0, 0x90, 0x8, 0xf0, 0xe0, 0x90, 0xa0, 0x15, 
0xea, 0x10, 0x6b, 0x58, 0x0, 0xf0, 0x54, 0xf0, 0x90, 0xa0, 0x16, 0xf0, 0xe4, 
0xea, 0x10, 0x6b, 0x60, 0x0, 0x90, 0xa0, 0x17, 0xf0, 0x90, 0xa0, 0x18, 0xf0, 
0xea, 0x10, 0x6b, 0x68, 0x0, 0x90, 0xa0, 0x19, 0xf0, 0x90, 0x8, 0xf0, 0xe0, 
0xea, 0x10, 0x6b, 0x70, 0x0, 0x90, 0xa0, 0x1a, 0xf0, 0x90, 0xa0, 0x1b, 0xf0, 
0xea, 0x10, 0x6b, 0x78, 0x0, 0x90, 0xa0, 0x1c, 0xf0, 0x90, 0xa0, 0x11, 0xe0, 
0xea, 0x10, 0x6b, 0x80, 0x0, 0x44, 0x40, 0xf0, 0x90, 0x8, 0xf0, 0xe0, 0x54, 
0xea, 0x10, 0x6b, 0x88, 0x0, 0xf, 0xf5, 0x90, 0x7f, 0x2, 0x12, 0x72, 0x61, 
0xea, 0x10, 0x6b, 0x90, 0x0, 0x90, 0x8, 0xef, 0xe0, 0x12, 0x6e, 0x7, 0x12, 
0xea, 0x10, 0x6b, 0x98, 0x0, 0x6e, 0x58, 0x7f, 0x2, 0x12, 0x72, 0x61, 0x12, 
0xea, 0x10, 0x6b, 0xa0, 0x0, 0x71, 0xe4, 0xc2, 0x95, 0xc2, 0x94, 0xd2, 0x91, 
0xea, 0x10, 0x6b, 0xa8, 0x0, 0xd2, 0x90, 0x22, 0x90, 0xa0, 0x7, 0xe0, 0x90, 
0xea, 0x10, 0x6b, 0xb0, 0x0, 0x9, 0x8, 0xf0, 0xe4, 0x90, 0xa0, 0x7, 0xf0, 
0xea, 0x10, 0x6b, 0xb8, 0x0, 0xef, 0x4, 0xfe, 0x75, 0xe8, 0xaa, 0x75, 0xe8, 
0xea, 0x10, 0x6b, 0xc0, 0x0, 0x55, 0xe4, 0x90, 0xa0, 0x21, 0xf0, 0xef, 0x25, 
0xea, 0x10, 0x6b, 0xc8, 0x0, 0xe0, 0x25, 0xe0, 0xfd, 0xa3, 0xf0, 0x75, 0xe8, 
0xea, 0x10, 0x6b, 0xd0, 0x0, 0xaa, 0x75, 0xe8, 0x55, 0xee, 0x25, 0xe0, 0x25, 
0xea, 0x10, 0x6b, 0xd8, 0x0, 0xe0, 0x90, 0xa0, 0x1e, 0xf0, 0x90, 0xa0, 0x1d, 
0xea, 0x10, 0x6b, 0xe0, 0x0, 0xed, 0xf0, 0xef, 0xc3, 0x94, 0x1e, 0x50, 0x24, 
0xea, 0x10, 0x6b, 0xe8, 0x0, 0x75, 0xe8, 0xaa, 0x75, 0xe8, 0x55, 0x90, 0xa0, 
0xea, 0x10, 0x6b, 0xf0, 0x0, 0x1f, 0x74, 0x10, 0xf0, 0xe4, 0x90, 0x9, 0x7, 
0xea, 0x10, 0x6b, 0xf8, 0x0, 0xf0, 0x7f, 0xff, 0x7e, 0x0, 0x12, 0x6f, 0xdc, 
0xea, 0x10, 0x6c, 0x0, 0x0, 0x90, 0x9, 0x7, 0xe0, 0x4, 0xf0, 0xe0, 0xc3, 
0xea, 0x10, 0x6c, 0x8, 0x0, 0x94, 0x80, 0x40, 0xed, 0x90, 0x9, 0x8, 0xe0, 
0xea, 0x10, 0x6c, 0x10, 0x0, 0x90, 0xa0, 0x7, 0xf0, 0x22, 0x90, 0x9, 0xa, 
0xea, 0x10, 0x6c, 0x18, 0x0, 0xee, 0xf0, 0xa3, 0xef, 0xf0, 0xe4, 0xa3, 0xf0, 
0xea, 0x10, 0x6c, 0x20, 0x0, 0xa3, 0xf0, 0x90, 0x9, 0xc, 0xe0, 0xfe, 0xa3, 
0xea, 0x10, 0x6c, 0x28, 0x0, 0xe0, 0xff, 0xc3, 0x94, 0x6, 0xee, 0x64, 0x80, 
0xea, 0x10, 0x6c, 0x30, 0x0, 0x94, 0x80, 0x50, 0x45, 0x74, 0xf2, 0x2f, 0xf5, 
0xea, 0x10, 0x6c, 0x38, 0x0, 0x82, 0x74, 0x4, 0x3e, 0xf5, 0x83, 0xe0, 0xff, 
0xea, 0x10, 0x6c, 0x40, 0x0, 0x60, 0x27, 0xef, 0x64, 0x8, 0x60, 0x22, 0x90, 
0xea, 0x10, 0x6c, 0x48, 0x0, 0x9, 0xc, 0xe0, 0xfe, 0xa3, 0xe0, 0xff, 0x12, 
0xea, 0x10, 0x6c, 0x50, 0x0, 0x2d, 0xe4, 0xc3, 0x90, 0x9, 0xb, 0xe0, 0x9f, 
0xea, 0x10, 0x6c, 0x58, 0x0, 0xee, 0x64, 0x80, 0xf8, 0x90, 0x9, 0xa, 0xe0, 
0xea, 0x10, 0x6c, 0x60, 0x0, 0x64, 0x80, 0x98, 0x50, 0x4, 0xe4, 0xfe, 0xff, 
0xea, 0x10, 0x6c, 0x68, 0x0, 0x22, 0x90, 0x9, 0xd, 0xe0, 0x4, 0xf0, 0x70, 
0xea, 0x10, 0x6c, 0x70, 0x0, 0xb1, 0x90, 0x9, 0xc, 0xe0, 0x4, 0xf0, 0x80, 
0xea, 0x10, 0x6c, 0x78, 0x0, 0xa9, 0x7e, 0x0, 0x7f, 0x1, 0x22, 0x12, 0x71, 
0xea, 0x10, 0x6c, 0x80, 0x0, 0x4f, 0x90, 0xa0, 0x9, 0x74, 0x7f, 0xf0, 0x90, 
0xea, 0x10, 0x6c, 0x88, 0x0, 0xa0, 0xf, 0xe0, 0xfe, 0x7d, 0x1f, 0x90, 0xa0, 
0xea, 0x10, 0x6c, 0x90, 0x0, 0xf, 0xed, 0xf0, 0xe4, 0xfc, 0xc, 0xec, 0xb4, 
0xea, 0x10, 0x6c, 0x98, 0x0, 0x20, 0xfb, 0xdd, 0xf2, 0x90, 0xa0, 0xf, 0xee, 
0xea, 0x10, 0x6c, 0xa0, 0x0, 0xf0, 0xe4, 0x90, 0xa0, 0x2, 0xf0, 0x90, 0xa0, 
0xea, 0x10, 0x6c, 0xa8, 0x0, 0x3, 0xf0, 0x90, 0xa0, 0x4, 0xf0, 0x90, 0xa0, 
0xea, 0x10, 0x6c, 0xb0, 0x0, 0x5, 0xf0, 0x90, 0xa0, 0x11, 0xf0, 0x90, 0xa0, 
0xea, 0x10, 0x6c, 0xb8, 0x0, 0x12, 0xf0, 0x90, 0xa0, 0x13, 0xf0, 0x90, 0xa0, 
0xea, 0x10, 0x6c, 0xc0, 0x0, 0x0, 0x74, 0x2f, 0xf0, 0xef, 0xfc, 0x33, 0x95, 
0xea, 0x10, 0x6c, 0xc8, 0x0, 0xe0, 0x90, 0x17, 0xc0, 0xf0, 0xa3, 0xcc, 0xf0, 
0xea, 0x10, 0x6c, 0xd0, 0x0, 0x90, 0xa0, 0x1, 0x60, 0x8, 0xe0, 0x54, 0x3f, 
0xea, 0x10, 0x6c, 0xd8, 0x0, 0x44, 0x80, 0xf0, 0x80, 0x6, 0xe0, 0x54, 0x3f, 
0xea, 0x10, 0x6c, 0xe0, 0x0, 0x44, 0x40, 0xf0, 0x2, 0x71, 0xe4, 0xad, 0x7, 
0xea, 0x10, 0x6c, 0xe8, 0x0, 0xed, 0x90, 0x73, 0x7c, 0x93, 0x90, 0xa0, 0x1, 
0xea, 0x10, 0x6c, 0xf0, 0x0, 0xf0, 0x90, 0xa0, 0x0, 0x74, 0x28, 0xf0, 0x4, 
0xea, 0x10, 0x6c, 0xf8, 0x0, 0xf0, 0x74, 0x2b, 0xf0, 0x90, 0xa0, 0x10, 0xe0, 
0xea, 0x10, 0x6d, 0x0, 0x0, 0x20, 0xe0, 0x6, 0xd2, 0xae, 0xd2, 0xbe, 0x80, 
0xea, 0x10, 0x6d, 0x8, 0x0, 0xf3, 0x90, 0xa0, 0x10, 0x74, 0xff, 0xf0, 0x90, 
0xea, 0x10, 0x6d, 0x10, 0x0, 0xa0, 0x0, 0x74, 0x20, 0xf0, 0xe4, 0xfc, 0x75, 
0xea, 0x10, 0x6d, 0x18, 0x0, 0xf0, 0x2, 0xec, 0xa4, 0x24, 0x3c, 0xf5, 0x82, 
0xea, 0x10, 0x6d, 0x20, 0x0, 0xe5, 0xf0, 0x34, 0x13, 0xf5, 0x83, 0xe0, 0xff, 
0xea, 0x10, 0x6d, 0x28, 0x0, 0x75, 0xf0, 0xc, 0xed, 0xa4, 0x2c, 0xf5, 0x82, 
0xea, 0x10, 0x6d, 0x30, 0x0, 0xe4, 0x35, 0xf0, 0xf5, 0x83, 0xe5, 0x82, 0x24, 
0xea, 0x10, 0x6d, 0x38, 0x0, 0x6b, 0xf5, 0x82, 0xe5, 0x83, 0x34, 0x8, 0xf5, 
0xea, 0x10, 0x6d, 0x40, 0x0, 0x83, 0xef, 0xf0, 0xc, 0xec, 0xb4, 0xc, 0xcf, 
0xea, 0x10, 0x6d, 0x48, 0x0, 0x22, 0x12, 0x71, 0x4f, 0xe4, 0x90, 0xa0, 0x2, 
0xea, 0x10, 0x6d, 0x50, 0x0, 0xf0, 0x90, 0xa0, 0x3, 0x4, 0xf0, 0xe4, 0x90, 
0xea, 0x10, 0x6d, 0x58, 0x0, 0xa0, 0x4, 0xf0, 0x90, 0xa0, 0x5, 0x74, 0xc, 
0xea, 0x10, 0x6d, 0x60, 0x0, 0xf0, 0x90, 0xa0, 0x8, 0x74, 0xff, 0xf0, 0x90, 
0xea, 0x10, 0x6d, 0x68, 0x0, 0xa0, 0x9, 0x74, 0x3f, 0xf0, 0x90, 0xa0, 0xb, 
0xea, 0x10, 0x6d, 0x70, 0x0, 0x74, 0xff, 0xf0, 0x90, 0xa0, 0x10, 0xf0, 0x90, 
0xea, 0x10, 0x6d, 0x78, 0x0, 0xa0, 0x11, 0x74, 0x13, 0xf0, 0x90, 0xa0, 0x12, 
0xea, 0x10, 0x6d, 0x80, 0x0, 0x74, 0x55, 0xf0, 0x90, 0xa0, 0x13, 0xf0, 0x90, 
0xea, 0x10, 0x6d, 0x88, 0x0, 0xa0, 0x6, 0xe0, 0xb4, 0x1, 0x5, 0xe4, 0xff, 
0xea, 0x10, 0x6d, 0x90, 0x0, 0x2, 0x6c, 0xe6, 0xe4, 0xff, 0x12, 0x6c, 0xe6, 
0xea, 0x10, 0x6d, 0x98, 0x0, 0x7f, 0x1, 0x12, 0x6c, 0xe6, 0x7f, 0x2, 0x12, 
0xea, 0x10, 0x6d, 0xa0, 0x0, 0x6c, 0xe6, 0x90, 0xa0, 0x6, 0x74, 0x1, 0xf0, 
0xea, 0x10, 0x6d, 0xa8, 0x0, 0x22, 0xe4, 0x90, 0x9, 0x34, 0xf0, 0x90, 0x9, 
0xea, 0x10, 0x6d, 0xb0, 0x0, 0x31, 0xf0, 0x12, 0x73, 0x5, 0x90, 0x9, 0x31, 
0xea, 0x10, 0x6d, 0xb8, 0x0, 0xe0, 0x24, 0xf2, 0xf5, 0x82, 0xe4, 0x34, 0x4, 
0xea, 0x10, 0x6d, 0xc0, 0x0, 0xf5, 0x83, 0xe0, 0x24, 0xfc, 0x60, 0x8, 0x24, 
0xea, 0x10, 0x6d, 0xc8, 0x0, 0xfc, 0x60, 0x4, 0x24, 0x6, 0x70, 0x29, 0x90, 
0xea, 0x10, 0x6d, 0xd0, 0x0, 0x9, 0x31, 0xe0, 0xff, 0x25, 0xe0, 0x24, 0xe4, 
0xea, 0x10, 0x6d, 0xd8, 0x0, 0xf5, 0x82, 0xe4, 0x34, 0x5, 0xf5, 0x83, 0xe0, 
0xea, 0x10, 0x6d, 0xe0, 0x0, 0xfc, 0xa3, 0xe0, 0xfd, 0xef, 0x25, 0xe0, 0x24, 
0xea, 0x10, 0x6d, 0xe8, 0x0, 0x0, 0xf5, 0x82, 0xe4, 0x34, 0x1, 0xf5, 0x83, 
0xea, 0x10, 0x6d, 0xf0, 0x0, 0xe0, 0xfa, 0xa3, 0xe0, 0xfb, 0x12, 0x61, 0xa, 
0xea, 0x10, 0x6d, 0xf8, 0x0, 0x90, 0x9, 0x31, 0xe0, 0x4, 0xf0, 0xe0, 0xc3, 
0xea, 0x10, 0x6e, 0x0, 0x0, 0x94, 0x6, 0x40, 0xae, 0x2, 0x3d, 0x8f, 0x90, 
0xea, 0x10, 0x6e, 0x8, 0x0, 0x8, 0x6c, 0xe0, 0x90, 0xa0, 0x14, 0xf0, 0x90, 
0xea, 0x10, 0x6e, 0x10, 0x0, 0x8, 0x6d, 0xe0, 0x90, 0xa0, 0x15, 0xf0, 0x90, 
0xea, 0x10, 0x6e, 0x18, 0x0, 0x8, 0x6e, 0xe0, 0x90, 0xa0, 0x16, 0xf0, 0x90, 
0xea, 0x10, 0x6e, 0x20, 0x0, 0x8, 0x6f, 0xe0, 0x90, 0xa0, 0x17, 0xf0, 0x90, 
0xea, 0x10, 0x6e, 0x28, 0x0, 0x8, 0x70, 0xe0, 0x90, 0xa0, 0x18, 0xf0, 0x90, 
0xea, 0x10, 0x6e, 0x30, 0x0, 0x8, 0x71, 0xe0, 0x90, 0xa0, 0x19, 0xf0, 0x90, 
0xea, 0x10, 0x6e, 0x38, 0x0, 0x8, 0x72, 0xe0, 0x90, 0xa0, 0x1a, 0xf0, 0x90, 
0xea, 0x10, 0x6e, 0x40, 0x0, 0x8, 0x73, 0xe0, 0x90, 0xa0, 0x1b, 0xf0, 0x90, 
0xea, 0x10, 0x6e, 0x48, 0x0, 0x8, 0x74, 0xe0, 0x90, 0xa0, 0x1c, 0xf0, 0x90, 
0xea, 0x10, 0x6e, 0x50, 0x0, 0x8, 0x75, 0xe0, 0x90, 0xa0, 0x11, 0xf0, 0x22, 
0xea, 0x10, 0x6e, 0x58, 0x0, 0x90, 0x8, 0x76, 0xe0, 0x90, 0xa0, 0x14, 0xf0, 
0xea, 0x10, 0x6e, 0x60, 0x0, 0x90, 0x8, 0x77, 0xe0, 0x90, 0xa0, 0x15, 0xf0, 
0xea, 0x10, 0x6e, 0x68, 0x0, 0x90, 0x8, 0x78, 0xe0, 0x90, 0xa0, 0x16, 0xf0, 
0xea, 0x10, 0x6e, 0x70, 0x0, 0x90, 0x8, 0x79, 0xe0, 0x90, 0xa0, 0x17, 0xf0, 
0xea, 0x10, 0x6e, 0x78, 0x0, 0x90, 0x8, 0x7a, 0xe0, 0x90, 0xa0, 0x18, 0xf0, 
0xea, 0x10, 0x6e, 0x80, 0x0, 0x90, 0x8, 0x7b, 0xe0, 0x90, 0xa0, 0x19, 0xf0, 
0xea, 0x10, 0x6e, 0x88, 0x0, 0x90, 0x8, 0x7c, 0xe0, 0x90, 0xa0, 0x1a, 0xf0, 
0xea, 0x10, 0x6e, 0x90, 0x0, 0x90, 0x8, 0x7d, 0xe0, 0x90, 0xa0, 0x1b, 0xf0, 
0xea, 0x10, 0x6e, 0x98, 0x0, 0x90, 0x8, 0x7e, 0xe0, 0x90, 0xa0, 0x1c, 0xf0, 
0xea, 0x10, 0x6e, 0xa0, 0x0, 0x90, 0x8, 0x7f, 0xe0, 0x90, 0xa0, 0x11, 0xf0, 
0xea, 0x10, 0x6e, 0xa8, 0x0, 0x22, 0x90, 0x9, 0x50, 0xeb, 0xf0, 0xa3, 0xea, 
0xea, 0x10, 0x6e, 0xb0, 0x0, 0xf0, 0xa3, 0xe9, 0xf0, 0x90, 0x9, 0x4c, 0xee, 
0xea, 0x10, 0x6e, 0xb8, 0x0, 0xf0, 0xa3, 0xef, 0xf0, 0xa3, 0xec, 0xf0, 0xa3, 
0xea, 0x10, 0x6e, 0xc0, 0x0, 0xed, 0xf0, 0x12, 0x49, 0xac, 0x90, 0x9, 0x50, 
0xea, 0x10, 0x6e, 0xc8, 0x0, 0xe0, 0xfb, 0xa3, 0xe0, 0xfa, 0xa3, 0xe0, 0xf9, 
0xea, 0x10, 0x6e, 0xd0, 0x0, 0xee, 0x8f, 0xf0, 0x12, 0x1c, 0x34, 0x90, 0x9, 
0xea, 0x10, 0x6e, 0xd8, 0x0, 0x4c, 0xe0, 0xfe, 0xa3, 0xe0, 0xff, 0xa3, 0xe0, 
0xea, 0x10, 0x6e, 0xe0, 0x0, 0xfc, 0xa3, 0xe0, 0xfd, 0x12, 0x4c, 0xd9, 0x90, 
0xea, 0x10, 0x6e, 0xe8, 0x0, 0x9, 0x53, 0xe0, 0xfb, 0xa3, 0xe0, 0xfa, 0xa3, 
0xea, 0x10, 0x6e, 0xf0, 0x0, 0xe0, 0xf9, 0xee, 0x8f, 0xf0, 0x2, 0x1c, 0x34, 
0xea, 0x10, 0x6e, 0xf8, 0x0, 0xe4, 0x90, 0x9, 0x31, 0xf0, 0xa3, 0xf0, 0x90, 
0xea, 0x10, 0x6f, 0x0, 0x0, 0x5, 0xf0, 0xe0, 0xff, 0x90, 0x4, 0x20, 0xe0, 
0xea, 0x10, 0x6f, 0x8, 0x0, 0xc3, 0x9f, 0x50, 0x29, 0xc3, 0x90, 0x9, 0x32, 
0xea, 0x10, 0x6f, 0x10, 0x0, 0xe0, 0x94, 0x40, 0x90, 0x9, 0x31, 0xe0, 0x64, 
0xea, 0x10, 0x6f, 0x18, 0x0, 0x80, 0x94, 0x86, 0x50, 0x18, 0x7f, 0x1, 0x12, 
0xea, 0x10, 0x6f, 0x20, 0x0, 0x72, 0x61, 0x90, 0x9, 0x32, 0xe0, 0x4, 0xf0, 
0xea, 0x10, 0x6f, 0x28, 0x0, 0x70, 0x6, 0x90, 0x9, 0x31, 0xe0, 0x4, 0xf0, 
0xea, 0x10, 0x6f, 0x30, 0x0, 0x12, 0x73, 0x5, 0x80, 0xca, 0x7f, 0x3, 0x12, 
0xea, 0x10, 0x6f, 0x38, 0x0, 0x72, 0x3a, 0xd2, 0x91, 0xe4, 0x90, 0x4, 0x20, 
0xea, 0x10, 0x6f, 0x40, 0x0, 0xf0, 0x22, 0x90, 0x8, 0xef, 0xef, 0xf0, 0x12, 
0xea, 0x10, 0x6f, 0x48, 0x0, 0x71, 0x4f, 0xe4, 0x90, 0xa0, 0x14, 0xf0, 0x90, 
0xea, 0x10, 0x6f, 0x50, 0x0, 0x8, 0xef, 0xe0, 0x90, 0xa0, 0x15, 0xf0, 0x54, 
0xea, 0x10, 0x6f, 0x58, 0x0, 0xf0, 0x90, 0xa0, 0x16, 0xf0, 0xe4, 0x90, 0xa0, 
0xea, 0x10, 0x6f, 0x60, 0x0, 0x17, 0xf0, 0x90, 0xa0, 0x18, 0xf0, 0x90, 0xa0, 
0xea, 0x10, 0x6f, 0x68, 0x0, 0x19, 0xf0, 0x90, 0x8, 0xef, 0xe0, 0x90, 0xa0, 
0xea, 0x10, 0x6f, 0x70, 0x0, 0x1a, 0xf0, 0x90, 0xa0, 0x1b, 0xf0, 0x90, 0xa0, 
0xea, 0x10, 0x6f, 0x78, 0x0, 0x1c, 0xf0, 0x90, 0xa0, 0x11, 0xe0, 0x44, 0x40, 
0xea, 0x10, 0x6f, 0x80, 0x0, 0xf0, 0x90, 0x8, 0xef, 0xe0, 0x54, 0xf, 0xf5, 
0xea, 0x10, 0x6f, 0x88, 0x0, 0x90, 0x2, 0x71, 0xe4, 0xe4, 0x90, 0x9, 0x31, 
0xea, 0x10, 0x6f, 0x90, 0x0, 0xf0, 0xa3, 0xf0, 0x90, 0x9, 0x31, 0xe0, 0xfe, 
0xea, 0x10, 0x6f, 0x98, 0x0, 0xa3, 0xe0, 0xff, 0xc3, 0x94, 0x6, 0xee, 0x64, 
0xea, 0x10, 0x6f, 0xa0, 0x0, 0x80, 0x94, 0x80, 0x50, 0x2e, 0x74, 0xf2, 0x2f, 
0xea, 0x10, 0x6f, 0xa8, 0x0, 0xf5, 0x82, 0x74, 0x4, 0x3e, 0xf5, 0x83, 0xe0, 
0xea, 0x10, 0x6f, 0xb0, 0x0, 0xff, 0x64, 0x8, 0x60, 0x3, 0xef, 0x70, 0xb, 
0xea, 0x10, 0x6f, 0xb8, 0x0, 0x90, 0x9, 0x31, 0xe0, 0xfe, 0xa3, 0xe0, 0xff, 
0xea, 0x10, 0x6f, 0xc0, 0x0, 0x12, 0x59, 0xb0, 0x90, 0x9, 0x32, 0xe0, 0x4, 
0xea, 0x10, 0x6f, 0xc8, 0x0, 0xf0, 0x70, 0xc8, 0x90, 0x9, 0x31, 0xe0, 0x4, 
0xea, 0x10, 0x6f, 0xd0, 0x0, 0xf0, 0x80, 0xc0, 0x22, 0x90, 0xa0, 0x1f, 0xf0, 
0xea, 0x10, 0x6f, 0xd8, 0x0, 0x7f, 0x2, 0x7e, 0x0, 0x90, 0x9, 0x14, 0xee, 
0xea, 0x10, 0x6f, 0xe0, 0x0, 0xf0, 0xa3, 0xef, 0xf0, 0xe4, 0xa3, 0xf0, 0xa3, 
0xea, 0x10, 0x6f, 0xe8, 0x0, 0xf0, 0x90, 0x9, 0x14, 0xe0, 0xfe, 0xa3, 0xe0, 
0xea, 0x10, 0x6f, 0xf0, 0x0, 0xff, 0xc3, 0x90, 0x9, 0x17, 0xe0, 0x9f, 0xee, 
0xea, 0x10, 0x6f, 0xf8, 0x0, 0x64, 0x80, 0xf8, 0x90, 0x9, 0x16, 0xe0, 0x64, 
0xea, 0x10, 0x70, 0x0, 0x0, 0x80, 0x98, 0x50, 0x13, 0x12, 0x73, 0x5, 0x90, 
0xea, 0x10, 0x70, 0x8, 0x0, 0x9, 0x17, 0xe0, 0x4, 0xf0, 0x70, 0xda, 0x90, 
0xea, 0x10, 0x70, 0x10, 0x0, 0x9, 0x16, 0xe0, 0x4, 0xf0, 0x80, 0xd2, 0x22, 
0xea, 0x10, 0x70, 0x18, 0x0, 0xc2, 0xd5, 0xe8, 0x30, 0xe7, 0xf, 0xb2, 0xd5, 
0xea, 0x10, 0x70, 0x20, 0x0, 0xe4, 0xc3, 0x9b, 0xfb, 0xe4, 0x9a, 0xfa, 0xe4, 
0xea, 0x10, 0x70, 0x28, 0x0, 0x99, 0xf9, 0xe4, 0x98, 0xf8, 0xec, 0x30, 0xe7, 
0xea, 0x10, 0x70, 0x30, 0x0, 0x17, 0xb2, 0xd5, 0x12, 0x70, 0x4e, 0x12, 0x1e, 
0xea, 0x10, 0x70, 0x38, 0x0, 0xc, 0xe4, 0xc3, 0x9b, 0xfb, 0xe4, 0x9a, 0xfa, 
0xea, 0x10, 0x70, 0x40, 0x0, 0xe4, 0x99, 0xf9, 0xe4, 0x98, 0xf8, 0x80, 0x3, 
0xea, 0x10, 0x70, 0x48, 0x0, 0x12, 0x1e, 0xc, 0x30, 0xd5, 0xd, 0xe4, 0xc3, 
0xea, 0x10, 0x70, 0x50, 0x0, 0x9f, 0xff, 0xe4, 0x9e, 0xfe, 0xe4, 0x9d, 0xfd, 
0xea, 0x10, 0x70, 0x58, 0x0, 0xe4, 0x9c, 0xfc, 0x22, 0x90, 0x5, 0xc, 0xe0, 
0xea, 0x10, 0x70, 0x60, 0x0, 0xfe, 0x33, 0x95, 0xe0, 0x90, 0x9, 0x10, 0xf0, 
0xea, 0x10, 0x70, 0x68, 0x0, 0xa3, 0xce, 0xf0, 0x90, 0x4, 0x71, 0xe0, 0xfd, 
0xea, 0x10, 0x70, 0x70, 0x0, 0x33, 0x95, 0xe0, 0xfc, 0x90, 0x9, 0x10, 0xe0, 
0xea, 0x10, 0x70, 0x78, 0x0, 0xfe, 0xa3, 0xe0, 0xff, 0xd3, 0x9d, 0xec, 0x64, 
0xea, 0x10, 0x70, 0x80, 0x0, 0x80, 0xf8, 0xee, 0x64, 0x80, 0x98, 0x50, 0x13, 
0xea, 0x10, 0x70, 0x88, 0x0, 0x12, 0x67, 0xd4, 0x90, 0x9, 0x11, 0xe0, 0x4, 
0xea, 0x10, 0x70, 0x90, 0x0, 0xf0, 0x70, 0xd8, 0x90, 0x9, 0x10, 0xe0, 0x4, 
0xea, 0x10, 0x70, 0x98, 0x0, 0xf0, 0x80, 0xd0, 0x22, 0x90, 0x9, 0x9c, 0xee, 
0xea, 0x10, 0x70, 0xa0, 0x0, 0xf0, 0xa3, 0xef, 0xf0, 0xe4, 0xa3, 0xf0, 0xa3, 
0xea, 0x10, 0x70, 0xa8, 0x0, 0xf0, 0x90, 0x9, 0x9c, 0xe0, 0xfe, 0xa3, 0xe0, 
0xea, 0x10, 0x70, 0xb0, 0x0, 0xff, 0xc3, 0x90, 0x9, 0x9f, 0xe0, 0x9f, 0xee, 
0xea, 0x10, 0x70, 0xb8, 0x0, 0x64, 0x80, 0xf8, 0x90, 0x9, 0x9e, 0xe0, 0x64, 
0xea, 0x10, 0x70, 0xc0, 0x0, 0x80, 0x98, 0x50, 0x17, 0x7f, 0xe8, 0x7e, 0x3, 
0xea, 0x10, 0x70, 0xc8, 0x0, 0x12, 0x6f, 0xdc, 0x90, 0x9, 0x9f, 0xe0, 0x4, 
0xea, 0x10, 0x70, 0xd0, 0x0, 0xf0, 0x70, 0xd6, 0x90, 0x9, 0x9e, 0xe0, 0x4, 
0xea, 0x10, 0x70, 0xd8, 0x0, 0xf0, 0x80, 0xce, 0x22, 0x7e, 0x0, 0x7f, 0xc, 
0xea, 0x10, 0x70, 0xe0, 0x0, 0x7d, 0x0, 0x7b, 0x1, 0x7a, 0x5, 0x79, 0xb2, 
0xea, 0x10, 0x70, 0xe8, 0x0, 0x12, 0x1d, 0x4f, 0x7e, 0x0, 0x7f, 0xc, 0x7d, 
0xea, 0x10, 0x70, 0xf0, 0x0, 0x0, 0x7b, 0x1, 0x7a, 0x5, 0x79, 0xbe, 0x12, 
0xea, 0x10, 0x70, 0xf8, 0x0, 0x1d, 0x4f, 0x7e, 0x0, 0x7f, 0xc, 0x7d, 0x0, 
0xea, 0x10, 0x71, 0x0, 0x0, 0x7b, 0x1, 0x7a, 0x4, 0x79, 0xc2, 0x12, 0x1d, 
0xea, 0x10, 0x71, 0x8, 0x0, 0x4f, 0x7e, 0x0, 0x7f, 0xc, 0x7d, 0x0, 0x7b, 
0xea, 0x10, 0x71, 0x10, 0x0, 0x1, 0x7a, 0x4, 0x79, 0xd4, 0x2, 0x1d, 0x4f, 
0xea, 0x10, 0x71, 0x18, 0x0, 0xe4, 0xf5, 0x98, 0xf5, 0x99, 0xf5, 0xf8, 0x90, 
0xea, 0x10, 0x71, 0x20, 0x0, 0x8, 0xcb, 0xf0, 0xa3, 0xf0, 0x90, 0x8, 0x5a, 
0xea, 0x10, 0x71, 0x28, 0x0, 0xf0, 0x90, 0x8, 0x61, 0xf0, 0x90, 0x8, 0x5e, 
0xea, 0x10, 0x71, 0x30, 0x0, 0xf0, 0x90, 0x8, 0x62, 0xf0, 0xfe, 0x7f, 0x20, 
0xea, 0x10, 0x71, 0x38, 0x0, 0xfd, 0x7b, 0x1, 0x7a, 0x8, 0x79, 0x3a, 0x12, 
0xea, 0x10, 0x71, 0x40, 0x0, 0x1d, 0x4f, 0x75, 0xf9, 0x7f, 0x75, 0xfb, 0xbe, 
0xea, 0x10, 0x71, 0x48, 0x0, 0xe4, 0xf5, 0xf8, 0x75, 0xf8, 0x88, 0x22, 0x90, 
0xea, 0x10, 0x71, 0x50, 0x0, 0xa0, 0x0, 0x74, 0x20, 0xf0, 0xe4, 0x90, 0xa0, 
0xea, 0x10, 0x71, 0x58, 0x0, 0x1, 0xf0, 0x90, 0xa0, 0x9, 0xf0, 0x90, 0xa0, 
0xea, 0x10, 0x71, 0x60, 0x0, 0x11, 0xf0, 0x90, 0xa0, 0x14, 0x74, 0xff, 0xf0, 
0xea, 0x10, 0x71, 0x68, 0x0, 0x90, 0xa0, 0x16, 0xf0, 0x90, 0xa0, 0x17, 0xf0, 
0xea, 0x10, 0x71, 0x70, 0x0, 0x90, 0xa0, 0x18, 0xf0, 0x90, 0xa0, 0x19, 0x74, 
0xea, 0x10, 0x71, 0x78, 0x0, 0x7f, 0xf0, 0x90, 0xa0, 0x1c, 0xf0, 0x75, 0x90, 
0xea, 0x10, 0x71, 0x80, 0x0, 0xcf, 0x22, 0xe4, 0x90, 0x9, 0x31, 0xf0, 0xa3, 
0xea, 0x10, 0x71, 0x88, 0x0, 0xf0, 0x90, 0x9, 0x31, 0xe0, 0xfe, 0xa3, 0xe0, 
0xea, 0x10, 0x71, 0x90, 0x0, 0xff, 0xc3, 0x94, 0x6, 0xee, 0x64, 0x80, 0x94, 
0xea, 0x10, 0x71, 0x98, 0x0, 0x80, 0x50, 0x16, 0x12, 0x59, 0xb0, 0x12, 0x73, 
0xea, 0x10, 0x71, 0xa0, 0x0, 0x5, 0x90, 0x9, 0x32, 0xe0, 0x4, 0xf0, 0x70, 
0xea, 0x10, 0x71, 0xa8, 0x0, 0xe0, 0x90, 0x9, 0x31, 0xe0, 0x4, 0xf0, 0x80, 
0xea, 0x10, 0x71, 0xb0, 0x0, 0xd8, 0x2, 0x73, 0x5, 0x90, 0x8, 0xe3, 0xe0, 
0xea, 0x10, 0x71, 0xb8, 0x0, 0xfb, 0xa3, 0xe0, 0xfa, 0xa3, 0xe0, 0xf9, 0x12, 
0xea, 0x10, 0x71, 0xc0, 0x0, 0x1b, 0x46, 0xff, 0x90, 0x0, 0x1, 0x12, 0x1b, 
0xea, 0x10, 0x71, 0xc8, 0x0, 0x5f, 0xfd, 0xe4, 0x90, 0x9, 0xa, 0xf0, 0xfb, 
0xea, 0x10, 0x71, 0xd0, 0x0, 0x90, 0x8, 0x67, 0xef, 0xf0, 0xa3, 0xed, 0xf0, 
0xea, 0x10, 0x71, 0xd8, 0x0, 0xa3, 0xeb, 0xf0, 0x90, 0x9, 0xa, 0xe0, 0x90, 
0xea, 0x10, 0x71, 0xe0, 0x0, 0x8, 0x6a, 0xf0, 0x22, 0x90, 0xa0, 0x15, 0xe0, 
0xea, 0x10, 0x71, 0xe8, 0x0, 0x90, 0x8, 0x6b, 0xf0, 0x90, 0xa0, 0x16, 0xe0, 
0xea, 0x10, 0x71, 0xf0, 0x0, 0x90, 0x8, 0x6c, 0xf0, 0x90, 0xa0, 0x1a, 0xe0, 
0xea, 0x10, 0x71, 0xf8, 0x0, 0x90, 0x8, 0x6d, 0xf0, 0x90, 0xa0, 0x1b, 0xe0, 
0xea, 0x10, 0x72, 0x0, 0x0, 0x90, 0x8, 0x6e, 0xf0, 0x90, 0xa0, 0x1c, 0xe0, 
0xea, 0x10, 0x72, 0x8, 0x0, 0x90, 0x8, 0x6f, 0xf0, 0xa3, 0xe5, 0x90, 0xf0, 
0xea, 0x10, 0x72, 0x10, 0x0, 0x22, 0xff, 0xe0, 0xfc, 0xa3, 0xe0, 0xfd, 0xc3, 
0xea, 0x10, 0x72, 0x18, 0x0, 0xee, 0x64, 0x80, 0x94, 0x80, 0x50, 0x4, 0xe4, 
0xea, 0x10, 0x72, 0x20, 0x0, 0xfe, 0xff, 0x22, 0xc3, 0xef, 0x9d, 0xec, 0x64, 
0xea, 0x10, 0x72, 0x28, 0x0, 0x80, 0xf8, 0xee, 0x64, 0x80, 0x98, 0x40, 0x9, 
0xea, 0x10, 0x72, 0x30, 0x0, 0xed, 0x24, 0xff, 0xff, 0xec, 0x34, 0xff, 0xfe, 
0xea, 0x10, 0x72, 0x38, 0x0, 0x22, 0x22, 0x90, 0x9, 0x33, 0xef, 0xf0, 0xe4, 
0xea, 0x10, 0x72, 0x40, 0x0, 0xa3, 0xf0, 0x90, 0x9, 0x33, 0xe0, 0xff, 0xa3, 
0xea, 0x10, 0x72, 0x48, 0x0, 0xe0, 0xc3, 0x9f, 0x50, 0x13, 0xc2, 0x8f, 0x75, 
0xea, 0x10, 0x72, 0x50, 0x0, 0x8d, 0xff, 0x75, 0x8b, 0x37, 0x12, 0x73, 0x1a, 
0xea, 0x10, 0x72, 0x58, 0x0, 0x90, 0x9, 0x34, 0xe0, 0x4, 0xf0, 0x80, 0xe2, 
0xea, 0x10, 0x72, 0x60, 0x0, 0x22, 0x90, 0x9, 0x33, 0xef, 0xf0, 0xe4, 0xa3, 
0xea, 0x10, 0x72, 0x68, 0x0, 0xf0, 0x90, 0x9, 0x33, 0xe0, 0xff, 0xa3, 0xe0, 
0xea, 0x10, 0x72, 0x70, 0x0, 0xc3, 0x9f, 0x50, 0x13, 0xc2, 0x8f, 0x75, 0x8d, 
0xea, 0x10, 0x72, 0x78, 0x0, 0xf8, 0x75, 0x8b, 0x2f, 0x12, 0x73, 0x1a, 0x90, 
0xea, 0x10, 0x72, 0x80, 0x0, 0x9, 0x34, 0xe0, 0x4, 0xf0, 0x80, 0xe2, 0x22, 
0xea, 0x10, 0x72, 0x88, 0x0, 0x12, 0x73, 0x5, 0x7f, 0x1d, 0x12, 0x6b, 0xab, 
0xea, 0x10, 0x72, 0x90, 0x0, 0x7b, 0x61, 0x7a, 0x0, 0x7d, 0x90, 0x7c, 0x17, 
0xea, 0x10, 0x72, 0x98, 0x0, 0x7f, 0x0, 0x7e, 0x77, 0x12, 0x64, 0x95, 0x2, 
0xea, 0x10, 0x72, 0xa0, 0x0, 0x73, 0x5, 0x75, 0xe8, 0xaa, 0x75, 0xe8, 0x55, 
0xea, 0x10, 0x72, 0xa8, 0x0, 0xe4, 0x90, 0xa0, 0x1f, 0xf0, 0x90, 0xa0, 0x1d, 
0xea, 0x10, 0x72, 0xb0, 0x0, 0x74, 0xff, 0xf0, 0xe4, 0xa3, 0xf0, 0xf5, 0xe8, 
0xea, 0x10, 0x72, 0xb8, 0x0, 0x22, 0x90, 0x8, 0x62, 0xe0, 0x24, 0x20, 0xc3, 
0xea, 0x10, 0x72, 0xc0, 0x0, 0x9f, 0x54, 0x1f, 0x24, 0x3a, 0xf5, 0x82, 0xe4, 
0xea, 0x10, 0x72, 0xc8, 0x0, 0x34, 0x8, 0xf5, 0x83, 0xe0, 0xff, 0x22, 0x12, 
0xea, 0x10, 0x72, 0xd0, 0x0, 0x73, 0x5, 0x7b, 0x61, 0x7a, 0x0, 0x7d, 0x90, 
0xea, 0x10, 0x72, 0xd8, 0x0, 0x7c, 0x17, 0x7f, 0x0, 0x7e, 0x77, 0x12, 0x65, 
0xea, 0x10, 0x72, 0xe0, 0x0, 0x71, 0x2, 0x73, 0x5, 0xe4, 0x90, 0x5, 0xe0, 
0xea, 0x10, 0x72, 0xe8, 0x0, 0xf0, 0xa3, 0xf0, 0xfe, 0x7f, 0x6, 0xfd, 0x7b, 
0xea, 0x10, 0x72, 0xf0, 0x0, 0x1, 0x7a, 0x4, 0x79, 0xf2, 0x2, 0x1d, 0x4f, 
0xea, 0x10, 0x72, 0xf8, 0x0, 0x90, 0x17, 0xff, 0xf0, 0x90, 0x17, 0xfb, 0x74, 
0xea, 0x10, 0x73, 0x0, 0x0, 0x11, 0xf0, 0x75, 0x86, 0x7f, 0xd2, 0xae, 0xd2, 
0xea, 0x10, 0x73, 0x8, 0x0, 0xbe, 0x22, 0xd2, 0x90, 0x7f, 0x1, 0x12, 0x72, 
0xea, 0x10, 0x73, 0x10, 0x0, 0x61, 0xc2, 0x90, 0x7f, 0x1, 0x12, 0x72, 0x61, 
0xea, 0x10, 0x73, 0x18, 0x0, 0x80, 0xf0, 0x43, 0x89, 0x10, 0x43, 0x88, 0x40, 
0xea, 0x10, 0x73, 0x20, 0x0, 0x12, 0x73, 0x5, 0x30, 0x8f, 0xfa, 0x53, 0x88, 
0xea, 0x10, 0x73, 0x28, 0x0, 0xbf, 0x22, 0x75, 0x86, 0xbf, 0xe4, 0xf5, 0x9a, 
0xea, 0x10, 0x73, 0x30, 0x0, 0xc2, 0xae, 0xc2, 0xbe, 0xd2, 0xae, 0xd2, 0xbe, 
0xea, 0x10, 0x73, 0x38, 0x0, 0x22, 0xe4, 0xfe, 0xee, 0xc3, 0x9f, 0x50, 0x3, 
0xea, 0x10, 0x73, 0x40, 0x0, 0xe, 0x80, 0xf8, 0x22, 0xef, 0x60, 0x3, 0xc2, 
0xea, 0x10, 0x73, 0x48, 0x0, 0x91, 0x22, 0xd2, 0x91, 0x22, 0xe4, 0x90, 0xa0, 
0xea, 0x10, 0x73, 0x50, 0x0, 0xe, 0xf0, 0x75, 0x96, 0x30, 0x22, 0xe4, 0xf5, 
0xea, 0x10, 0x73, 0x58, 0x0, 0x9a, 0xc2, 0xae, 0xc2, 0xbe, 0x22, 0x74, 0x33, 
0xea, 0x10, 0x73, 0x60, 0x0, 0x12, 0x72, 0xf8, 0x80, 0xfe, 0x74, 0x88, 0x12, 
0xea, 0x10, 0x73, 0x68, 0x0, 0x72, 0xf8, 0x80, 0xfe, 0x75, 0x8a, 0xe0, 0x75, 
0xea, 0x10, 0x73, 0x70, 0x0, 0x8c, 0xf6, 0x32, 0xe4, 0xff, 0x2, 0x73, 0x44, 
0xea, 0x10, 0x73, 0x78, 0x0, 0xe4, 0xf5, 0x96, 0x22, 0x23, 0x27, 0x2b, 0xff, 
0xea, 0x10, 0x73, 0x80, 0x0, 0xff, 0xff, 0xff, 0xff, 0xff, 0xff, 0xff, 0xff, 
0xea, 0x10, 0x73, 0x88, 0x0, 0xff, 0xff, 0xff, 0xff, 0xff, 0xff, 0xff, 0xff, 
0xea, 0x10, 0x73, 0x90, 0x0, 0xff, 0xff, 0xff, 0xff, 0xff, 0xff, 0xff, 0xff, 
0xea, 0x10, 0x73, 0x98, 0x0, 0xff, 0xff, 0xff, 0xff, 0xff, 0xff, 0xff, 0xff, 
0xea, 0x10, 0x73, 0xa0, 0x0, 0xff, 0xff, 0xff, 0xff, 0xff, 0xff, 0xff, 0xff, 
0xea, 0x10, 0x73, 0xa8, 0x0, 0xff, 0xff, 0xff, 0xff, 0xff, 0xff, 0xff, 0xff, 
0xea, 0x10, 0x73, 0xb0, 0x0, 0xff, 0xff, 0xff, 0xff, 0xff, 0xff, 0xff, 0xff, 
0xea, 0x10, 0x73, 0xb8, 0x0, 0xff, 0xff, 0xff, 0xff, 0xff, 0xff, 0xff, 0xff, 
0xea, 0x10, 0x73, 0xc0, 0x0, 0xff, 0xff, 0xff, 0xff, 0xff, 0xff, 0xff, 0xff, 
0xea, 0x10, 0x73, 0xc8, 0x0, 0xff, 0xff, 0xff, 0xff, 0xff, 0xff, 0xff, 0xff, 
0xea, 0x10, 0x73, 0xd0, 0x0, 0xff, 0xff, 0xff, 0xff, 0xff, 0xff, 0xff, 0xff, 
0xea, 0x10, 0x73, 0xd8, 0x0, 0xff, 0xff, 0xff, 0xff, 0xff, 0xff, 0xff, 0xff, 
0xea, 0x10, 0x73, 0xe0, 0x0, 0xff, 0xff, 0xff, 0xff, 0xff, 0xff, 0xff, 0xff, 
0xea, 0x10, 0x73, 0xe8, 0x0, 0xff, 0xff, 0xff, 0xff, 0xff, 0xff, 0xff, 0xff, 
0xea, 0x10, 0x73, 0xf0, 0x0, 0xff, 0xff, 0xff, 0xff, 0xff, 0xff, 0xff, 0xff, 
0xea, 0x10, 0x73, 0xf8, 0x0, 0xff, 0xff, 0xff, 0xff, 0xff, 0xff, 0xff, 0xff, 
0xea, 0x10, 0x74, 0x0, 0x0, 0xff, 0xff, 0xff, 0xff, 0xff, 0xff, 0xff, 0xff, 
0xea, 0x10, 0x74, 0x8, 0x0, 0xff, 0xff, 0xff, 0xff, 0xff, 0xff, 0xff, 0xff, 
0xea, 0x10, 0x74, 0x10, 0x0, 0xff, 0xff, 0xff, 0xff, 0xff, 0xff, 0xff, 0xff, 
0xea, 0x10, 0x74, 0x18, 0x0, 0xff, 0xff, 0xff, 0xff, 0xff, 0xff, 0xff, 0xff, 
0xea, 0x10, 0x74, 0x20, 0x0, 0xff, 0xff, 0xff, 0xff, 0xff, 0xff, 0xff, 0xff, 
0xea, 0x10, 0x74, 0x28, 0x0, 0xff, 0xff, 0xff, 0xff, 0xff, 0xff, 0xff, 0xff, 
0xea, 0x10, 0x74, 0x30, 0x0, 0xff, 0xff, 0xff, 0xff, 0xff, 0xff, 0xff, 0xff, 
0xea, 0x10, 0x74, 0x38, 0x0, 0xff, 0xff, 0xff, 0xff, 0xff, 0xff, 0xff, 0xff, 
0xea, 0x10, 0x74, 0x40, 0x0, 0xff, 0xff, 0xff, 0xff, 0xff, 0xff, 0xff, 0xff, 
0xea, 0x10, 0x74, 0x48, 0x0, 0xff, 0xff, 0xff, 0xff, 0xff, 0xff, 0xff, 0xff, 
0xea, 0x10, 0x74, 0x50, 0x0, 0xff, 0xff, 0xff, 0xff, 0xff, 0xff, 0xff, 0xff, 
0xea, 0x10, 0x74, 0x58, 0x0, 0xff, 0xff, 0xff, 0xff, 0xff, 0xff, 0xff, 0xff, 
0xea, 0x10, 0x74, 0x60, 0x0, 0xff, 0xff, 0xff, 0xff, 0xff, 0xff, 0xff, 0xff, 
0xea, 0x10, 0x74, 0x68, 0x0, 0xff, 0xff, 0xff, 0xff, 0xff, 0xff, 0xff, 0xff, 
0xea, 0x10, 0x74, 0x70, 0x0, 0xff, 0xff, 0xff, 0xff, 0xff, 0xff, 0xff, 0xff, 
0xea, 0x10, 0x74, 0x78, 0x0, 0xff, 0xff, 0xff, 0xff, 0xff, 0xff, 0xff, 0xff, 
0xea, 0x10, 0x74, 0x80, 0x0, 0xff, 0xff, 0xff, 0xff, 0xff, 0xff, 0xff, 0xff, 
0xea, 0x10, 0x74, 0x88, 0x0, 0xff, 0xff, 0xff, 0xff, 0xff, 0xff, 0xff, 0xff, 
0xea, 0x10, 0x74, 0x90, 0x0, 0xff, 0xff, 0xff, 0xff, 0xff, 0xff, 0xff, 0xff, 
0xea, 0x10, 0x74, 0x98, 0x0, 0xff, 0xff, 0xff, 0xff, 0xff, 0xff, 0xff, 0xff, 
0xea, 0x10, 0x74, 0xa0, 0x0, 0xff, 0xff, 0xff, 0xff, 0xff, 0xff, 0xff, 0xff, 
0xea, 0x10, 0x74, 0xa8, 0x0, 0xff, 0xff, 0xff, 0xff, 0xff, 0xff, 0xff, 0xff, 
0xea, 0x10, 0x74, 0xb0, 0x0, 0xff, 0xff, 0xff, 0xff, 0xff, 0xff, 0xff, 0xff, 
0xea, 0x10, 0x74, 0xb8, 0x0, 0xff, 0xff, 0xff, 0xff, 0xff, 0xff, 0xff, 0xff, 
0xea, 0x10, 0x74, 0xc0, 0x0, 0xff, 0xff, 0xff, 0xff, 0xff, 0xff, 0xff, 0xff, 
0xea, 0x10, 0x74, 0xc8, 0x0, 0xff, 0xff, 0xff, 0xff, 0xff, 0xff, 0xff, 0xff, 
0xea, 0x10, 0x74, 0xd0, 0x0, 0xff, 0xff, 0xff, 0xff, 0xff, 0xff, 0xff, 0xff, 
0xea, 0x10, 0x74, 0xd8, 0x0, 0xff, 0xff, 0xff, 0xff, 0xff, 0xff, 0xff, 0xff, 
0xea, 0x10, 0x74, 0xe0, 0x0, 0xff, 0xff, 0xff, 0xff, 0xff, 0xff, 0xff, 0xff, 
0xea, 0x10, 0x74, 0xe8, 0x0, 0xff, 0xff, 0xff, 0xff, 0xff, 0xff, 0xff, 0xff, 
0xea, 0x10, 0x74, 0xf0, 0x0, 0xff, 0xff, 0xff, 0xff, 0xff, 0xff, 0xff, 0xff, 
0xea, 0x10, 0x74, 0xf8, 0x0, 0xff, 0xff, 0xff, 0xff, 0xff, 0xff, 0xff, 0xff, 
0xea, 0x10, 0x75, 0x0, 0x0, 0xff, 0xff, 0xff, 0xff, 0xff, 0xff, 0xff, 0xff, 
0xea, 0x10, 0x75, 0x8, 0x0, 0xff, 0xff, 0xff, 0xff, 0xff, 0xff, 0xff, 0xff, 
0xea, 0x10, 0x75, 0x10, 0x0, 0xff, 0xff, 0xff, 0xff, 0xff, 0xff, 0xff, 0xff, 
0xea, 0x10, 0x75, 0x18, 0x0, 0xff, 0xff, 0xff, 0xff, 0xff, 0xff, 0xff, 0xff, 
0xea, 0x10, 0x75, 0x20, 0x0, 0xff, 0xff, 0xff, 0xff, 0xff, 0xff, 0xff, 0xff, 
0xea, 0x10, 0x75, 0x28, 0x0, 0xff, 0xff, 0xff, 0xff, 0xff, 0xff, 0xff, 0xff, 
0xea, 0x10, 0x75, 0x30, 0x0, 0xff, 0xff, 0xff, 0xff, 0xff, 0xff, 0xff, 0xff, 
0xea, 0x10, 0x75, 0x38, 0x0, 0xff, 0xff, 0xff, 0xff, 0xff, 0xff, 0xff, 0xff, 
0xea, 0x10, 0x75, 0x40, 0x0, 0xff, 0xff, 0xff, 0xff, 0xff, 0xff, 0xff, 0xff, 
0xea, 0x10, 0x75, 0x48, 0x0, 0xff, 0xff, 0xff, 0xff, 0xff, 0xff, 0xff, 0xff, 
0xea, 0x10, 0x75, 0x50, 0x0, 0xff, 0xff, 0xff, 0xff, 0xff, 0xff, 0xff, 0xff, 
0xea, 0x10, 0x75, 0x58, 0x0, 0xff, 0xff, 0xff, 0xff, 0xff, 0xff, 0xff, 0xff, 
0xea, 0x10, 0x75, 0x60, 0x0, 0xff, 0xff, 0xff, 0xff, 0xff, 0xff, 0xff, 0xff, 
0xea, 0x10, 0x75, 0x68, 0x0, 0xff, 0xff, 0xff, 0xff, 0xff, 0xff, 0xff, 0xff, 
0xea, 0x10, 0x75, 0x70, 0x0, 0xff, 0xff, 0xff, 0xff, 0xff, 0xff, 0xff, 0xff, 
0xea, 0x10, 0x75, 0x78, 0x0, 0xff, 0xff, 0xff, 0xff, 0xff, 0xff, 0xff, 0xff, 
0xea, 0x10, 0x75, 0x80, 0x0, 0xff, 0xff, 0xff, 0xff, 0xff, 0xff, 0xff, 0xff, 
0xea, 0x10, 0x75, 0x88, 0x0, 0xff, 0xff, 0xff, 0xff, 0xff, 0xff, 0xff, 0xff, 
0xea, 0x10, 0x75, 0x90, 0x0, 0xff, 0xff, 0xff, 0xff, 0xff, 0xff, 0xff, 0xff, 
0xea, 0x10, 0x75, 0x98, 0x0, 0xff, 0xff, 0xff, 0xff, 0xff, 0xff, 0xff, 0xff, 
0xea, 0x10, 0x75, 0xa0, 0x0, 0xff, 0xff, 0xff, 0xff, 0xff, 0xff, 0xff, 0xff, 
0xea, 0x10, 0x75, 0xa8, 0x0, 0xff, 0xff, 0xff, 0xff, 0xff, 0xff, 0xff, 0xff, 
0xea, 0x10, 0x75, 0xb0, 0x0, 0xff, 0xff, 0xff, 0xff, 0xff, 0xff, 0xff, 0xff, 
0xea, 0x10, 0x75, 0xb8, 0x0, 0xff, 0xff, 0xff, 0xff, 0xff, 0xff, 0xff, 0xff, 
0xea, 0x10, 0x75, 0xc0, 0x0, 0xff, 0xff, 0xff, 0xff, 0xff, 0xff, 0xff, 0xff, 
0xea, 0x10, 0x75, 0xc8, 0x0, 0xff, 0xff, 0xff, 0xff, 0xff, 0xff, 0xff, 0xff, 
0xea, 0x10, 0x75, 0xd0, 0x0, 0xff, 0xff, 0xff, 0xff, 0xff, 0xff, 0xff, 0xff, 
0xea, 0x10, 0x75, 0xd8, 0x0, 0xff, 0xff, 0xff, 0xff, 0xff, 0xff, 0xff, 0xff, 
0xea, 0x10, 0x75, 0xe0, 0x0, 0xff, 0xff, 0xff, 0xff, 0xff, 0xff, 0xff, 0xff, 
0xea, 0x10, 0x75, 0xe8, 0x0, 0xff, 0xff, 0xff, 0xff, 0xff, 0xff, 0xff, 0xff, 
0xea, 0x10, 0x75, 0xf0, 0x0, 0xff, 0xff, 0xff, 0xff, 0xff, 0xff, 0xff, 0xff, 
0xea, 0x10, 0x75, 0xf8, 0x0, 0xff, 0xff, 0xff, 0xff, 0xff, 0xff, 0xff, 0xff, 
0xea, 0x10, 0x76, 0x0, 0x0, 0xff, 0xff, 0xff, 0xff, 0xff, 0xff, 0xff, 0xff, 
0xea, 0x10, 0x76, 0x8, 0x0, 0xff, 0xff, 0xff, 0xff, 0xff, 0xff, 0xff, 0xff, 
0xea, 0x10, 0x76, 0x10, 0x0, 0xff, 0xff, 0xff, 0xff, 0xff, 0xff, 0xff, 0xff, 
0xea, 0x10, 0x76, 0x18, 0x0, 0xff, 0xff, 0xff, 0xff, 0xff, 0xff, 0xff, 0xff, 
0xea, 0x10, 0x76, 0x20, 0x0, 0xff, 0xff, 0xff, 0xff, 0xff, 0xff, 0xff, 0xff, 
0xea, 0x10, 0x76, 0x28, 0x0, 0xff, 0xff, 0xff, 0xff, 0xff, 0xff, 0xff, 0xff, 
0xea, 0x10, 0x76, 0x30, 0x0, 0xff, 0xff, 0xff, 0xff, 0xff, 0xff, 0xff, 0xff, 
0xea, 0x10, 0x76, 0x38, 0x0, 0xff, 0xff, 0xff, 0xff, 0xff, 0xff, 0xff, 0xff, 
0xea, 0x10, 0x76, 0x40, 0x0, 0xff, 0xff, 0xff, 0xff, 0xff, 0xff, 0xff, 0xff, 
0xea, 0x10, 0x76, 0x48, 0x0, 0xff, 0xff, 0xff, 0xff, 0xff, 0xff, 0xff, 0xff, 
0xea, 0x10, 0x76, 0x50, 0x0, 0xff, 0xff, 0xff, 0xff, 0xff, 0xff, 0xff, 0xff, 
0xea, 0x10, 0x76, 0x58, 0x0, 0xff, 0xff, 0xff, 0xff, 0xff, 0xff, 0xff, 0xff, 
0xea, 0x10, 0x76, 0x60, 0x0, 0xff, 0xff, 0xff, 0xff, 0xff, 0xff, 0xff, 0xff, 
0xea, 0x10, 0x76, 0x68, 0x0, 0xff, 0xff, 0xff, 0xff, 0xff, 0xff, 0xff, 0xff, 
0xea, 0x10, 0x76, 0x70, 0x0, 0xff, 0xff, 0xff, 0xff, 0xff, 0xff, 0xff, 0xff, 
0xea, 0x10, 0x76, 0x78, 0x0, 0xff, 0xff, 0xff, 0xff, 0xff, 0xff, 0xff, 0xff, 
0xea, 0x10, 0x76, 0x80, 0x0, 0xff, 0xff, 0xff, 0xff, 0xff, 0xff, 0xff, 0xff, 
0xea, 0x10, 0x76, 0x88, 0x0, 0xff, 0xff, 0xff, 0xff, 0xff, 0xff, 0xff, 0xff, 
0xea, 0x10, 0x76, 0x90, 0x0, 0xff, 0xff, 0xff, 0xff, 0xff, 0xff, 0xff, 0xff, 
0xea, 0x10, 0x76, 0x98, 0x0, 0xff, 0xff, 0xff, 0xff, 0xff, 0xff, 0xff, 0xff, 
0xea, 0x10, 0x76, 0xa0, 0x0, 0xff, 0xff, 0xff, 0xff, 0xff, 0xff, 0xff, 0xff, 
0xea, 0x10, 0x76, 0xa8, 0x0, 0xff, 0xff, 0xff, 0xff, 0xff, 0xff, 0xff, 0xff, 
0xea, 0x10, 0x76, 0xb0, 0x0, 0xff, 0xff, 0xff, 0xff, 0xff, 0xff, 0xff, 0xff, 
0xea, 0x10, 0x76, 0xb8, 0x0, 0xff, 0xff, 0xff, 0xff, 0xff, 0xff, 0xff, 0xff, 
0xea, 0x10, 0x76, 0xc0, 0x0, 0xff, 0xff, 0xff, 0xff, 0xff, 0xff, 0xff, 0xff, 
0xea, 0x10, 0x76, 0xc8, 0x0, 0xff, 0xff, 0xff, 0xff, 0xff, 0xff, 0xff, 0xff, 
0xea, 0x10, 0x76, 0xd0, 0x0, 0xff, 0xff, 0xff, 0xff, 0xff, 0xff, 0xff, 0xff, 
0xea, 0x10, 0x76, 0xd8, 0x0, 0xff, 0xff, 0xff, 0xff, 0xff, 0xff, 0xff, 0xff, 
0xea, 0x10, 0x76, 0xe0, 0x0, 0xff, 0xff, 0xff, 0xff, 0xff, 0xff, 0xff, 0xff, 
0xea, 0x10, 0x76, 0xe8, 0x0, 0xff, 0xff, 0xff, 0xff, 0xff, 0xff, 0xff, 0xff, 
0xea, 0x10, 0x76, 0xf0, 0x0, 0xff, 0xff, 0xff, 0xff, 0xff, 0xff, 0xff, 0xff, 
0xea, 0x10, 0x76, 0xf8, 0x0, 0xff, 0xff, 0xff, 0xff, 0xff, 0xff, 0xff, 0xff, 
0xea, 0x10, 0x77, 0x0, 0x0, 0x1, 0x1, 0x0, 0x1b, 0x0, 0xff, 0xff, 0xff, 
0xea, 0x10, 0x77, 0x8, 0x0, 0x11, 0xa, 0x5, 0x1, 0x1, 0x0, 0x0, 0x0, 
0xea, 0x10, 0x77, 0x10, 0x0, 0x0, 0x0, 0x0, 0x0, 0x80, 0x8, 0x9, 0x0, 
0xea, 0x10, 0x77, 0x18, 0x0, 0xff, 0xff, 0xff, 0xff, 0x1, 0x40, 0x2, 0x80, 
0xea, 0x10, 0x77, 0x20, 0x0, 0x2, 0x80, 0x0, 0x0, 0x0, 0x1, 0x1, 0x0, 
0xea, 0x10, 0x77, 0x28, 0x0, 0x5, 0x0, 0x0, 0x1, 0x3, 0xc0, 0x2, 0x40, 
0xea, 0x10, 0x77, 0x30, 0x0, 0x1, 0x0, 0x6, 0x18, 0x8, 0x0, 0x8, 0x0, 
0xea, 0x10, 0x77, 0x38, 0x0, 0xa, 0x0, 0xfd, 0xc, 0x1f, 0xfd, 0xc, 0x1f, 
0xea, 0x10, 0x77, 0x40, 0x0, 0xfd, 0xc, 0x1f, 0xfd, 0xc, 0x1f, 0x0, 0x0, 
0xea, 0x10, 0x77, 0x48, 0x0, 0x0, 0x0, 0x0, 0x0, 0x0, 0x0, 0x0, 0x0, 
0xea, 0x10, 0x77, 0x50, 0x0, 0x0, 0x0, 0x0, 0x0, 0x0, 0x0, 0x0, 0x0, 
0xea, 0x10, 0x77, 0x58, 0x0, 0x0, 0x0, 0x0, 0x0, 0x0, 0x0, 0x0, 0x0, 
0xea, 0x10, 0x77, 0x60, 0x0, 0x0, 0x0, 0xff, 0xff, 0xff, 0xff, 0xff, 0xff,  
};
